"Season","PlayerId","Player","Position","Team","Conference","Category","StatType","Stat"
"2025","3949586","Jake Taylor","TE","Duke","ACC","receiving","LONG","16"
"2025","3949586","Jake Taylor","TE","Duke","ACC","receiving","REC","2"
"2025","3949586","Jake Taylor","TE","Duke","ACC","receiving","TD","0"
"2025","3949586","Jake Taylor","TE","Duke","ACC","receiving","YDS","20"
"2025","3949586","Jake Taylor","TE","Duke","ACC","receiving","YPR","10.0"
"2025","4360303","David Reese","DL","Syracuse","ACC","defensive","PD","3"
"2025","4360303","David Reese","DL","Syracuse","ACC","defensive","QB HUR","8"
"2025","4360303","David Reese","DL","Syracuse","ACC","defensive","SACKS","2"
"2025","4360303","David Reese","DL","Syracuse","ACC","defensive","SOLO","19"
"2025","4360303","David Reese","DL","Syracuse","ACC","defensive","TD","0"
"2025","4360303","David Reese","DL","Syracuse","ACC","defensive","TFL","3.5"
"2025","4360303","David Reese","DL","Syracuse","ACC","defensive","TOT","24"
"2025","4360303","David Reese","DL","Syracuse","ACC","fumbles","FUM","0"
"2025","4360303","David Reese","DL","Syracuse","ACC","fumbles","LOST","0"
"2025","4360303","David Reese","DL","Syracuse","ACC","fumbles","REC","2"
"2025","4362263","Jalynn Williams","RB","Pittsburgh","ACC","receiving","LONG","9"
"2025","4362263","Jalynn Williams","RB","Pittsburgh","ACC","receiving","REC","1"
"2025","4362263","Jalynn Williams","RB","Pittsburgh","ACC","receiving","TD","0"
"2025","4362263","Jalynn Williams","RB","Pittsburgh","ACC","receiving","YDS","9"
"2025","4362263","Jalynn Williams","RB","Pittsburgh","ACC","receiving","YPR","9.0"
"2025","4362263","Jalynn Williams","RB","Pittsburgh","ACC","rushing","CAR","5"
"2025","4362263","Jalynn Williams","RB","Pittsburgh","ACC","rushing","LONG","9"
"2025","4362263","Jalynn Williams","RB","Pittsburgh","ACC","rushing","TD","0"
"2025","4362263","Jalynn Williams","RB","Pittsburgh","ACC","rushing","YDS","23"
"2025","4362263","Jalynn Williams","RB","Pittsburgh","ACC","rushing","YPC","4.6"
"2025","4379471","Tyler Brown","WR","Clemson","ACC","defensive","PD","0"
"2025","4379471","Tyler Brown","WR","Clemson","ACC","defensive","QB HUR","0"
"2025","4379471","Tyler Brown","WR","Clemson","ACC","defensive","SACKS","0"
"2025","4379471","Tyler Brown","WR","Clemson","ACC","defensive","SOLO","0"
"2025","4379471","Tyler Brown","WR","Clemson","ACC","defensive","TD","0"
"2025","4379471","Tyler Brown","WR","Clemson","ACC","defensive","TFL","0"
"2025","4379471","Tyler Brown","WR","Clemson","ACC","defensive","TOT","1"
"2025","4379471","Tyler Brown","WR","Clemson","ACC","kickReturns","AVG","20.5"
"2025","4379471","Tyler Brown","WR","Clemson","ACC","kickReturns","LONG","22"
"2025","4379471","Tyler Brown","WR","Clemson","ACC","kickReturns","NO","2"
"2025","4379471","Tyler Brown","WR","Clemson","ACC","kickReturns","TD","0"
"2025","4379471","Tyler Brown","WR","Clemson","ACC","kickReturns","YDS","41"
"2025","4379471","Tyler Brown","WR","Clemson","ACC","receiving","LONG","23"
"2025","4379471","Tyler Brown","WR","Clemson","ACC","receiving","REC","22"
"2025","4379471","Tyler Brown","WR","Clemson","ACC","receiving","TD","0"
"2025","4379471","Tyler Brown","WR","Clemson","ACC","receiving","YDS","191"
"2025","4379471","Tyler Brown","WR","Clemson","ACC","receiving","YPR","8.7"
"2025","4379471","Tyler Brown","WR","Clemson","ACC","rushing","CAR","6"
"2025","4379471","Tyler Brown","WR","Clemson","ACC","rushing","LONG","21"
"2025","4379471","Tyler Brown","WR","Clemson","ACC","rushing","TD","1"
"2025","4379471","Tyler Brown","WR","Clemson","ACC","rushing","YDS","71"
"2025","4379471","Tyler Brown","WR","Clemson","ACC","rushing","YPC","11.8"
"2025","4426931","Antonio Clary","S","Virginia","ACC","defensive","PD","1"
"2025","4426931","Antonio Clary","S","Virginia","ACC","defensive","QB HUR","0"
"2025","4426931","Antonio Clary","S","Virginia","ACC","defensive","SACKS","0"
"2025","4426931","Antonio Clary","S","Virginia","ACC","defensive","SOLO","10"
"2025","4426931","Antonio Clary","S","Virginia","ACC","defensive","TD","0"
"2025","4426931","Antonio Clary","S","Virginia","ACC","defensive","TFL","1"
"2025","4426931","Antonio Clary","S","Virginia","ACC","defensive","TOT","27"
"2025","4426931","Antonio Clary","S","Virginia","ACC","interceptions","AVG","0.5"
"2025","4426931","Antonio Clary","S","Virginia","ACC","interceptions","INT","2"
"2025","4426931","Antonio Clary","S","Virginia","ACC","interceptions","TD","0"
"2025","4426931","Antonio Clary","S","Virginia","ACC","interceptions","YDS","1"
"2025","4428451","Brett Seither","TE","Georgia Tech","ACC","receiving","LONG","30"
"2025","4428451","Brett Seither","TE","Georgia Tech","ACC","receiving","REC","11"
"2025","4428451","Brett Seither","TE","Georgia Tech","ACC","receiving","TD","0"
"2025","4428451","Brett Seither","TE","Georgia Tech","ACC","receiving","YDS","212"
"2025","4428451","Brett Seither","TE","Georgia Tech","ACC","receiving","YPR","19.3"
"2025","4428559","Blaine Spires","DL","Pittsburgh","ACC","defensive","PD","0"
"2025","4428559","Blaine Spires","DL","Pittsburgh","ACC","defensive","QB HUR","3"
"2025","4428559","Blaine Spires","DL","Pittsburgh","ACC","defensive","SACKS","2.5"
"2025","4428559","Blaine Spires","DL","Pittsburgh","ACC","defensive","SOLO","9"
"2025","4428559","Blaine Spires","DL","Pittsburgh","ACC","defensive","TD","0"
"2025","4428559","Blaine Spires","DL","Pittsburgh","ACC","defensive","TFL","5.0"
"2025","4428559","Blaine Spires","DL","Pittsburgh","ACC","defensive","TOT","16"
"2025","4428652","Nate Temple","DL","Pittsburgh","ACC","defensive","PD","0"
"2025","4428652","Nate Temple","DL","Pittsburgh","ACC","defensive","QB HUR","3"
"2025","4428652","Nate Temple","DL","Pittsburgh","ACC","defensive","SACKS","0"
"2025","4428652","Nate Temple","DL","Pittsburgh","ACC","defensive","SOLO","5"
"2025","4428652","Nate Temple","DL","Pittsburgh","ACC","defensive","TD","0"
"2025","4428652","Nate Temple","DL","Pittsburgh","ACC","defensive","TFL","1.5"
"2025","4428652","Nate Temple","DL","Pittsburgh","ACC","defensive","TOT","11"
"2025","4428758","Smith Vilbert","DL","North Carolina","ACC","defensive","PD","2"
"2025","4428758","Smith Vilbert","DL","North Carolina","ACC","defensive","QB HUR","5"
"2025","4428758","Smith Vilbert","DL","North Carolina","ACC","defensive","SACKS","1"
"2025","4428758","Smith Vilbert","DL","North Carolina","ACC","defensive","SOLO","11"
"2025","4428758","Smith Vilbert","DL","North Carolina","ACC","defensive","TD","0"
"2025","4428758","Smith Vilbert","DL","North Carolina","ACC","defensive","TFL","6.0"
"2025","4428758","Smith Vilbert","DL","North Carolina","ACC","defensive","TOT","22"
"2025","4428758","Smith Vilbert","DL","North Carolina","ACC","fumbles","FUM","0"
"2025","4428758","Smith Vilbert","DL","North Carolina","ACC","fumbles","LOST","0"
"2025","4428758","Smith Vilbert","DL","North Carolina","ACC","fumbles","REC","2"
"2025","4428993","Haynes King","QB","Georgia Tech","ACC","fumbles","FUM","4"
"2025","4428993","Haynes King","QB","Georgia Tech","ACC","fumbles","LOST","2"
"2025","4428993","Haynes King","QB","Georgia Tech","ACC","fumbles","REC","0"
"2025","4428993","Haynes King","QB","Georgia Tech","ACC","passing","ATT","361"
"2025","4428993","Haynes King","QB","Georgia Tech","ACC","passing","COMPLETIONS","252"
"2025","4428993","Haynes King","QB","Georgia Tech","ACC","passing","INT","6"
"2025","4428993","Haynes King","QB","Georgia Tech","ACC","passing","PCT","0.698"
"2025","4428993","Haynes King","QB","Georgia Tech","ACC","passing","TD","14"
"2025","4428993","Haynes King","QB","Georgia Tech","ACC","passing","YDS","2951"
"2025","4428993","Haynes King","QB","Georgia Tech","ACC","passing","YPA","8.2"
"2025","4428993","Haynes King","QB","Georgia Tech","ACC","rushing","CAR","185"
"2025","4428993","Haynes King","QB","Georgia Tech","ACC","rushing","LONG","45"
"2025","4428993","Haynes King","QB","Georgia Tech","ACC","rushing","TD","15"
"2025","4428993","Haynes King","QB","Georgia Tech","ACC","rushing","YDS","953"
"2025","4428993","Haynes King","QB","Georgia Tech","ACC","rushing","YPC","5.2"
"2025","4429007","DeMonte Capehart","DT","Clemson","ACC","defensive","PD","2"
"2025","4429007","DeMonte Capehart","DT","Clemson","ACC","defensive","QB HUR","2"
"2025","4429007","DeMonte Capehart","DT","Clemson","ACC","defensive","SACKS","1"
"2025","4429007","DeMonte Capehart","DT","Clemson","ACC","defensive","SOLO","12"
"2025","4429007","DeMonte Capehart","DT","Clemson","ACC","defensive","TD","0"
"2025","4429007","DeMonte Capehart","DT","Clemson","ACC","defensive","TFL","2.5"
"2025","4429007","DeMonte Capehart","DT","Clemson","ACC","defensive","TOT","20"
"2025","4429162","Jaiden Francois","LB","Duke","ACC","defensive","PD","3"
"2025","4429162","Jaiden Francois","LB","Duke","ACC","defensive","QB HUR","2"
"2025","4429162","Jaiden Francois","LB","Duke","ACC","defensive","SACKS","1.0"
"2025","4429162","Jaiden Francois","LB","Duke","ACC","defensive","SOLO","30"
"2025","4429162","Jaiden Francois","LB","Duke","ACC","defensive","TD","0"
"2025","4429162","Jaiden Francois","LB","Duke","ACC","defensive","TFL","7.5"
"2025","4429162","Jaiden Francois","LB","Duke","ACC","defensive","TOT","73"
"2025","4429173","Bryce Farrell","WR","Stanford","ACC","defensive","PD","0"
"2025","4429173","Bryce Farrell","WR","Stanford","ACC","defensive","QB HUR","0"
"2025","4429173","Bryce Farrell","WR","Stanford","ACC","defensive","SACKS","0"
"2025","4429173","Bryce Farrell","WR","Stanford","ACC","defensive","SOLO","1"
"2025","4429173","Bryce Farrell","WR","Stanford","ACC","defensive","TD","0"
"2025","4429173","Bryce Farrell","WR","Stanford","ACC","defensive","TFL","0"
"2025","4429173","Bryce Farrell","WR","Stanford","ACC","defensive","TOT","1"
"2025","4429173","Bryce Farrell","WR","Stanford","ACC","kickReturns","AVG","19.0"
"2025","4429173","Bryce Farrell","WR","Stanford","ACC","kickReturns","LONG","19"
"2025","4429173","Bryce Farrell","WR","Stanford","ACC","kickReturns","NO","1"
"2025","4429173","Bryce Farrell","WR","Stanford","ACC","kickReturns","TD","0"
"2025","4429173","Bryce Farrell","WR","Stanford","ACC","kickReturns","YDS","19"
"2025","4429173","Bryce Farrell","WR","Stanford","ACC","puntReturns","AVG","4.0"
"2025","4429173","Bryce Farrell","WR","Stanford","ACC","puntReturns","LONG","4"
"2025","4429173","Bryce Farrell","WR","Stanford","ACC","puntReturns","NO","1"
"2025","4429173","Bryce Farrell","WR","Stanford","ACC","puntReturns","TD","0"
"2025","4429173","Bryce Farrell","WR","Stanford","ACC","puntReturns","YDS","4"
"2025","4429173","Bryce Farrell","WR","Stanford","ACC","receiving","LONG","68"
"2025","4429173","Bryce Farrell","WR","Stanford","ACC","receiving","REC","28"
"2025","4429173","Bryce Farrell","WR","Stanford","ACC","receiving","TD","2"
"2025","4429173","Bryce Farrell","WR","Stanford","ACC","receiving","YDS","447"
"2025","4429173","Bryce Farrell","WR","Stanford","ACC","receiving","YPR","16.0"
"2025","4429173","Bryce Farrell","WR","Stanford","ACC","rushing","CAR","5"
"2025","4429173","Bryce Farrell","WR","Stanford","ACC","rushing","LONG","7"
"2025","4429173","Bryce Farrell","WR","Stanford","ACC","rushing","TD","0"
"2025","4429173","Bryce Farrell","WR","Stanford","ACC","rushing","YDS","20"
"2025","4429173","Bryce Farrell","WR","Stanford","ACC","rushing","YPC","4.0"
"2025","4429190","Akheem Mesidor","DL","Miami","ACC","defensive","PD","0"
"2025","4429190","Akheem Mesidor","DL","Miami","ACC","defensive","QB HUR","6"
"2025","4429190","Akheem Mesidor","DL","Miami","ACC","defensive","SACKS","12.5"
"2025","4429190","Akheem Mesidor","DL","Miami","ACC","defensive","SOLO","38"
"2025","4429190","Akheem Mesidor","DL","Miami","ACC","defensive","TD","0"
"2025","4429190","Akheem Mesidor","DL","Miami","ACC","defensive","TFL","17.5"
"2025","4429190","Akheem Mesidor","DL","Miami","ACC","defensive","TOT","63"
"2025","4429256","Rashad Battle","DB","Pittsburgh","ACC","defensive","PD","5"
"2025","4429256","Rashad Battle","DB","Pittsburgh","ACC","defensive","QB HUR","0"
"2025","4429256","Rashad Battle","DB","Pittsburgh","ACC","defensive","SACKS","1"
"2025","4429256","Rashad Battle","DB","Pittsburgh","ACC","defensive","SOLO","28"
"2025","4429256","Rashad Battle","DB","Pittsburgh","ACC","defensive","TD","0"
"2025","4429256","Rashad Battle","DB","Pittsburgh","ACC","defensive","TFL","1.5"
"2025","4429256","Rashad Battle","DB","Pittsburgh","ACC","defensive","TOT","42"
"2025","4429256","Rashad Battle","DB","Pittsburgh","ACC","fumbles","FUM","0"
"2025","4429256","Rashad Battle","DB","Pittsburgh","ACC","fumbles","LOST","0"
"2025","4429256","Rashad Battle","DB","Pittsburgh","ACC","fumbles","REC","1"
"2025","4429371","Jahmeer Carter","DT","Virginia","ACC","defensive","PD","0"
"2025","4429371","Jahmeer Carter","DT","Virginia","ACC","defensive","QB HUR","1"
"2025","4429371","Jahmeer Carter","DT","Virginia","ACC","defensive","SACKS","0"
"2025","4429371","Jahmeer Carter","DT","Virginia","ACC","defensive","SOLO","1"
"2025","4429371","Jahmeer Carter","DT","Virginia","ACC","defensive","TD","0"
"2025","4429371","Jahmeer Carter","DT","Virginia","ACC","defensive","TFL","1.0"
"2025","4429371","Jahmeer Carter","DT","Virginia","ACC","defensive","TOT","31"
"2025","4430121","Aidan Keanaaina","DL","California","ACC","defensive","PD","0"
"2025","4430121","Aidan Keanaaina","DL","California","ACC","defensive","QB HUR","0"
"2025","4430121","Aidan Keanaaina","DL","California","ACC","defensive","SACKS","1.5"
"2025","4430121","Aidan Keanaaina","DL","California","ACC","defensive","SOLO","19"
"2025","4430121","Aidan Keanaaina","DL","California","ACC","defensive","TD","0"
"2025","4430121","Aidan Keanaaina","DL","California","ACC","defensive","TFL","2.5"
"2025","4430121","Aidan Keanaaina","DL","California","ACC","defensive","TOT","56"
"2025","4430185","Caullin Lacy","WR","Louisville","ACC","defensive","PD","0"
"2025","4430185","Caullin Lacy","WR","Louisville","ACC","defensive","QB HUR","0"
"2025","4430185","Caullin Lacy","WR","Louisville","ACC","defensive","SACKS","0"
"2025","4430185","Caullin Lacy","WR","Louisville","ACC","defensive","SOLO","1"
"2025","4430185","Caullin Lacy","WR","Louisville","ACC","defensive","TD","2"
"2025","4430185","Caullin Lacy","WR","Louisville","ACC","defensive","TFL","0"
"2025","4430185","Caullin Lacy","WR","Louisville","ACC","defensive","TOT","1"
"2025","4430185","Caullin Lacy","WR","Louisville","ACC","fumbles","FUM","1"
"2025","4430185","Caullin Lacy","WR","Louisville","ACC","fumbles","LOST","1"
"2025","4430185","Caullin Lacy","WR","Louisville","ACC","fumbles","REC","0"
"2025","4430185","Caullin Lacy","WR","Louisville","ACC","kickReturns","AVG","20.9"
"2025","4430185","Caullin Lacy","WR","Louisville","ACC","kickReturns","LONG","40"
"2025","4430185","Caullin Lacy","WR","Louisville","ACC","kickReturns","NO","12"
"2025","4430185","Caullin Lacy","WR","Louisville","ACC","kickReturns","TD","0"
"2025","4430185","Caullin Lacy","WR","Louisville","ACC","kickReturns","YDS","251"
"2025","4430185","Caullin Lacy","WR","Louisville","ACC","passing","ATT","1"
"2025","4430185","Caullin Lacy","WR","Louisville","ACC","passing","COMPLETIONS","1"
"2025","4430185","Caullin Lacy","WR","Louisville","ACC","passing","INT","0"
"2025","4430185","Caullin Lacy","WR","Louisville","ACC","passing","PCT","1.000"
"2025","4430185","Caullin Lacy","WR","Louisville","ACC","passing","TD","1"
"2025","4430185","Caullin Lacy","WR","Louisville","ACC","passing","YDS","2"
"2025","4430185","Caullin Lacy","WR","Louisville","ACC","passing","YPA","2.0"
"2025","4430185","Caullin Lacy","WR","Louisville","ACC","puntReturns","AVG","18.2"
"2025","4430185","Caullin Lacy","WR","Louisville","ACC","puntReturns","LONG","93"
"2025","4430185","Caullin Lacy","WR","Louisville","ACC","puntReturns","NO","25"
"2025","4430185","Caullin Lacy","WR","Louisville","ACC","puntReturns","TD","2"
"2025","4430185","Caullin Lacy","WR","Louisville","ACC","puntReturns","YDS","454"
"2025","4430185","Caullin Lacy","WR","Louisville","ACC","receiving","LONG","48"
"2025","4430185","Caullin Lacy","WR","Louisville","ACC","receiving","REC","60"
"2025","4430185","Caullin Lacy","WR","Louisville","ACC","receiving","TD","2"
"2025","4430185","Caullin Lacy","WR","Louisville","ACC","receiving","YDS","635"
"2025","4430185","Caullin Lacy","WR","Louisville","ACC","receiving","YPR","10.6"
"2025","4430185","Caullin Lacy","WR","Louisville","ACC","rushing","CAR","15"
"2025","4430185","Caullin Lacy","WR","Louisville","ACC","rushing","LONG","11"
"2025","4430185","Caullin Lacy","WR","Louisville","ACC","rushing","TD","0"
"2025","4430185","Caullin Lacy","WR","Louisville","ACC","rushing","YDS","53"
"2025","4430185","Caullin Lacy","WR","Louisville","ACC","rushing","YPC","3.5"
"2025","4430565","Will Nixon","RB","Syracuse","ACC","fumbles","FUM","3"
"2025","4430565","Will Nixon","RB","Syracuse","ACC","fumbles","LOST","1"
"2025","4430565","Will Nixon","RB","Syracuse","ACC","fumbles","REC","0"
"2025","4430565","Will Nixon","RB","Syracuse","ACC","kickReturns","AVG","12.3"
"2025","4430565","Will Nixon","RB","Syracuse","ACC","kickReturns","LONG","19"
"2025","4430565","Will Nixon","RB","Syracuse","ACC","kickReturns","NO","3"
"2025","4430565","Will Nixon","RB","Syracuse","ACC","kickReturns","TD","0"
"2025","4430565","Will Nixon","RB","Syracuse","ACC","kickReturns","YDS","37"
"2025","4430565","Will Nixon","RB","Syracuse","ACC","receiving","LONG","21"
"2025","4430565","Will Nixon","RB","Syracuse","ACC","receiving","REC","24"
"2025","4430565","Will Nixon","RB","Syracuse","ACC","receiving","TD","0"
"2025","4430565","Will Nixon","RB","Syracuse","ACC","receiving","YDS","173"
"2025","4430565","Will Nixon","RB","Syracuse","ACC","receiving","YPR","7.2"
"2025","4430565","Will Nixon","RB","Syracuse","ACC","rushing","CAR","107"
"2025","4430565","Will Nixon","RB","Syracuse","ACC","rushing","LONG","28"
"2025","4430565","Will Nixon","RB","Syracuse","ACC","rushing","TD","3"
"2025","4430565","Will Nixon","RB","Syracuse","ACC","rushing","YDS","432"
"2025","4430565","Will Nixon","RB","Syracuse","ACC","rushing","YPC","4.0"
"2025","4430604","Mohamed Toure","LB","Miami","ACC","defensive","PD","6"
"2025","4430604","Mohamed Toure","LB","Miami","ACC","defensive","QB HUR","1"
"2025","4430604","Mohamed Toure","LB","Miami","ACC","defensive","SACKS","2"
"2025","4430604","Mohamed Toure","LB","Miami","ACC","defensive","SOLO","38"
"2025","4430604","Mohamed Toure","LB","Miami","ACC","defensive","TD","0"
"2025","4430604","Mohamed Toure","LB","Miami","ACC","defensive","TFL","3"
"2025","4430604","Mohamed Toure","LB","Miami","ACC","defensive","TOT","84"
"2025","4430841","Carson Beck","QB","Miami","ACC","fumbles","FUM","2"
"2025","4430841","Carson Beck","QB","Miami","ACC","fumbles","LOST","0"
"2025","4430841","Carson Beck","QB","Miami","ACC","fumbles","REC","0"
"2025","4430841","Carson Beck","QB","Miami","ACC","passing","ATT","468"
"2025","4430841","Carson Beck","QB","Miami","ACC","passing","COMPLETIONS","338"
"2025","4430841","Carson Beck","QB","Miami","ACC","passing","INT","12"
"2025","4430841","Carson Beck","QB","Miami","ACC","passing","PCT","0.722"
"2025","4430841","Carson Beck","QB","Miami","ACC","passing","TD","30"
"2025","4430841","Carson Beck","QB","Miami","ACC","passing","YDS","3813"
"2025","4430841","Carson Beck","QB","Miami","ACC","passing","YPA","8.1"
"2025","4430841","Carson Beck","QB","Miami","ACC","receiving","LONG","14"
"2025","4430841","Carson Beck","QB","Miami","ACC","receiving","REC","1"
"2025","4430841","Carson Beck","QB","Miami","ACC","receiving","TD","1"
"2025","4430841","Carson Beck","QB","Miami","ACC","receiving","YDS","14"
"2025","4430841","Carson Beck","QB","Miami","ACC","receiving","YPR","14.0"
"2025","4430841","Carson Beck","QB","Miami","ACC","rushing","CAR","62"
"2025","4430841","Carson Beck","QB","Miami","ACC","rushing","LONG","11"
"2025","4430841","Carson Beck","QB","Miami","ACC","rushing","TD","2"
"2025","4430841","Carson Beck","QB","Miami","ACC","rushing","YDS","43"
"2025","4430841","Carson Beck","QB","Miami","ACC","rushing","YPC","0.7"
"2025","4430894","Caziah Holmes","RB","Florida State","ACC","fumbles","FUM","1"
"2025","4430894","Caziah Holmes","RB","Florida State","ACC","fumbles","LOST","1"
"2025","4430894","Caziah Holmes","RB","Florida State","ACC","fumbles","REC","0"
"2025","4430894","Caziah Holmes","RB","Florida State","ACC","rushing","CAR","18"
"2025","4430894","Caziah Holmes","RB","Florida State","ACC","rushing","LONG","16"
"2025","4430894","Caziah Holmes","RB","Florida State","ACC","rushing","TD","2"
"2025","4430894","Caziah Holmes","RB","Florida State","ACC","rushing","YDS","89"
"2025","4430894","Caziah Holmes","RB","Florida State","ACC","rushing","YPC","4.9"
"2025","4430919","Wesley Bailey","DL","Louisville","ACC","defensive","PD","0"
"2025","4430919","Wesley Bailey","DL","Louisville","ACC","defensive","QB HUR","5"
"2025","4430919","Wesley Bailey","DL","Louisville","ACC","defensive","SACKS","6"
"2025","4430919","Wesley Bailey","DL","Louisville","ACC","defensive","SOLO","17"
"2025","4430919","Wesley Bailey","DL","Louisville","ACC","defensive","TD","0"
"2025","4430919","Wesley Bailey","DL","Louisville","ACC","defensive","TFL","7.0"
"2025","4430919","Wesley Bailey","DL","Louisville","ACC","defensive","TOT","39"
"2025","4431081","Sage Ennis","TE","Virginia","ACC","fumbles","FUM","1"
"2025","4431081","Sage Ennis","TE","Virginia","ACC","fumbles","LOST","0"
"2025","4431081","Sage Ennis","TE","Virginia","ACC","fumbles","REC","0"
"2025","4431081","Sage Ennis","TE","Virginia","ACC","receiving","LONG","25"
"2025","4431081","Sage Ennis","TE","Virginia","ACC","receiving","REC","23"
"2025","4431081","Sage Ennis","TE","Virginia","ACC","receiving","TD","5"
"2025","4431081","Sage Ennis","TE","Virginia","ACC","receiving","YDS","214"
"2025","4431081","Sage Ennis","TE","Virginia","ACC","receiving","YPR","9.3"
"2025","4431114","Ben Gulbranson","QB","Stanford","ACC","fumbles","FUM","5"
"2025","4431114","Ben Gulbranson","QB","Stanford","ACC","fumbles","LOST","3"
"2025","4431114","Ben Gulbranson","QB","Stanford","ACC","fumbles","REC","0"
"2025","4431114","Ben Gulbranson","QB","Stanford","ACC","passing","ATT","260"
"2025","4431114","Ben Gulbranson","QB","Stanford","ACC","passing","COMPLETIONS","148"
"2025","4431114","Ben Gulbranson","QB","Stanford","ACC","passing","INT","10"
"2025","4431114","Ben Gulbranson","QB","Stanford","ACC","passing","PCT","0.569"
"2025","4431114","Ben Gulbranson","QB","Stanford","ACC","passing","TD","9"
"2025","4431114","Ben Gulbranson","QB","Stanford","ACC","passing","YDS","1813"
"2025","4431114","Ben Gulbranson","QB","Stanford","ACC","passing","YPA","7.0"
"2025","4431114","Ben Gulbranson","QB","Stanford","ACC","rushing","CAR","33"
"2025","4431114","Ben Gulbranson","QB","Stanford","ACC","rushing","LONG","12"
"2025","4431114","Ben Gulbranson","QB","Stanford","ACC","rushing","TD","0"
"2025","4431114","Ben Gulbranson","QB","Stanford","ACC","rushing","YDS","-201"
"2025","4431114","Ben Gulbranson","QB","Stanford","ACC","rushing","YPC","-6.1"
"2025","4431162","T.J. Bollers","DL","California","ACC","defensive","PD","0"
"2025","4431162","T.J. Bollers","DL","California","ACC","defensive","QB HUR","0"
"2025","4431162","T.J. Bollers","DL","California","ACC","defensive","SACKS","0.5"
"2025","4431162","T.J. Bollers","DL","California","ACC","defensive","SOLO","13"
"2025","4431162","T.J. Bollers","DL","California","ACC","defensive","TD","0"
"2025","4431162","T.J. Bollers","DL","California","ACC","defensive","TFL","0.5"
"2025","4431162","T.J. Bollers","DL","California","ACC","defensive","TOT","42"
"2025","4431162","T.J. Bollers","DL","California","ACC","rushing","CAR","1"
"2025","4431162","T.J. Bollers","DL","California","ACC","rushing","LONG","9"
"2025","4431162","T.J. Bollers","DL","California","ACC","rushing","TD","0"
"2025","4431162","T.J. Bollers","DL","California","ACC","rushing","YDS","9"
"2025","4431162","T.J. Bollers","DL","California","ACC","rushing","YPC","9.0"
"2025","4431197","Romello Brinson","WR","SMU","ACC","fumbles","FUM","1"
"2025","4431197","Romello Brinson","WR","SMU","ACC","fumbles","LOST","1"
"2025","4431197","Romello Brinson","WR","SMU","ACC","fumbles","REC","1"
"2025","4431197","Romello Brinson","WR","SMU","ACC","passing","ATT","1"
"2025","4431197","Romello Brinson","WR","SMU","ACC","passing","COMPLETIONS","0"
"2025","4431197","Romello Brinson","WR","SMU","ACC","passing","INT","0"
"2025","4431197","Romello Brinson","WR","SMU","ACC","passing","PCT","0.000"
"2025","4431197","Romello Brinson","WR","SMU","ACC","passing","TD","0"
"2025","4431197","Romello Brinson","WR","SMU","ACC","passing","YDS","0"
"2025","4431197","Romello Brinson","WR","SMU","ACC","passing","YPA","0.0"
"2025","4431197","Romello Brinson","WR","SMU","ACC","receiving","LONG","75"
"2025","4431197","Romello Brinson","WR","SMU","ACC","receiving","REC","43"
"2025","4431197","Romello Brinson","WR","SMU","ACC","receiving","TD","3"
"2025","4431197","Romello Brinson","WR","SMU","ACC","receiving","YDS","638"
"2025","4431197","Romello Brinson","WR","SMU","ACC","receiving","YPR","14.8"
"2025","4431197","Romello Brinson","WR","SMU","ACC","rushing","CAR","1"
"2025","4431197","Romello Brinson","WR","SMU","ACC","rushing","LONG","4"
"2025","4431197","Romello Brinson","WR","SMU","ACC","rushing","TD","0"
"2025","4431197","Romello Brinson","WR","SMU","ACC","rushing","YDS","4"
"2025","4431197","Romello Brinson","WR","SMU","ACC","rushing","YPC","4.0"
"2025","4431209","Dacari Collins","WR","Louisville","ACC","receiving","LONG","36"
"2025","4431209","Dacari Collins","WR","Louisville","ACC","receiving","REC","13"
"2025","4431209","Dacari Collins","WR","Louisville","ACC","receiving","TD","1"
"2025","4431209","Dacari Collins","WR","Louisville","ACC","receiving","YDS","219"
"2025","4431209","Dacari Collins","WR","Louisville","ACC","receiving","YPR","16.8"
"2025","4431242","Cameron Martinez","DB","Boston College","ACC","defensive","PD","1"
"2025","4431242","Cameron Martinez","DB","Boston College","ACC","defensive","QB HUR","1"
"2025","4431242","Cameron Martinez","DB","Boston College","ACC","defensive","SACKS","0"
"2025","4431242","Cameron Martinez","DB","Boston College","ACC","defensive","SOLO","3"
"2025","4431242","Cameron Martinez","DB","Boston College","ACC","defensive","TD","0"
"2025","4431242","Cameron Martinez","DB","Boston College","ACC","defensive","TFL","0"
"2025","4431242","Cameron Martinez","DB","Boston College","ACC","defensive","TOT","9"
"2025","4431242","Cameron Martinez","DB","Boston College","ACC","puntReturns","AVG","9.0"
"2025","4431242","Cameron Martinez","DB","Boston College","ACC","puntReturns","LONG","9"
"2025","4431242","Cameron Martinez","DB","Boston College","ACC","puntReturns","NO","1"
"2025","4431242","Cameron Martinez","DB","Boston College","ACC","puntReturns","TD","0"
"2025","4431242","Cameron Martinez","DB","Boston College","ACC","puntReturns","YDS","9"
"2025","4431292","Devin Neal","S","Virginia","ACC","defensive","PD","7"
"2025","4431292","Devin Neal","S","Virginia","ACC","defensive","QB HUR","2"
"2025","4431292","Devin Neal","S","Virginia","ACC","defensive","SACKS","0.5"
"2025","4431292","Devin Neal","S","Virginia","ACC","defensive","SOLO","41"
"2025","4431292","Devin Neal","S","Virginia","ACC","defensive","TD","0"
"2025","4431292","Devin Neal","S","Virginia","ACC","defensive","TFL","1.5"
"2025","4431292","Devin Neal","S","Virginia","ACC","defensive","TOT","88"
"2025","4431303","Jake Overman","TE","Pittsburgh","ACC","defensive","PD","0"
"2025","4431303","Jake Overman","TE","Pittsburgh","ACC","defensive","QB HUR","0"
"2025","4431303","Jake Overman","TE","Pittsburgh","ACC","defensive","SACKS","0"
"2025","4431303","Jake Overman","TE","Pittsburgh","ACC","defensive","SOLO","1"
"2025","4431303","Jake Overman","TE","Pittsburgh","ACC","defensive","TD","0"
"2025","4431303","Jake Overman","TE","Pittsburgh","ACC","defensive","TFL","0"
"2025","4431303","Jake Overman","TE","Pittsburgh","ACC","defensive","TOT","1"
"2025","4431303","Jake Overman","TE","Pittsburgh","ACC","receiving","LONG","14"
"2025","4431303","Jake Overman","TE","Pittsburgh","ACC","receiving","REC","10"
"2025","4431303","Jake Overman","TE","Pittsburgh","ACC","receiving","TD","1"
"2025","4431303","Jake Overman","TE","Pittsburgh","ACC","receiving","YDS","78"
"2025","4431303","Jake Overman","TE","Pittsburgh","ACC","receiving","YPR","7.8"
"2025","4431454","Tyler Venables","S","Clemson","ACC","defensive","PD","0"
"2025","4431454","Tyler Venables","S","Clemson","ACC","defensive","QB HUR","0"
"2025","4431454","Tyler Venables","S","Clemson","ACC","defensive","SACKS","0"
"2025","4431454","Tyler Venables","S","Clemson","ACC","defensive","SOLO","5"
"2025","4431454","Tyler Venables","S","Clemson","ACC","defensive","TD","0"
"2025","4431454","Tyler Venables","S","Clemson","ACC","defensive","TFL","0"
"2025","4431454","Tyler Venables","S","Clemson","ACC","defensive","TOT","6"
"2025","4431505","Kobe Paysour","WR","North Carolina","ACC","fumbles","FUM","1"
"2025","4431505","Kobe Paysour","WR","North Carolina","ACC","fumbles","LOST","1"
"2025","4431505","Kobe Paysour","WR","North Carolina","ACC","fumbles","REC","0"
"2025","4431505","Kobe Paysour","WR","North Carolina","ACC","receiving","LONG","44"
"2025","4431505","Kobe Paysour","WR","North Carolina","ACC","receiving","REC","35"
"2025","4431505","Kobe Paysour","WR","North Carolina","ACC","receiving","TD","1"
"2025","4431505","Kobe Paysour","WR","North Carolina","ACC","receiving","YDS","438"
"2025","4431505","Kobe Paysour","WR","North Carolina","ACC","receiving","YPR","12.5"
"2025","4431531","George Rooks","DL","Syracuse","ACC","defensive","PD","0"
"2025","4431531","George Rooks","DL","Syracuse","ACC","defensive","QB HUR","0"
"2025","4431531","George Rooks","DL","Syracuse","ACC","defensive","SACKS","0"
"2025","4431531","George Rooks","DL","Syracuse","ACC","defensive","SOLO","6"
"2025","4431531","George Rooks","DL","Syracuse","ACC","defensive","TD","0"
"2025","4431531","George Rooks","DL","Syracuse","ACC","defensive","TFL","1"
"2025","4431531","George Rooks","DL","Syracuse","ACC","defensive","TOT","12"
"2025","4431547","Kelvin Gilliam","DL","Virginia Tech","ACC","defensive","PD","1"
"2025","4431547","Kelvin Gilliam","DL","Virginia Tech","ACC","defensive","QB HUR","4"
"2025","4431547","Kelvin Gilliam","DL","Virginia Tech","ACC","defensive","SACKS","2.0"
"2025","4431547","Kelvin Gilliam","DL","Virginia Tech","ACC","defensive","SOLO","7"
"2025","4431547","Kelvin Gilliam","DL","Virginia Tech","ACC","defensive","TD","0"
"2025","4431547","Kelvin Gilliam","DL","Virginia Tech","ACC","defensive","TFL","3.0"
"2025","4431547","Kelvin Gilliam","DL","Virginia Tech","ACC","defensive","TOT","34"
"2025","4431580","Miller Moss","QB","Louisville","ACC","defensive","PD","0"
"2025","4431580","Miller Moss","QB","Louisville","ACC","defensive","QB HUR","0"
"2025","4431580","Miller Moss","QB","Louisville","ACC","defensive","SACKS","0"
"2025","4431580","Miller Moss","QB","Louisville","ACC","defensive","SOLO","1"
"2025","4431580","Miller Moss","QB","Louisville","ACC","defensive","TD","0"
"2025","4431580","Miller Moss","QB","Louisville","ACC","defensive","TFL","0"
"2025","4431580","Miller Moss","QB","Louisville","ACC","defensive","TOT","1"
"2025","4431580","Miller Moss","QB","Louisville","ACC","fumbles","FUM","6"
"2025","4431580","Miller Moss","QB","Louisville","ACC","fumbles","LOST","2"
"2025","4431580","Miller Moss","QB","Louisville","ACC","fumbles","REC","0"
"2025","4431580","Miller Moss","QB","Louisville","ACC","passing","ATT","380"
"2025","4431580","Miller Moss","QB","Louisville","ACC","passing","COMPLETIONS","244"
"2025","4431580","Miller Moss","QB","Louisville","ACC","passing","INT","7"
"2025","4431580","Miller Moss","QB","Louisville","ACC","passing","PCT","0.642"
"2025","4431580","Miller Moss","QB","Louisville","ACC","passing","TD","16"
"2025","4431580","Miller Moss","QB","Louisville","ACC","passing","YDS","2679"
"2025","4431580","Miller Moss","QB","Louisville","ACC","passing","YPA","7.1"
"2025","4431580","Miller Moss","QB","Louisville","ACC","receiving","LONG","19"
"2025","4431580","Miller Moss","QB","Louisville","ACC","receiving","REC","2"
"2025","4431580","Miller Moss","QB","Louisville","ACC","receiving","TD","0"
"2025","4431580","Miller Moss","QB","Louisville","ACC","receiving","YDS","15"
"2025","4431580","Miller Moss","QB","Louisville","ACC","receiving","YPR","7.5"
"2025","4431580","Miller Moss","QB","Louisville","ACC","rushing","CAR","54"
"2025","4431580","Miller Moss","QB","Louisville","ACC","rushing","LONG","13"
"2025","4431580","Miller Moss","QB","Louisville","ACC","rushing","TD","9"
"2025","4431580","Miller Moss","QB","Louisville","ACC","rushing","YDS","-65"
"2025","4431580","Miller Moss","QB","Louisville","ACC","rushing","YPC","-1.2"
"2025","4431600","Jayden Thomas","WR","Virginia","ACC","defensive","PD","0"
"2025","4431600","Jayden Thomas","WR","Virginia","ACC","defensive","QB HUR","0"
"2025","4431600","Jayden Thomas","WR","Virginia","ACC","defensive","SACKS","0"
"2025","4431600","Jayden Thomas","WR","Virginia","ACC","defensive","SOLO","1"
"2025","4431600","Jayden Thomas","WR","Virginia","ACC","defensive","TD","0"
"2025","4431600","Jayden Thomas","WR","Virginia","ACC","defensive","TFL","0"
"2025","4431600","Jayden Thomas","WR","Virginia","ACC","defensive","TOT","1"
"2025","4431600","Jayden Thomas","WR","Virginia","ACC","puntReturns","AVG","14.5"
"2025","4431600","Jayden Thomas","WR","Virginia","ACC","puntReturns","LONG","31"
"2025","4431600","Jayden Thomas","WR","Virginia","ACC","puntReturns","NO","4"
"2025","4431600","Jayden Thomas","WR","Virginia","ACC","puntReturns","TD","0"
"2025","4431600","Jayden Thomas","WR","Virginia","ACC","puntReturns","YDS","58"
"2025","4431600","Jayden Thomas","WR","Virginia","ACC","receiving","LONG","6"
"2025","4431600","Jayden Thomas","WR","Virginia","ACC","receiving","REC","3"
"2025","4431600","Jayden Thomas","WR","Virginia","ACC","receiving","TD","0"
"2025","4431600","Jayden Thomas","WR","Virginia","ACC","receiving","YDS","9"
"2025","4431600","Jayden Thomas","WR","Virginia","ACC","receiving","YPR","3.0"
"2025","4431626","Charles Brantley","DB","Miami","ACC","defensive","PD","0"
"2025","4431626","Charles Brantley","DB","Miami","ACC","defensive","QB HUR","0"
"2025","4431626","Charles Brantley","DB","Miami","ACC","defensive","SACKS","0"
"2025","4431626","Charles Brantley","DB","Miami","ACC","defensive","SOLO","1"
"2025","4431626","Charles Brantley","DB","Miami","ACC","defensive","TD","0"
"2025","4431626","Charles Brantley","DB","Miami","ACC","defensive","TFL","0"
"2025","4431626","Charles Brantley","DB","Miami","ACC","defensive","TOT","1"
"2025","4432260","Matthew Hibner","TE","SMU","ACC","defensive","PD","0"
"2025","4432260","Matthew Hibner","TE","SMU","ACC","defensive","QB HUR","0"
"2025","4432260","Matthew Hibner","TE","SMU","ACC","defensive","SACKS","0"
"2025","4432260","Matthew Hibner","TE","SMU","ACC","defensive","SOLO","1"
"2025","4432260","Matthew Hibner","TE","SMU","ACC","defensive","TD","0"
"2025","4432260","Matthew Hibner","TE","SMU","ACC","defensive","TFL","0"
"2025","4432260","Matthew Hibner","TE","SMU","ACC","defensive","TOT","1"
"2025","4432260","Matthew Hibner","TE","SMU","ACC","receiving","LONG","80"
"2025","4432260","Matthew Hibner","TE","SMU","ACC","receiving","REC","31"
"2025","4432260","Matthew Hibner","TE","SMU","ACC","receiving","TD","4"
"2025","4432260","Matthew Hibner","TE","SMU","ACC","receiving","YDS","436"
"2025","4432260","Matthew Hibner","TE","SMU","ACC","receiving","YPR","14.1"
"2025","4432506","Sawyer Racanelli","WR","Wake Forest","ACC","receiving","LONG","62"
"2025","4432506","Sawyer Racanelli","WR","Wake Forest","ACC","receiving","REC","18"
"2025","4432506","Sawyer Racanelli","WR","Wake Forest","ACC","receiving","TD","1"
"2025","4432506","Sawyer Racanelli","WR","Wake Forest","ACC","receiving","YDS","315"
"2025","4432506","Sawyer Racanelli","WR","Wake Forest","ACC","receiving","YPR","17.5"
"2025","4432575","Akelo Stone","DL","Georgia Tech","ACC","defensive","PD","1"
"2025","4432575","Akelo Stone","DL","Georgia Tech","ACC","defensive","QB HUR","0"
"2025","4432575","Akelo Stone","DL","Georgia Tech","ACC","defensive","SACKS","4"
"2025","4432575","Akelo Stone","DL","Georgia Tech","ACC","defensive","SOLO","11"
"2025","4432575","Akelo Stone","DL","Georgia Tech","ACC","defensive","TD","0"
"2025","4432575","Akelo Stone","DL","Georgia Tech","ACC","defensive","TFL","5"
"2025","4432575","Akelo Stone","DL","Georgia Tech","ACC","defensive","TOT","19"
"2025","4432596","Ronald Triplette","DL","Georgia Tech","ACC","defensive","PD","0"
"2025","4432596","Ronald Triplette","DL","Georgia Tech","ACC","defensive","QB HUR","0"
"2025","4432596","Ronald Triplette","DL","Georgia Tech","ACC","defensive","SACKS","1.5"
"2025","4432596","Ronald Triplette","DL","Georgia Tech","ACC","defensive","SOLO","5"
"2025","4432596","Ronald Triplette","DL","Georgia Tech","ACC","defensive","TD","0"
"2025","4432596","Ronald Triplette","DL","Georgia Tech","ACC","defensive","TFL","3.5"
"2025","4432596","Ronald Triplette","DL","Georgia Tech","ACC","defensive","TOT","15"
"2025","4432596","Ronald Triplette","DL","Georgia Tech","ACC","kickReturns","AVG","24.0"
"2025","4432596","Ronald Triplette","DL","Georgia Tech","ACC","kickReturns","LONG","24"
"2025","4432596","Ronald Triplette","DL","Georgia Tech","ACC","kickReturns","NO","1"
"2025","4432596","Ronald Triplette","DL","Georgia Tech","ACC","kickReturns","TD","0"
"2025","4432596","Ronald Triplette","DL","Georgia Tech","ACC","kickReturns","YDS","24"
"2025","4432664","Gavin Blackwell","WR","Florida State","ACC","defensive","PD","0"
"2025","4432664","Gavin Blackwell","WR","Florida State","ACC","defensive","QB HUR","0"
"2025","4432664","Gavin Blackwell","WR","Florida State","ACC","defensive","SACKS","0"
"2025","4432664","Gavin Blackwell","WR","Florida State","ACC","defensive","SOLO","1"
"2025","4432664","Gavin Blackwell","WR","Florida State","ACC","defensive","TD","0"
"2025","4432664","Gavin Blackwell","WR","Florida State","ACC","defensive","TFL","1"
"2025","4432664","Gavin Blackwell","WR","Florida State","ACC","defensive","TOT","1"
"2025","4432709","Ahmari Harvey","DB","Georgia Tech","ACC","defensive","PD","7"
"2025","4432709","Ahmari Harvey","DB","Georgia Tech","ACC","defensive","QB HUR","0"
"2025","4432709","Ahmari Harvey","DB","Georgia Tech","ACC","defensive","SACKS","1"
"2025","4432709","Ahmari Harvey","DB","Georgia Tech","ACC","defensive","SOLO","21"
"2025","4432709","Ahmari Harvey","DB","Georgia Tech","ACC","defensive","TD","0"
"2025","4432709","Ahmari Harvey","DB","Georgia Tech","ACC","defensive","TFL","3"
"2025","4432709","Ahmari Harvey","DB","Georgia Tech","ACC","defensive","TOT","26"
"2025","4432718","LJ Johnson Jr.","RB","California","ACC","receiving","LONG","14"
"2025","4432718","LJ Johnson Jr.","RB","California","ACC","receiving","REC","4"
"2025","4432718","LJ Johnson Jr.","RB","California","ACC","receiving","TD","0"
"2025","4432718","LJ Johnson Jr.","RB","California","ACC","receiving","YDS","18"
"2025","4432718","LJ Johnson Jr.","RB","California","ACC","receiving","YPR","4.5"
"2025","4432718","LJ Johnson Jr.","RB","California","ACC","rushing","CAR","33"
"2025","4432718","LJ Johnson Jr.","RB","California","ACC","rushing","LONG","12"
"2025","4432718","LJ Johnson Jr.","RB","California","ACC","rushing","TD","2"
"2025","4432718","LJ Johnson Jr.","RB","California","ACC","rushing","YDS","108"
"2025","4432718","LJ Johnson Jr.","RB","California","ACC","rushing","YPC","3.3"
"2025","4432756","Travali Price","DE","NC State","ACC","defensive","PD","1"
"2025","4432756","Travali Price","DE","NC State","ACC","defensive","QB HUR","4"
"2025","4432756","Travali Price","DE","NC State","ACC","defensive","SACKS","3.5"
"2025","4432756","Travali Price","DE","NC State","ACC","defensive","SOLO","11"
"2025","4432756","Travali Price","DE","NC State","ACC","defensive","TD","0"
"2025","4432756","Travali Price","DE","NC State","ACC","defensive","TFL","5.0"
"2025","4432756","Travali Price","DE","NC State","ACC","defensive","TOT","22"
"2025","4433872","Stanley McKenzie","DL","California","ACC","defensive","PD","0"
"2025","4433872","Stanley McKenzie","DL","California","ACC","defensive","QB HUR","1"
"2025","4433872","Stanley McKenzie","DL","California","ACC","defensive","SACKS","0"
"2025","4433872","Stanley McKenzie","DL","California","ACC","defensive","SOLO","2"
"2025","4433872","Stanley McKenzie","DL","California","ACC","defensive","TD","0"
"2025","4433872","Stanley McKenzie","DL","California","ACC","defensive","TFL","0"
"2025","4433872","Stanley McKenzie","DL","California","ACC","defensive","TOT","12"
"2025","4565318","Terion Stewart","RB","Virginia Tech","ACC","fumbles","FUM","1"
"2025","4565318","Terion Stewart","RB","Virginia Tech","ACC","fumbles","LOST","0"
"2025","4565318","Terion Stewart","RB","Virginia Tech","ACC","fumbles","REC","0"
"2025","4565318","Terion Stewart","RB","Virginia Tech","ACC","receiving","LONG","8"
"2025","4565318","Terion Stewart","RB","Virginia Tech","ACC","receiving","REC","4"
"2025","4565318","Terion Stewart","RB","Virginia Tech","ACC","receiving","TD","0"
"2025","4565318","Terion Stewart","RB","Virginia Tech","ACC","receiving","YDS","19"
"2025","4565318","Terion Stewart","RB","Virginia Tech","ACC","receiving","YPR","4.8"
"2025","4565318","Terion Stewart","RB","Virginia Tech","ACC","rushing","CAR","82"
"2025","4565318","Terion Stewart","RB","Virginia Tech","ACC","rushing","LONG","85"
"2025","4565318","Terion Stewart","RB","Virginia Tech","ACC","rushing","TD","0"
"2025","4565318","Terion Stewart","RB","Virginia Tech","ACC","rushing","YDS","469"
"2025","4565318","Terion Stewart","RB","Virginia Tech","ACC","rushing","YPC","5.7"
"2025","4565353","Tamon Lynum","DB","Pittsburgh","ACC","defensive","PD","1"
"2025","4565353","Tamon Lynum","DB","Pittsburgh","ACC","defensive","QB HUR","1"
"2025","4565353","Tamon Lynum","DB","Pittsburgh","ACC","defensive","SACKS","0"
"2025","4565353","Tamon Lynum","DB","Pittsburgh","ACC","defensive","SOLO","12"
"2025","4565353","Tamon Lynum","DB","Pittsburgh","ACC","defensive","TD","0"
"2025","4565353","Tamon Lynum","DB","Pittsburgh","ACC","defensive","TFL","0"
"2025","4565353","Tamon Lynum","DB","Pittsburgh","ACC","defensive","TOT","22"
"2025","4565353","Tamon Lynum","DB","Pittsburgh","ACC","interceptions","AVG","0.0"
"2025","4565353","Tamon Lynum","DB","Pittsburgh","ACC","interceptions","INT","1"
"2025","4565353","Tamon Lynum","DB","Pittsburgh","ACC","interceptions","TD","0"
"2025","4565353","Tamon Lynum","DB","Pittsburgh","ACC","interceptions","YDS","0"
"2025","4565537","Keveionta Spears","DT","SMU","ACC","defensive","PD","4"
"2025","4565537","Keveionta Spears","DT","SMU","ACC","defensive","QB HUR","1"
"2025","4565537","Keveionta Spears","DT","SMU","ACC","defensive","SACKS","0"
"2025","4565537","Keveionta Spears","DT","SMU","ACC","defensive","SOLO","8"
"2025","4565537","Keveionta Spears","DT","SMU","ACC","defensive","TD","0"
"2025","4565537","Keveionta Spears","DT","SMU","ACC","defensive","TFL","2.0"
"2025","4565537","Keveionta Spears","DT","SMU","ACC","defensive","TOT","14"
"2025","4565696","Ben Bell","DL","Virginia Tech","ACC","defensive","PD","0"
"2025","4565696","Ben Bell","DL","Virginia Tech","ACC","defensive","QB HUR","6"
"2025","4565696","Ben Bell","DL","Virginia Tech","ACC","defensive","SACKS","2.5"
"2025","4565696","Ben Bell","DL","Virginia Tech","ACC","defensive","SOLO","12"
"2025","4565696","Ben Bell","DL","Virginia Tech","ACC","defensive","TD","0"
"2025","4565696","Ben Bell","DL","Virginia Tech","ACC","defensive","TFL","5.5"
"2025","4565696","Ben Bell","DL","Virginia Tech","ACC","defensive","TOT","40"
"2025","4565696","Ben Bell","DL","Virginia Tech","ACC","fumbles","FUM","0"
"2025","4565696","Ben Bell","DL","Virginia Tech","ACC","fumbles","LOST","0"
"2025","4565696","Ben Bell","DL","Virginia Tech","ACC","fumbles","REC","1"
"2025","4565774","Chazz Wallace","DL","NC State","ACC","defensive","PD","0"
"2025","4565774","Chazz Wallace","DL","NC State","ACC","defensive","QB HUR","0"
"2025","4565774","Chazz Wallace","DL","NC State","ACC","defensive","SACKS","0"
"2025","4565774","Chazz Wallace","DL","NC State","ACC","defensive","SOLO","4"
"2025","4565774","Chazz Wallace","DL","NC State","ACC","defensive","TD","0"
"2025","4565774","Chazz Wallace","DL","NC State","ACC","defensive","TFL","0"
"2025","4565774","Chazz Wallace","DL","NC State","ACC","defensive","TOT","9"
"2025","4567033","Donavon Greene","WR","Virginia Tech","ACC","receiving","LONG","37"
"2025","4567033","Donavon Greene","WR","Virginia Tech","ACC","receiving","REC","16"
"2025","4567033","Donavon Greene","WR","Virginia Tech","ACC","receiving","TD","2"
"2025","4567033","Donavon Greene","WR","Virginia Tech","ACC","receiving","YDS","267"
"2025","4567033","Donavon Greene","WR","Virginia Tech","ACC","receiving","YPR","16.7"
"2025","4567473","Immanuel Hickman","DL","Virginia Tech","ACC","defensive","PD","0"
"2025","4567473","Immanuel Hickman","DL","Virginia Tech","ACC","defensive","QB HUR","0"
"2025","4567473","Immanuel Hickman","DL","Virginia Tech","ACC","defensive","SACKS","0"
"2025","4567473","Immanuel Hickman","DL","Virginia Tech","ACC","defensive","SOLO","3"
"2025","4567473","Immanuel Hickman","DL","Virginia Tech","ACC","defensive","TD","0"
"2025","4567473","Immanuel Hickman","DL","Virginia Tech","ACC","defensive","TFL","0"
"2025","4567473","Immanuel Hickman","DL","Virginia Tech","ACC","defensive","TOT","13"
"2025","4567707","Grayson James","QB","Boston College","ACC","fumbles","FUM","2"
"2025","4567707","Grayson James","QB","Boston College","ACC","fumbles","LOST","2"
"2025","4567707","Grayson James","QB","Boston College","ACC","fumbles","REC","0"
"2025","4567707","Grayson James","QB","Boston College","ACC","passing","ATT","151"
"2025","4567707","Grayson James","QB","Boston College","ACC","passing","COMPLETIONS","87"
"2025","4567707","Grayson James","QB","Boston College","ACC","passing","INT","5"
"2025","4567707","Grayson James","QB","Boston College","ACC","passing","PCT","0.576"
"2025","4567707","Grayson James","QB","Boston College","ACC","passing","TD","7"
"2025","4567707","Grayson James","QB","Boston College","ACC","passing","YDS","1196"
"2025","4567707","Grayson James","QB","Boston College","ACC","passing","YPA","7.9"
"2025","4567707","Grayson James","QB","Boston College","ACC","rushing","CAR","54"
"2025","4567707","Grayson James","QB","Boston College","ACC","rushing","LONG","20"
"2025","4567707","Grayson James","QB","Boston College","ACC","rushing","TD","0"
"2025","4567707","Grayson James","QB","Boston College","ACC","rushing","YDS","65"
"2025","4567707","Grayson James","QB","Boston College","ACC","rushing","YPC","1.2"
"2025","4567943","Cade Denhoff","DE","Clemson","ACC","defensive","PD","1"
"2025","4567943","Cade Denhoff","DE","Clemson","ACC","defensive","QB HUR","1"
"2025","4567943","Cade Denhoff","DE","Clemson","ACC","defensive","SACKS","0"
"2025","4567943","Cade Denhoff","DE","Clemson","ACC","defensive","SOLO","7"
"2025","4567943","Cade Denhoff","DE","Clemson","ACC","defensive","TD","0"
"2025","4567943","Cade Denhoff","DE","Clemson","ACC","defensive","TFL","1.0"
"2025","4567943","Cade Denhoff","DE","Clemson","ACC","defensive","TOT","22"
"2025","4568099","Justin Beadles","DL","Louisville","ACC","defensive","PD","0"
"2025","4568099","Justin Beadles","DL","Louisville","ACC","defensive","QB HUR","0"
"2025","4568099","Justin Beadles","DL","Louisville","ACC","defensive","SACKS","0"
"2025","4568099","Justin Beadles","DL","Louisville","ACC","defensive","SOLO","2"
"2025","4568099","Justin Beadles","DL","Louisville","ACC","defensive","TD","0"
"2025","4568099","Justin Beadles","DL","Louisville","ACC","defensive","TFL","1"
"2025","4568099","Justin Beadles","DL","Louisville","ACC","defensive","TOT","12"
"2025","4569001","Cameron Ross","WR","Virginia","ACC","defensive","PD","0"
"2025","4569001","Cameron Ross","WR","Virginia","ACC","defensive","QB HUR","0"
"2025","4569001","Cameron Ross","WR","Virginia","ACC","defensive","SACKS","0"
"2025","4569001","Cameron Ross","WR","Virginia","ACC","defensive","SOLO","0"
"2025","4569001","Cameron Ross","WR","Virginia","ACC","defensive","TD","1"
"2025","4569001","Cameron Ross","WR","Virginia","ACC","defensive","TFL","0"
"2025","4569001","Cameron Ross","WR","Virginia","ACC","defensive","TOT","0"
"2025","4569001","Cameron Ross","WR","Virginia","ACC","fumbles","FUM","1"
"2025","4569001","Cameron Ross","WR","Virginia","ACC","fumbles","LOST","1"
"2025","4569001","Cameron Ross","WR","Virginia","ACC","fumbles","REC","0"
"2025","4569001","Cameron Ross","WR","Virginia","ACC","kickReturns","AVG","33.3"
"2025","4569001","Cameron Ross","WR","Virginia","ACC","kickReturns","LONG","100"
"2025","4569001","Cameron Ross","WR","Virginia","ACC","kickReturns","NO","8"
"2025","4569001","Cameron Ross","WR","Virginia","ACC","kickReturns","TD","1"
"2025","4569001","Cameron Ross","WR","Virginia","ACC","kickReturns","YDS","266"
"2025","4569001","Cameron Ross","WR","Virginia","ACC","puntReturns","AVG","7.8"
"2025","4569001","Cameron Ross","WR","Virginia","ACC","puntReturns","LONG","48"
"2025","4569001","Cameron Ross","WR","Virginia","ACC","puntReturns","NO","22"
"2025","4569001","Cameron Ross","WR","Virginia","ACC","puntReturns","TD","0"
"2025","4569001","Cameron Ross","WR","Virginia","ACC","puntReturns","YDS","171"
"2025","4569001","Cameron Ross","WR","Virginia","ACC","receiving","LONG","46"
"2025","4569001","Cameron Ross","WR","Virginia","ACC","receiving","REC","53"
"2025","4569001","Cameron Ross","WR","Virginia","ACC","receiving","TD","2"
"2025","4569001","Cameron Ross","WR","Virginia","ACC","receiving","YDS","543"
"2025","4569001","Cameron Ross","WR","Virginia","ACC","receiving","YPR","10.2"
"2025","4569001","Cameron Ross","WR","Virginia","ACC","rushing","CAR","1"
"2025","4569001","Cameron Ross","WR","Virginia","ACC","rushing","LONG","19"
"2025","4569001","Cameron Ross","WR","Virginia","ACC","rushing","TD","1"
"2025","4569001","Cameron Ross","WR","Virginia","ACC","rushing","YDS","19"
"2025","4569001","Cameron Ross","WR","Virginia","ACC","rushing","YPC","19.0"
"2025","4569658","Darian Chestnut","DB","Syracuse","ACC","defensive","PD","3"
"2025","4569658","Darian Chestnut","DB","Syracuse","ACC","defensive","QB HUR","0"
"2025","4569658","Darian Chestnut","DB","Syracuse","ACC","defensive","SACKS","0"
"2025","4569658","Darian Chestnut","DB","Syracuse","ACC","defensive","SOLO","26"
"2025","4569658","Darian Chestnut","DB","Syracuse","ACC","defensive","TD","0"
"2025","4569658","Darian Chestnut","DB","Syracuse","ACC","defensive","TFL","0"
"2025","4569658","Darian Chestnut","DB","Syracuse","ACC","defensive","TOT","35"
"2025","4570645","Owen McGowan","LB","Boston College","ACC","defensive","PD","3"
"2025","4570645","Owen McGowan","LB","Boston College","ACC","defensive","QB HUR","1"
"2025","4570645","Owen McGowan","LB","Boston College","ACC","defensive","SACKS","1"
"2025","4570645","Owen McGowan","LB","Boston College","ACC","defensive","SOLO","31"
"2025","4570645","Owen McGowan","LB","Boston College","ACC","defensive","TD","0"
"2025","4570645","Owen McGowan","LB","Boston College","ACC","defensive","TFL","5"
"2025","4570645","Owen McGowan","LB","Boston College","ACC","defensive","TOT","54"
"2025","4570645","Owen McGowan","LB","Boston College","ACC","fumbles","FUM","0"
"2025","4570645","Owen McGowan","LB","Boston College","ACC","fumbles","LOST","0"
"2025","4570645","Owen McGowan","LB","Boston College","ACC","fumbles","REC","1"
"2025","4573701","Clay Patterson","DL","Stanford","ACC","defensive","PD","1"
"2025","4573701","Clay Patterson","DL","Stanford","ACC","defensive","QB HUR","6"
"2025","4573701","Clay Patterson","DL","Stanford","ACC","defensive","SACKS","4.0"
"2025","4573701","Clay Patterson","DL","Stanford","ACC","defensive","SOLO","13"
"2025","4573701","Clay Patterson","DL","Stanford","ACC","defensive","TD","0"
"2025","4573701","Clay Patterson","DL","Stanford","ACC","defensive","TFL","5.5"
"2025","4573701","Clay Patterson","DL","Stanford","ACC","defensive","TOT","33"
"2025","4573701","Clay Patterson","DL","Stanford","ACC","fumbles","FUM","0"
"2025","4573701","Clay Patterson","DL","Stanford","ACC","fumbles","LOST","0"
"2025","4573701","Clay Patterson","DL","Stanford","ACC","fumbles","REC","1"
"2025","4576294","Harrison Waylee","RB","Virginia","ACC","fumbles","FUM","1"
"2025","4576294","Harrison Waylee","RB","Virginia","ACC","fumbles","LOST","0"
"2025","4576294","Harrison Waylee","RB","Virginia","ACC","fumbles","REC","0"
"2025","4576294","Harrison Waylee","RB","Virginia","ACC","receiving","LONG","7"
"2025","4576294","Harrison Waylee","RB","Virginia","ACC","receiving","REC","9"
"2025","4576294","Harrison Waylee","RB","Virginia","ACC","receiving","TD","0"
"2025","4576294","Harrison Waylee","RB","Virginia","ACC","receiving","YDS","39"
"2025","4576294","Harrison Waylee","RB","Virginia","ACC","receiving","YPR","4.3"
"2025","4576294","Harrison Waylee","RB","Virginia","ACC","rushing","CAR","118"
"2025","4576294","Harrison Waylee","RB","Virginia","ACC","rushing","LONG","97"
"2025","4576294","Harrison Waylee","RB","Virginia","ACC","rushing","TD","6"
"2025","4576294","Harrison Waylee","RB","Virginia","ACC","rushing","YDS","556"
"2025","4576294","Harrison Waylee","RB","Virginia","ACC","rushing","YPC","4.7"
"2025","4585554","Nigel Williams","DB","Louisville","ACC","defensive","PD","0"
"2025","4585554","Nigel Williams","DB","Louisville","ACC","defensive","QB HUR","0"
"2025","4585554","Nigel Williams","DB","Louisville","ACC","defensive","SACKS","0"
"2025","4585554","Nigel Williams","DB","Louisville","ACC","defensive","SOLO","2"
"2025","4585554","Nigel Williams","DB","Louisville","ACC","defensive","TD","0"
"2025","4585554","Nigel Williams","DB","Louisville","ACC","defensive","TFL","0"
"2025","4585554","Nigel Williams","DB","Louisville","ACC","defensive","TOT","3"
"2025","4587701","Andrel Anthony Jr.","WR","Duke","ACC","receiving","LONG","35"
"2025","4587701","Andrel Anthony Jr.","WR","Duke","ACC","receiving","REC","26"
"2025","4587701","Andrel Anthony Jr.","WR","Duke","ACC","receiving","TD","5"
"2025","4587701","Andrel Anthony Jr.","WR","Duke","ACC","receiving","YDS","246"
"2025","4587701","Andrel Anthony Jr.","WR","Duke","ACC","receiving","YPR","9.5"
"2025","4589233","Dylan Goffney","WR","SMU","ACC","receiving","LONG","16"
"2025","4589233","Dylan Goffney","WR","SMU","ACC","receiving","REC","1"
"2025","4589233","Dylan Goffney","WR","SMU","ACC","receiving","TD","0"
"2025","4589233","Dylan Goffney","WR","SMU","ACC","receiving","YDS","16"
"2025","4589233","Dylan Goffney","WR","SMU","ACC","receiving","YPR","16.0"
"2025","4589439","Chris Thomas Jr.","DL","Syracuse","ACC","defensive","PD","0"
"2025","4589439","Chris Thomas Jr.","DL","Syracuse","ACC","defensive","QB HUR","0"
"2025","4589439","Chris Thomas Jr.","DL","Syracuse","ACC","defensive","SACKS","0"
"2025","4589439","Chris Thomas Jr.","DL","Syracuse","ACC","defensive","SOLO","2"
"2025","4589439","Chris Thomas Jr.","DL","Syracuse","ACC","defensive","TD","0"
"2025","4589439","Chris Thomas Jr.","DL","Syracuse","ACC","defensive","TFL","0.5"
"2025","4589439","Chris Thomas Jr.","DL","Syracuse","ACC","defensive","TOT","7"
"2025","4589518","Noah Josey","OL","Virginia","ACC","defensive","PD","0"
"2025","4589518","Noah Josey","OL","Virginia","ACC","defensive","QB HUR","0"
"2025","4589518","Noah Josey","OL","Virginia","ACC","defensive","SACKS","0"
"2025","4589518","Noah Josey","OL","Virginia","ACC","defensive","SOLO","1"
"2025","4589518","Noah Josey","OL","Virginia","ACC","defensive","TD","0"
"2025","4589518","Noah Josey","OL","Virginia","ACC","defensive","TFL","0"
"2025","4589518","Noah Josey","OL","Virginia","ACC","defensive","TOT","1"
"2025","4592886","BJ Williams","DL","Wake Forest","ACC","defensive","PD","0"
"2025","4592886","BJ Williams","DL","Wake Forest","ACC","defensive","QB HUR","1"
"2025","4592886","BJ Williams","DL","Wake Forest","ACC","defensive","SACKS","0"
"2025","4592886","BJ Williams","DL","Wake Forest","ACC","defensive","SOLO","1"
"2025","4592886","BJ Williams","DL","Wake Forest","ACC","defensive","TD","0"
"2025","4592886","BJ Williams","DL","Wake Forest","ACC","defensive","TFL","0"
"2025","4592886","BJ Williams","DL","Wake Forest","ACC","defensive","TOT","3"
"2025","4595022","Hunter Barth","LB","Stanford","ACC","defensive","PD","2"
"2025","4595022","Hunter Barth","LB","Stanford","ACC","defensive","QB HUR","2"
"2025","4595022","Hunter Barth","LB","Stanford","ACC","defensive","SACKS","2"
"2025","4595022","Hunter Barth","LB","Stanford","ACC","defensive","SOLO","20"
"2025","4595022","Hunter Barth","LB","Stanford","ACC","defensive","TD","0"
"2025","4595022","Hunter Barth","LB","Stanford","ACC","defensive","TFL","4"
"2025","4595022","Hunter Barth","LB","Stanford","ACC","defensive","TOT","32"
"2025","4595022","Hunter Barth","LB","Stanford","ACC","fumbles","FUM","0"
"2025","4595022","Hunter Barth","LB","Stanford","ACC","fumbles","LOST","0"
"2025","4595022","Hunter Barth","LB","Stanford","ACC","fumbles","REC","1"
"2025","4595341","Caleb Hood","RB","North Carolina","ACC","defensive","PD","0"
"2025","4595341","Caleb Hood","RB","North Carolina","ACC","defensive","QB HUR","0"
"2025","4595341","Caleb Hood","RB","North Carolina","ACC","defensive","SACKS","0"
"2025","4595341","Caleb Hood","RB","North Carolina","ACC","defensive","SOLO","0"
"2025","4595341","Caleb Hood","RB","North Carolina","ACC","defensive","TD","0"
"2025","4595341","Caleb Hood","RB","North Carolina","ACC","defensive","TFL","0"
"2025","4595341","Caleb Hood","RB","North Carolina","ACC","defensive","TOT","2"
"2025","4595341","Caleb Hood","RB","North Carolina","ACC","receiving","LONG","15"
"2025","4595341","Caleb Hood","RB","North Carolina","ACC","receiving","REC","6"
"2025","4595341","Caleb Hood","RB","North Carolina","ACC","receiving","TD","0"
"2025","4595341","Caleb Hood","RB","North Carolina","ACC","receiving","YDS","29"
"2025","4595341","Caleb Hood","RB","North Carolina","ACC","receiving","YPR","4.8"
"2025","4595341","Caleb Hood","RB","North Carolina","ACC","rushing","CAR","16"
"2025","4595341","Caleb Hood","RB","North Carolina","ACC","rushing","LONG","9"
"2025","4595341","Caleb Hood","RB","North Carolina","ACC","rushing","TD","1"
"2025","4595341","Caleb Hood","RB","North Carolina","ACC","rushing","YDS","44"
"2025","4595341","Caleb Hood","RB","North Carolina","ACC","rushing","YPC","2.8"
"2025","4596438","Deuce Harmon","CB","SMU","ACC","defensive","PD","7"
"2025","4596438","Deuce Harmon","CB","SMU","ACC","defensive","QB HUR","1"
"2025","4596438","Deuce Harmon","CB","SMU","ACC","defensive","SACKS","0"
"2025","4596438","Deuce Harmon","CB","SMU","ACC","defensive","SOLO","23"
"2025","4596438","Deuce Harmon","CB","SMU","ACC","defensive","TD","0"
"2025","4596438","Deuce Harmon","CB","SMU","ACC","defensive","TFL","1"
"2025","4596438","Deuce Harmon","CB","SMU","ACC","defensive","TOT","34"
"2025","4596666","Bryce Steele","LB","Boston College","ACC","defensive","PD","1"
"2025","4596666","Bryce Steele","LB","Boston College","ACC","defensive","QB HUR","1"
"2025","4596666","Bryce Steele","LB","Boston College","ACC","defensive","SACKS","0"
"2025","4596666","Bryce Steele","LB","Boston College","ACC","defensive","SOLO","9"
"2025","4596666","Bryce Steele","LB","Boston College","ACC","defensive","TD","0"
"2025","4596666","Bryce Steele","LB","Boston College","ACC","defensive","TFL","0"
"2025","4596666","Bryce Steele","LB","Boston College","ACC","defensive","TOT","16"
"2025","4596666","Bryce Steele","LB","Boston College","ACC","fumbles","FUM","0"
"2025","4596666","Bryce Steele","LB","Boston College","ACC","fumbles","LOST","0"
"2025","4596666","Bryce Steele","LB","Boston College","ACC","fumbles","REC","1"
"2025","4597241","Derek Wilkins","DL","California","ACC","defensive","PD","8"
"2025","4597241","Derek Wilkins","DL","California","ACC","defensive","QB HUR","1"
"2025","4597241","Derek Wilkins","DL","California","ACC","defensive","SACKS","0"
"2025","4597241","Derek Wilkins","DL","California","ACC","defensive","SOLO","5"
"2025","4597241","Derek Wilkins","DL","California","ACC","defensive","TD","0"
"2025","4597241","Derek Wilkins","DL","California","ACC","defensive","TFL","0"
"2025","4597241","Derek Wilkins","DL","California","ACC","defensive","TOT","12"
"2025","4597250","Will Johnson","LB","Virginia Tech","ACC","defensive","PD","0"
"2025","4597250","Will Johnson","LB","Virginia Tech","ACC","defensive","QB HUR","0"
"2025","4597250","Will Johnson","LB","Virginia Tech","ACC","defensive","SACKS","0"
"2025","4597250","Will Johnson","LB","Virginia Tech","ACC","defensive","SOLO","1"
"2025","4597250","Will Johnson","LB","Virginia Tech","ACC","defensive","TD","0"
"2025","4597250","Will Johnson","LB","Virginia Tech","ACC","defensive","TFL","0"
"2025","4597250","Will Johnson","LB","Virginia Tech","ACC","defensive","TOT","3"
"2025","4597253","Isaiah Nwokobia","S","SMU","ACC","defensive","PD","7"
"2025","4597253","Isaiah Nwokobia","S","SMU","ACC","defensive","QB HUR","0"
"2025","4597253","Isaiah Nwokobia","S","SMU","ACC","defensive","SACKS","0"
"2025","4597253","Isaiah Nwokobia","S","SMU","ACC","defensive","SOLO","41"
"2025","4597253","Isaiah Nwokobia","S","SMU","ACC","defensive","TD","0"
"2025","4597253","Isaiah Nwokobia","S","SMU","ACC","defensive","TFL","2.0"
"2025","4597253","Isaiah Nwokobia","S","SMU","ACC","defensive","TOT","80"
"2025","4597253","Isaiah Nwokobia","S","SMU","ACC","fumbles","FUM","0"
"2025","4597253","Isaiah Nwokobia","S","SMU","ACC","fumbles","LOST","0"
"2025","4597253","Isaiah Nwokobia","S","SMU","ACC","fumbles","REC","1"
"2025","4597253","Isaiah Nwokobia","S","SMU","ACC","interceptions","AVG","21.5"
"2025","4597253","Isaiah Nwokobia","S","SMU","ACC","interceptions","INT","2"
"2025","4597253","Isaiah Nwokobia","S","SMU","ACC","interceptions","TD","0"
"2025","4597253","Isaiah Nwokobia","S","SMU","ACC","interceptions","YDS","43"
"2025","4602192","Landen King","TE","Duke","ACC","receiving","LONG","33"
"2025","4602192","Landen King","TE","Duke","ACC","receiving","REC","15"
"2025","4602192","Landen King","TE","Duke","ACC","receiving","TD","4"
"2025","4602192","Landen King","TE","Duke","ACC","receiving","YDS","203"
"2025","4602192","Landen King","TE","Duke","ACC","receiving","YPR","13.5"
"2025","4602646","Dylan Hazen","LB","Wake Forest","ACC","defensive","PD","3"
"2025","4602646","Dylan Hazen","LB","Wake Forest","ACC","defensive","QB HUR","5"
"2025","4602646","Dylan Hazen","LB","Wake Forest","ACC","defensive","SACKS","0"
"2025","4602646","Dylan Hazen","LB","Wake Forest","ACC","defensive","SOLO","30"
"2025","4602646","Dylan Hazen","LB","Wake Forest","ACC","defensive","TD","0"
"2025","4602646","Dylan Hazen","LB","Wake Forest","ACC","defensive","TFL","9.0"
"2025","4602646","Dylan Hazen","LB","Wake Forest","ACC","defensive","TOT","73"
"2025","4602646","Dylan Hazen","LB","Wake Forest","ACC","fumbles","FUM","0"
"2025","4602646","Dylan Hazen","LB","Wake Forest","ACC","fumbles","LOST","0"
"2025","4602646","Dylan Hazen","LB","Wake Forest","ACC","fumbles","REC","2"
"2025","4602927","Mitch Leigber","S","Stanford","ACC","defensive","PD","2"
"2025","4602927","Mitch Leigber","S","Stanford","ACC","defensive","QB HUR","1"
"2025","4602927","Mitch Leigber","S","Stanford","ACC","defensive","SACKS","0"
"2025","4602927","Mitch Leigber","S","Stanford","ACC","defensive","SOLO","21"
"2025","4602927","Mitch Leigber","S","Stanford","ACC","defensive","TD","0"
"2025","4602927","Mitch Leigber","S","Stanford","ACC","defensive","TFL","3"
"2025","4602927","Mitch Leigber","S","Stanford","ACC","defensive","TOT","36"
"2025","4602967","Aaron Hall","DT","Duke","ACC","defensive","PD","0"
"2025","4602967","Aaron Hall","DT","Duke","ACC","defensive","QB HUR","4"
"2025","4602967","Aaron Hall","DT","Duke","ACC","defensive","SACKS","2.5"
"2025","4602967","Aaron Hall","DT","Duke","ACC","defensive","SOLO","19"
"2025","4602967","Aaron Hall","DT","Duke","ACC","defensive","TD","0"
"2025","4602967","Aaron Hall","DT","Duke","ACC","defensive","TFL","11.0"
"2025","4602967","Aaron Hall","DT","Duke","ACC","defensive","TOT","44"
"2025","4603746","Malik Rutherford","WR","Georgia Tech","ACC","receiving","LONG","71"
"2025","4603746","Malik Rutherford","WR","Georgia Tech","ACC","receiving","REC","46"
"2025","4603746","Malik Rutherford","WR","Georgia Tech","ACC","receiving","TD","3"
"2025","4603746","Malik Rutherford","WR","Georgia Tech","ACC","receiving","YDS","523"
"2025","4603746","Malik Rutherford","WR","Georgia Tech","ACC","receiving","YPR","11.4"
"2025","4603746","Malik Rutherford","WR","Georgia Tech","ACC","rushing","CAR","7"
"2025","4603746","Malik Rutherford","WR","Georgia Tech","ACC","rushing","LONG","13"
"2025","4603746","Malik Rutherford","WR","Georgia Tech","ACC","rushing","TD","0"
"2025","4603746","Malik Rutherford","WR","Georgia Tech","ACC","rushing","YDS","45"
"2025","4603746","Malik Rutherford","WR","Georgia Tech","ACC","rushing","YPC","6.4"
"2025","4604004","Keelan Marion","WR","Miami","ACC","kickReturns","AVG","24.4"
"2025","4604004","Keelan Marion","WR","Miami","ACC","kickReturns","LONG","38"
"2025","4604004","Keelan Marion","WR","Miami","ACC","kickReturns","NO","12"
"2025","4604004","Keelan Marion","WR","Miami","ACC","kickReturns","TD","0"
"2025","4604004","Keelan Marion","WR","Miami","ACC","kickReturns","YDS","293"
"2025","4604004","Keelan Marion","WR","Miami","ACC","receiving","LONG","61"
"2025","4604004","Keelan Marion","WR","Miami","ACC","receiving","REC","57"
"2025","4604004","Keelan Marion","WR","Miami","ACC","receiving","TD","2"
"2025","4604004","Keelan Marion","WR","Miami","ACC","receiving","YDS","746"
"2025","4604004","Keelan Marion","WR","Miami","ACC","receiving","YPR","13.1"
"2025","4604004","Keelan Marion","WR","Miami","ACC","rushing","CAR","4"
"2025","4604004","Keelan Marion","WR","Miami","ACC","rushing","LONG","22"
"2025","4604004","Keelan Marion","WR","Miami","ACC","rushing","TD","0"
"2025","4604004","Keelan Marion","WR","Miami","ACC","rushing","YDS","25"
"2025","4604004","Keelan Marion","WR","Miami","ACC","rushing","YPC","6.3"
"2025","4605951","C.J. Daniels","WR","Miami","ACC","receiving","LONG","47"
"2025","4605951","C.J. Daniels","WR","Miami","ACC","receiving","REC","50"
"2025","4605951","C.J. Daniels","WR","Miami","ACC","receiving","TD","7"
"2025","4605951","C.J. Daniels","WR","Miami","ACC","receiving","YDS","557"
"2025","4605951","C.J. Daniels","WR","Miami","ACC","receiving","YPR","11.1"
"2025","4606666","Karon Prunty","DB","Wake Forest","ACC","defensive","PD","8"
"2025","4606666","Karon Prunty","DB","Wake Forest","ACC","defensive","QB HUR","1"
"2025","4606666","Karon Prunty","DB","Wake Forest","ACC","defensive","SACKS","1"
"2025","4606666","Karon Prunty","DB","Wake Forest","ACC","defensive","SOLO","23"
"2025","4606666","Karon Prunty","DB","Wake Forest","ACC","defensive","TD","0"
"2025","4606666","Karon Prunty","DB","Wake Forest","ACC","defensive","TFL","2"
"2025","4606666","Karon Prunty","DB","Wake Forest","ACC","defensive","TOT","40"
"2025","4606666","Karon Prunty","DB","Wake Forest","ACC","fumbles","FUM","0"
"2025","4606666","Karon Prunty","DB","Wake Forest","ACC","fumbles","LOST","0"
"2025","4606666","Karon Prunty","DB","Wake Forest","ACC","fumbles","REC","1"
"2025","4606666","Karon Prunty","DB","Wake Forest","ACC","interceptions","AVG","0.0"
"2025","4606666","Karon Prunty","DB","Wake Forest","ACC","interceptions","INT","1"
"2025","4606666","Karon Prunty","DB","Wake Forest","ACC","interceptions","TD","0"
"2025","4606666","Karon Prunty","DB","Wake Forest","ACC","interceptions","YDS","0"
"2025","4608755","Anson Pulsipher","LB","Stanford","ACC","defensive","PD","0"
"2025","4608755","Anson Pulsipher","LB","Stanford","ACC","defensive","QB HUR","0"
"2025","4608755","Anson Pulsipher","LB","Stanford","ACC","defensive","SACKS","0"
"2025","4608755","Anson Pulsipher","LB","Stanford","ACC","defensive","SOLO","6"
"2025","4608755","Anson Pulsipher","LB","Stanford","ACC","defensive","TD","0"
"2025","4608755","Anson Pulsipher","LB","Stanford","ACC","defensive","TFL","0"
"2025","4608755","Anson Pulsipher","LB","Stanford","ACC","defensive","TOT","6"
"2025","4608858","Dan Villari","TE","Syracuse","ACC","receiving","LONG","35"
"2025","4608858","Dan Villari","TE","Syracuse","ACC","receiving","REC","39"
"2025","4608858","Dan Villari","TE","Syracuse","ACC","receiving","TD","0"
"2025","4608858","Dan Villari","TE","Syracuse","ACC","receiving","YDS","412"
"2025","4608858","Dan Villari","TE","Syracuse","ACC","receiving","YPR","10.6"
"2025","4608858","Dan Villari","TE","Syracuse","ACC","rushing","CAR","17"
"2025","4608858","Dan Villari","TE","Syracuse","ACC","rushing","LONG","10"
"2025","4608858","Dan Villari","TE","Syracuse","ACC","rushing","TD","1"
"2025","4608858","Dan Villari","TE","Syracuse","ACC","rushing","YDS","55"
"2025","4608858","Dan Villari","TE","Syracuse","ACC","rushing","YPC","3.2"
"2025","4608922","Braydon Bennett","RB","Virginia Tech","ACC","receiving","LONG","2"
"2025","4608922","Braydon Bennett","RB","Virginia Tech","ACC","receiving","REC","1"
"2025","4608922","Braydon Bennett","RB","Virginia Tech","ACC","receiving","TD","0"
"2025","4608922","Braydon Bennett","RB","Virginia Tech","ACC","receiving","YDS","2"
"2025","4608922","Braydon Bennett","RB","Virginia Tech","ACC","receiving","YPR","2.0"
"2025","4608922","Braydon Bennett","RB","Virginia Tech","ACC","rushing","CAR","4"
"2025","4608922","Braydon Bennett","RB","Virginia Tech","ACC","rushing","LONG","3"
"2025","4608922","Braydon Bennett","RB","Virginia Tech","ACC","rushing","TD","1"
"2025","4608922","Braydon Bennett","RB","Virginia Tech","ACC","rushing","YDS","8"
"2025","4608922","Braydon Bennett","RB","Virginia Tech","ACC","rushing","YPC","2.0"
"2025","4611355","Javon Mcintyre","DB","Pittsburgh","ACC","defensive","PD","1"
"2025","4611355","Javon Mcintyre","DB","Pittsburgh","ACC","defensive","QB HUR","0"
"2025","4611355","Javon Mcintyre","DB","Pittsburgh","ACC","defensive","SACKS","0"
"2025","4611355","Javon Mcintyre","DB","Pittsburgh","ACC","defensive","SOLO","36"
"2025","4611355","Javon Mcintyre","DB","Pittsburgh","ACC","defensive","TD","0"
"2025","4611355","Javon Mcintyre","DB","Pittsburgh","ACC","defensive","TFL","2"
"2025","4611355","Javon Mcintyre","DB","Pittsburgh","ACC","defensive","TOT","50"
"2025","4611355","Javon Mcintyre","DB","Pittsburgh","ACC","interceptions","AVG","0.0"
"2025","4611355","Javon Mcintyre","DB","Pittsburgh","ACC","interceptions","INT","1"
"2025","4611355","Javon Mcintyre","DB","Pittsburgh","ACC","interceptions","TD","0"
"2025","4611355","Javon Mcintyre","DB","Pittsburgh","ACC","interceptions","YDS","0"
"2025","4611355","Javon Mcintyre","DB","Pittsburgh","ACC","kickReturns","AVG","36.0"
"2025","4611355","Javon Mcintyre","DB","Pittsburgh","ACC","kickReturns","LONG","36"
"2025","4611355","Javon Mcintyre","DB","Pittsburgh","ACC","kickReturns","NO","1"
"2025","4611355","Javon Mcintyre","DB","Pittsburgh","ACC","kickReturns","TD","0"
"2025","4611355","Javon Mcintyre","DB","Pittsburgh","ACC","kickReturns","YDS","36"
"2025","4611995","Jamal Haynes","RB","Georgia Tech","ACC","fumbles","FUM","1"
"2025","4611995","Jamal Haynes","RB","Georgia Tech","ACC","fumbles","LOST","1"
"2025","4611995","Jamal Haynes","RB","Georgia Tech","ACC","fumbles","REC","0"
"2025","4611995","Jamal Haynes","RB","Georgia Tech","ACC","kickReturns","AVG","17.0"
"2025","4611995","Jamal Haynes","RB","Georgia Tech","ACC","kickReturns","LONG","17"
"2025","4611995","Jamal Haynes","RB","Georgia Tech","ACC","kickReturns","NO","1"
"2025","4611995","Jamal Haynes","RB","Georgia Tech","ACC","kickReturns","TD","0"
"2025","4611995","Jamal Haynes","RB","Georgia Tech","ACC","kickReturns","YDS","17"
"2025","4611995","Jamal Haynes","RB","Georgia Tech","ACC","receiving","LONG","34"
"2025","4611995","Jamal Haynes","RB","Georgia Tech","ACC","receiving","REC","33"
"2025","4611995","Jamal Haynes","RB","Georgia Tech","ACC","receiving","TD","0"
"2025","4611995","Jamal Haynes","RB","Georgia Tech","ACC","receiving","YDS","257"
"2025","4611995","Jamal Haynes","RB","Georgia Tech","ACC","receiving","YPR","7.8"
"2025","4611995","Jamal Haynes","RB","Georgia Tech","ACC","rushing","CAR","124"
"2025","4611995","Jamal Haynes","RB","Georgia Tech","ACC","rushing","LONG","47"
"2025","4611995","Jamal Haynes","RB","Georgia Tech","ACC","rushing","TD","5"
"2025","4611995","Jamal Haynes","RB","Georgia Tech","ACC","rushing","YDS","531"
"2025","4611995","Jamal Haynes","RB","Georgia Tech","ACC","rushing","YPC","4.3"
"2025","4612246","Sahmir Hagans","WR","Duke","ACC","defensive","PD","0"
"2025","4612246","Sahmir Hagans","WR","Duke","ACC","defensive","QB HUR","0"
"2025","4612246","Sahmir Hagans","WR","Duke","ACC","defensive","SACKS","0"
"2025","4612246","Sahmir Hagans","WR","Duke","ACC","defensive","SOLO","0"
"2025","4612246","Sahmir Hagans","WR","Duke","ACC","defensive","TD","1"
"2025","4612246","Sahmir Hagans","WR","Duke","ACC","defensive","TFL","0"
"2025","4612246","Sahmir Hagans","WR","Duke","ACC","defensive","TOT","0"
"2025","4612246","Sahmir Hagans","WR","Duke","ACC","fumbles","FUM","2"
"2025","4612246","Sahmir Hagans","WR","Duke","ACC","fumbles","LOST","1"
"2025","4612246","Sahmir Hagans","WR","Duke","ACC","fumbles","REC","0"
"2025","4612246","Sahmir Hagans","WR","Duke","ACC","kickReturns","AVG","33.4"
"2025","4612246","Sahmir Hagans","WR","Duke","ACC","kickReturns","LONG","100"
"2025","4612246","Sahmir Hagans","WR","Duke","ACC","kickReturns","NO","14"
"2025","4612246","Sahmir Hagans","WR","Duke","ACC","kickReturns","TD","1"
"2025","4612246","Sahmir Hagans","WR","Duke","ACC","kickReturns","YDS","467"
"2025","4612246","Sahmir Hagans","WR","Duke","ACC","receiving","LONG","35"
"2025","4612246","Sahmir Hagans","WR","Duke","ACC","receiving","REC","44"
"2025","4612246","Sahmir Hagans","WR","Duke","ACC","receiving","TD","6"
"2025","4612246","Sahmir Hagans","WR","Duke","ACC","receiving","YDS","512"
"2025","4612246","Sahmir Hagans","WR","Duke","ACC","receiving","YPR","11.6"
"2025","4612297","Markeston Douglas","TE","Florida State","ACC","receiving","LONG","13"
"2025","4612297","Markeston Douglas","TE","Florida State","ACC","receiving","REC","2"
"2025","4612297","Markeston Douglas","TE","Florida State","ACC","receiving","TD","0"
"2025","4612297","Markeston Douglas","TE","Florida State","ACC","receiving","YDS","24"
"2025","4612297","Markeston Douglas","TE","Florida State","ACC","receiving","YPR","12.0"
"2025","4612406","Anwar Sparrow","LB","Syracuse","ACC","defensive","PD","2"
"2025","4612406","Anwar Sparrow","LB","Syracuse","ACC","defensive","QB HUR","0"
"2025","4612406","Anwar Sparrow","LB","Syracuse","ACC","defensive","SACKS","1"
"2025","4612406","Anwar Sparrow","LB","Syracuse","ACC","defensive","SOLO","22"
"2025","4612406","Anwar Sparrow","LB","Syracuse","ACC","defensive","TD","1"
"2025","4612406","Anwar Sparrow","LB","Syracuse","ACC","defensive","TFL","4.5"
"2025","4612406","Anwar Sparrow","LB","Syracuse","ACC","defensive","TOT","31"
"2025","4612406","Anwar Sparrow","LB","Syracuse","ACC","fumbles","FUM","0"
"2025","4612406","Anwar Sparrow","LB","Syracuse","ACC","fumbles","LOST","0"
"2025","4612406","Anwar Sparrow","LB","Syracuse","ACC","fumbles","REC","1"
"2025","4612558","Anderson Castle","RB","Duke","ACC","receiving","LONG","17"
"2025","4612558","Anderson Castle","RB","Duke","ACC","receiving","REC","17"
"2025","4612558","Anderson Castle","RB","Duke","ACC","receiving","TD","0"
"2025","4612558","Anderson Castle","RB","Duke","ACC","receiving","YDS","111"
"2025","4612558","Anderson Castle","RB","Duke","ACC","receiving","YPR","6.5"
"2025","4612558","Anderson Castle","RB","Duke","ACC","rushing","CAR","115"
"2025","4612558","Anderson Castle","RB","Duke","ACC","rushing","LONG","66"
"2025","4612558","Anderson Castle","RB","Duke","ACC","rushing","TD","12"
"2025","4612558","Anderson Castle","RB","Duke","ACC","rushing","YDS","488"
"2025","4612558","Anderson Castle","RB","Duke","ACC","rushing","YPC","4.2"
"2025","4612836","Darrell Jackson","DL","Florida State","ACC","defensive","PD","0"
"2025","4612836","Darrell Jackson","DL","Florida State","ACC","defensive","QB HUR","1"
"2025","4612836","Darrell Jackson","DL","Florida State","ACC","defensive","SACKS","0.5"
"2025","4612836","Darrell Jackson","DL","Florida State","ACC","defensive","SOLO","11"
"2025","4612836","Darrell Jackson","DL","Florida State","ACC","defensive","TD","0"
"2025","4612836","Darrell Jackson","DL","Florida State","ACC","defensive","TFL","1.5"
"2025","4612836","Darrell Jackson","DL","Florida State","ACC","defensive","TOT","44"
"2025","4612846","Jackson Hamilton","LB","Georgia Tech","ACC","defensive","PD","0"
"2025","4612846","Jackson Hamilton","LB","Georgia Tech","ACC","defensive","QB HUR","0"
"2025","4612846","Jackson Hamilton","LB","Georgia Tech","ACC","defensive","SACKS","0"
"2025","4612846","Jackson Hamilton","LB","Georgia Tech","ACC","defensive","SOLO","1"
"2025","4612846","Jackson Hamilton","LB","Georgia Tech","ACC","defensive","TD","0"
"2025","4612846","Jackson Hamilton","LB","Georgia Tech","ACC","defensive","TFL","0"
"2025","4612846","Jackson Hamilton","LB","Georgia Tech","ACC","defensive","TOT","1"
"2025","4643646","Matthew Dennis","PK","Wake Forest","ACC","kicking","FGA","0"
"2025","4643646","Matthew Dennis","PK","Wake Forest","ACC","kicking","FGM","0"
"2025","4643646","Matthew Dennis","PK","Wake Forest","ACC","kicking","LONG","0"
"2025","4643646","Matthew Dennis","PK","Wake Forest","ACC","kicking","PCT","0"
"2025","4643646","Matthew Dennis","PK","Wake Forest","ACC","kicking","PTS","3"
"2025","4643646","Matthew Dennis","PK","Wake Forest","ACC","kicking","XPA","3"
"2025","4643646","Matthew Dennis","PK","Wake Forest","ACC","kicking","XPM","3"
"2025","4678010","Kyron Drones","QB","Virginia Tech","ACC","defensive","PD","0"
"2025","4678010","Kyron Drones","QB","Virginia Tech","ACC","defensive","QB HUR","0"
"2025","4678010","Kyron Drones","QB","Virginia Tech","ACC","defensive","SACKS","0"
"2025","4678010","Kyron Drones","QB","Virginia Tech","ACC","defensive","SOLO","1"
"2025","4678010","Kyron Drones","QB","Virginia Tech","ACC","defensive","TD","0"
"2025","4678010","Kyron Drones","QB","Virginia Tech","ACC","defensive","TFL","0"
"2025","4678010","Kyron Drones","QB","Virginia Tech","ACC","defensive","TOT","1"
"2025","4678010","Kyron Drones","QB","Virginia Tech","ACC","fumbles","FUM","6"
"2025","4678010","Kyron Drones","QB","Virginia Tech","ACC","fumbles","LOST","4"
"2025","4678010","Kyron Drones","QB","Virginia Tech","ACC","fumbles","REC","0"
"2025","4678010","Kyron Drones","QB","Virginia Tech","ACC","passing","ATT","315"
"2025","4678010","Kyron Drones","QB","Virginia Tech","ACC","passing","COMPLETIONS","178"
"2025","4678010","Kyron Drones","QB","Virginia Tech","ACC","passing","INT","9"
"2025","4678010","Kyron Drones","QB","Virginia Tech","ACC","passing","PCT","0.565"
"2025","4678010","Kyron Drones","QB","Virginia Tech","ACC","passing","TD","17"
"2025","4678010","Kyron Drones","QB","Virginia Tech","ACC","passing","YDS","1919"
"2025","4678010","Kyron Drones","QB","Virginia Tech","ACC","passing","YPA","6.1"
"2025","4678010","Kyron Drones","QB","Virginia Tech","ACC","rushing","CAR","170"
"2025","4678010","Kyron Drones","QB","Virginia Tech","ACC","rushing","LONG","33"
"2025","4678010","Kyron Drones","QB","Virginia Tech","ACC","rushing","TD","9"
"2025","4678010","Kyron Drones","QB","Virginia Tech","ACC","rushing","YDS","644"
"2025","4678010","Kyron Drones","QB","Virginia Tech","ACC","rushing","YPC","3.8"
"2025","4682484","Stone Eby","TE","SMU","ACC","kicking","FGA","0"
"2025","4682484","Stone Eby","TE","SMU","ACC","kicking","FGM","0"
"2025","4682484","Stone Eby","TE","SMU","ACC","kicking","LONG","0"
"2025","4682484","Stone Eby","TE","SMU","ACC","kicking","PCT","0"
"2025","4682484","Stone Eby","TE","SMU","ACC","kicking","PTS","2"
"2025","4682484","Stone Eby","TE","SMU","ACC","kicking","XPA","2"
"2025","4682484","Stone Eby","TE","SMU","ACC","kicking","XPM","2"
"2025","4682484","Stone Eby","TE","SMU","ACC","receiving","LONG","18"
"2025","4682484","Stone Eby","TE","SMU","ACC","receiving","REC","1"
"2025","4682484","Stone Eby","TE","SMU","ACC","receiving","TD","0"
"2025","4682484","Stone Eby","TE","SMU","ACC","receiving","YDS","18"
"2025","4682484","Stone Eby","TE","SMU","ACC","receiving","YPR","18.0"
"2025","4682484","Stone Eby","TE","SMU","ACC","rushing","CAR","1"
"2025","4682484","Stone Eby","TE","SMU","ACC","rushing","LONG","1"
"2025","4682484","Stone Eby","TE","SMU","ACC","rushing","TD","1"
"2025","4682484","Stone Eby","TE","SMU","ACC","rushing","YDS","1"
"2025","4682484","Stone Eby","TE","SMU","ACC","rushing","YPC","1.0"
"2025","4682490","Chase Smith","LB","Miami","ACC","defensive","PD","2"
"2025","4682490","Chase Smith","LB","Miami","ACC","defensive","QB HUR","2"
"2025","4682490","Chase Smith","LB","Miami","ACC","defensive","SACKS","0"
"2025","4682490","Chase Smith","LB","Miami","ACC","defensive","SOLO","15"
"2025","4682490","Chase Smith","LB","Miami","ACC","defensive","TD","0"
"2025","4682490","Chase Smith","LB","Miami","ACC","defensive","TFL","0"
"2025","4682490","Chase Smith","LB","Miami","ACC","defensive","TOT","31"
"2025","4682490","Chase Smith","LB","Miami","ACC","fumbles","FUM","0"
"2025","4682490","Chase Smith","LB","Miami","ACC","fumbles","LOST","0"
"2025","4682490","Chase Smith","LB","Miami","ACC","fumbles","REC","2"
"2025","4682626","Pete Nygra","OL","Louisville","ACC","defensive","PD","1"
"2025","4682626","Pete Nygra","OL","Louisville","ACC","defensive","QB HUR","0"
"2025","4682626","Pete Nygra","OL","Louisville","ACC","defensive","SACKS","0"
"2025","4682626","Pete Nygra","OL","Louisville","ACC","defensive","SOLO","0"
"2025","4682626","Pete Nygra","OL","Louisville","ACC","defensive","TD","0"
"2025","4682626","Pete Nygra","OL","Louisville","ACC","defensive","TFL","0"
"2025","4682626","Pete Nygra","OL","Louisville","ACC","defensive","TOT","1"
"2025","4682789","Logan Taylor","OL","Boston College","ACC","defensive","PD","0"
"2025","4682789","Logan Taylor","OL","Boston College","ACC","defensive","QB HUR","0"
"2025","4682789","Logan Taylor","OL","Boston College","ACC","defensive","SACKS","0"
"2025","4682789","Logan Taylor","OL","Boston College","ACC","defensive","SOLO","1"
"2025","4682789","Logan Taylor","OL","Boston College","ACC","defensive","TD","0"
"2025","4682789","Logan Taylor","OL","Boston College","ACC","defensive","TFL","0"
"2025","4682789","Logan Taylor","OL","Boston College","ACC","defensive","TOT","1"
"2025","4683096","Caden Fordham","LB","NC State","ACC","defensive","PD","3"
"2025","4683096","Caden Fordham","LB","NC State","ACC","defensive","QB HUR","4"
"2025","4683096","Caden Fordham","LB","NC State","ACC","defensive","SACKS","3.5"
"2025","4683096","Caden Fordham","LB","NC State","ACC","defensive","SOLO","60"
"2025","4683096","Caden Fordham","LB","NC State","ACC","defensive","TD","0"
"2025","4683096","Caden Fordham","LB","NC State","ACC","defensive","TFL","9.5"
"2025","4683096","Caden Fordham","LB","NC State","ACC","defensive","TOT","143"
"2025","4683096","Caden Fordham","LB","NC State","ACC","fumbles","FUM","0"
"2025","4683096","Caden Fordham","LB","NC State","ACC","fumbles","LOST","0"
"2025","4683096","Caden Fordham","LB","NC State","ACC","fumbles","REC","1"
"2025","4683096","Caden Fordham","LB","NC State","ACC","interceptions","AVG","27.5"
"2025","4683096","Caden Fordham","LB","NC State","ACC","interceptions","INT","2"
"2025","4683096","Caden Fordham","LB","NC State","ACC","interceptions","TD","0"
"2025","4683096","Caden Fordham","LB","NC State","ACC","interceptions","YDS","55"
"2025","4683154","Mikai Gbayor","LB","North Carolina","ACC","defensive","PD","0"
"2025","4683154","Mikai Gbayor","LB","North Carolina","ACC","defensive","QB HUR","0"
"2025","4683154","Mikai Gbayor","LB","North Carolina","ACC","defensive","SACKS","1"
"2025","4683154","Mikai Gbayor","LB","North Carolina","ACC","defensive","SOLO","16"
"2025","4683154","Mikai Gbayor","LB","North Carolina","ACC","defensive","TD","1"
"2025","4683154","Mikai Gbayor","LB","North Carolina","ACC","defensive","TFL","2.5"
"2025","4683154","Mikai Gbayor","LB","North Carolina","ACC","defensive","TOT","36"
"2025","4683154","Mikai Gbayor","LB","North Carolina","ACC","fumbles","FUM","0"
"2025","4683154","Mikai Gbayor","LB","North Carolina","ACC","fumbles","LOST","0"
"2025","4683154","Mikai Gbayor","LB","North Carolina","ACC","fumbles","REC","1"
"2025","4683159","Lewis Bond","WR","Boston College","ACC","fumbles","FUM","1"
"2025","4683159","Lewis Bond","WR","Boston College","ACC","fumbles","LOST","1"
"2025","4683159","Lewis Bond","WR","Boston College","ACC","fumbles","REC","0"
"2025","4683159","Lewis Bond","WR","Boston College","ACC","receiving","LONG","54"
"2025","4683159","Lewis Bond","WR","Boston College","ACC","receiving","REC","89"
"2025","4683159","Lewis Bond","WR","Boston College","ACC","receiving","TD","1"
"2025","4683159","Lewis Bond","WR","Boston College","ACC","receiving","YDS","1010"
"2025","4683159","Lewis Bond","WR","Boston College","ACC","receiving","YPR","11.3"
"2025","4683159","Lewis Bond","WR","Boston College","ACC","rushing","CAR","4"
"2025","4683159","Lewis Bond","WR","Boston College","ACC","rushing","LONG","7"
"2025","4683159","Lewis Bond","WR","Boston College","ACC","rushing","TD","0"
"2025","4683159","Lewis Bond","WR","Boston College","ACC","rushing","YDS","3"
"2025","4683159","Lewis Bond","WR","Boston College","ACC","rushing","YPC","0.8"
"2025","4683201","Andrew Simpson","LB","North Carolina","ACC","defensive","PD","1"
"2025","4683201","Andrew Simpson","LB","North Carolina","ACC","defensive","QB HUR","6"
"2025","4683201","Andrew Simpson","LB","North Carolina","ACC","defensive","SACKS","5"
"2025","4683201","Andrew Simpson","LB","North Carolina","ACC","defensive","SOLO","30"
"2025","4683201","Andrew Simpson","LB","North Carolina","ACC","defensive","TD","0"
"2025","4683201","Andrew Simpson","LB","North Carolina","ACC","defensive","TFL","9.0"
"2025","4683201","Andrew Simpson","LB","North Carolina","ACC","defensive","TOT","59"
"2025","4683201","Andrew Simpson","LB","North Carolina","ACC","interceptions","AVG","16.0"
"2025","4683201","Andrew Simpson","LB","North Carolina","ACC","interceptions","INT","1"
"2025","4683201","Andrew Simpson","LB","North Carolina","ACC","interceptions","TD","0"
"2025","4683201","Andrew Simpson","LB","North Carolina","ACC","interceptions","YDS","16"
"2025","4683205","Quincy Bryant","LB","Wake Forest","ACC","defensive","PD","0"
"2025","4683205","Quincy Bryant","LB","Wake Forest","ACC","defensive","QB HUR","1"
"2025","4683205","Quincy Bryant","LB","Wake Forest","ACC","defensive","SACKS","0"
"2025","4683205","Quincy Bryant","LB","Wake Forest","ACC","defensive","SOLO","16"
"2025","4683205","Quincy Bryant","LB","Wake Forest","ACC","defensive","TD","0"
"2025","4683205","Quincy Bryant","LB","Wake Forest","ACC","defensive","TFL","2"
"2025","4683205","Quincy Bryant","LB","Wake Forest","ACC","defensive","TOT","57"
"2025","4683205","Quincy Bryant","LB","Wake Forest","ACC","fumbles","FUM","0"
"2025","4683205","Quincy Bryant","LB","Wake Forest","ACC","fumbles","LOST","0"
"2025","4683205","Quincy Bryant","LB","Wake Forest","ACC","fumbles","REC","1"
"2025","4683224","Derek Mcdonald","LB","Syracuse","ACC","defensive","PD","0"
"2025","4683224","Derek Mcdonald","LB","Syracuse","ACC","defensive","QB HUR","0"
"2025","4683224","Derek Mcdonald","LB","Syracuse","ACC","defensive","SACKS","0"
"2025","4683224","Derek Mcdonald","LB","Syracuse","ACC","defensive","SOLO","4"
"2025","4683224","Derek Mcdonald","LB","Syracuse","ACC","defensive","TD","0"
"2025","4683224","Derek Mcdonald","LB","Syracuse","ACC","defensive","TFL","0"
"2025","4683224","Derek Mcdonald","LB","Syracuse","ACC","defensive","TOT","6"
"2025","4683306","Landon Morris","TE","California","ACC","receiving","LONG","26"
"2025","4683306","Landon Morris","TE","California","ACC","receiving","REC","7"
"2025","4683306","Landon Morris","TE","California","ACC","receiving","TD","2"
"2025","4683306","Landon Morris","TE","California","ACC","receiving","YDS","94"
"2025","4683306","Landon Morris","TE","California","ACC","receiving","YPR","13.4"
"2025","4683310","Omar Daniels","DB","Georgia Tech","ACC","defensive","PD","1"
"2025","4683310","Omar Daniels","DB","Georgia Tech","ACC","defensive","QB HUR","0"
"2025","4683310","Omar Daniels","DB","Georgia Tech","ACC","defensive","SACKS","0.5"
"2025","4683310","Omar Daniels","DB","Georgia Tech","ACC","defensive","SOLO","39"
"2025","4683310","Omar Daniels","DB","Georgia Tech","ACC","defensive","TD","1"
"2025","4683310","Omar Daniels","DB","Georgia Tech","ACC","defensive","TFL","3.5"
"2025","4683310","Omar Daniels","DB","Georgia Tech","ACC","defensive","TOT","60"
"2025","4683310","Omar Daniels","DB","Georgia Tech","ACC","fumbles","FUM","0"
"2025","4683310","Omar Daniels","DB","Georgia Tech","ACC","fumbles","LOST","0"
"2025","4683310","Omar Daniels","DB","Georgia Tech","ACC","fumbles","REC","1"
"2025","4683310","Omar Daniels","DB","Georgia Tech","ACC","interceptions","AVG","45.0"
"2025","4683310","Omar Daniels","DB","Georgia Tech","ACC","interceptions","INT","1"
"2025","4683310","Omar Daniels","DB","Georgia Tech","ACC","interceptions","TD","0"
"2025","4683310","Omar Daniels","DB","Georgia Tech","ACC","interceptions","YDS","45"
"2025","4683337","Pryce Yates","DL","North Carolina","ACC","defensive","PD","0"
"2025","4683337","Pryce Yates","DL","North Carolina","ACC","defensive","QB HUR","0"
"2025","4683337","Pryce Yates","DL","North Carolina","ACC","defensive","SACKS","0"
"2025","4683337","Pryce Yates","DL","North Carolina","ACC","defensive","SOLO","0"
"2025","4683337","Pryce Yates","DL","North Carolina","ACC","defensive","TD","0"
"2025","4683337","Pryce Yates","DL","North Carolina","ACC","defensive","TFL","0.5"
"2025","4683337","Pryce Yates","DL","North Carolina","ACC","defensive","TOT","3"
"2025","4683459","Sedarius McConnell","DL","Boston College","ACC","defensive","PD","0"
"2025","4683459","Sedarius McConnell","DL","Boston College","ACC","defensive","QB HUR","0"
"2025","4683459","Sedarius McConnell","DL","Boston College","ACC","defensive","SACKS","2.5"
"2025","4683459","Sedarius McConnell","DL","Boston College","ACC","defensive","SOLO","17"
"2025","4683459","Sedarius McConnell","DL","Boston College","ACC","defensive","TD","0"
"2025","4683459","Sedarius McConnell","DL","Boston College","ACC","defensive","TFL","7.5"
"2025","4683459","Sedarius McConnell","DL","Boston College","ACC","defensive","TOT","31"
"2025","4683507","Owen Stoudmire","DT","Boston College","ACC","defensive","PD","0"
"2025","4683507","Owen Stoudmire","DT","Boston College","ACC","defensive","QB HUR","0"
"2025","4683507","Owen Stoudmire","DT","Boston College","ACC","defensive","SACKS","0"
"2025","4683507","Owen Stoudmire","DT","Boston College","ACC","defensive","SOLO","1"
"2025","4683507","Owen Stoudmire","DT","Boston College","ACC","defensive","TD","0"
"2025","4683507","Owen Stoudmire","DT","Boston College","ACC","defensive","TFL","0"
"2025","4683507","Owen Stoudmire","DT","Boston College","ACC","defensive","TOT","5"
"2025","4683571","Eni Falayi","TE","Wake Forest","ACC","defensive","PD","0"
"2025","4683571","Eni Falayi","TE","Wake Forest","ACC","defensive","QB HUR","0"
"2025","4683571","Eni Falayi","TE","Wake Forest","ACC","defensive","SACKS","0"
"2025","4683571","Eni Falayi","TE","Wake Forest","ACC","defensive","SOLO","1"
"2025","4683571","Eni Falayi","TE","Wake Forest","ACC","defensive","TD","0"
"2025","4683571","Eni Falayi","TE","Wake Forest","ACC","defensive","TFL","0"
"2025","4683571","Eni Falayi","TE","Wake Forest","ACC","defensive","TOT","1"
"2025","4683571","Eni Falayi","TE","Wake Forest","ACC","receiving","LONG","42"
"2025","4683571","Eni Falayi","TE","Wake Forest","ACC","receiving","REC","21"
"2025","4683571","Eni Falayi","TE","Wake Forest","ACC","receiving","TD","2"
"2025","4683571","Eni Falayi","TE","Wake Forest","ACC","receiving","YDS","228"
"2025","4683571","Eni Falayi","TE","Wake Forest","ACC","receiving","YPR","10.9"
"2025","4683727","Langston Hardy","DL","Wake Forest","ACC","defensive","PD","0"
"2025","4683727","Langston Hardy","DL","Wake Forest","ACC","defensive","QB HUR","9"
"2025","4683727","Langston Hardy","DL","Wake Forest","ACC","defensive","SACKS","6.5"
"2025","4683727","Langston Hardy","DL","Wake Forest","ACC","defensive","SOLO","25"
"2025","4683727","Langston Hardy","DL","Wake Forest","ACC","defensive","TD","0"
"2025","4683727","Langston Hardy","DL","Wake Forest","ACC","defensive","TFL","14.5"
"2025","4683727","Langston Hardy","DL","Wake Forest","ACC","defensive","TOT","65"
"2025","4683727","Langston Hardy","DL","Wake Forest","ACC","fumbles","FUM","0"
"2025","4683727","Langston Hardy","DL","Wake Forest","ACC","fumbles","LOST","0"
"2025","4683727","Langston Hardy","DL","Wake Forest","ACC","fumbles","REC","1"
"2025","4683886","Jahmal Edrine","WR","Virginia","ACC","receiving","LONG","37"
"2025","4683886","Jahmal Edrine","WR","Virginia","ACC","receiving","REC","46"
"2025","4683886","Jahmal Edrine","WR","Virginia","ACC","receiving","TD","1"
"2025","4683886","Jahmal Edrine","WR","Virginia","ACC","receiving","YDS","564"
"2025","4683886","Jahmal Edrine","WR","Virginia","ACC","receiving","YPR","12.3"
"2025","4683923","Banks Pope","TE","Clemson","ACC","receiving","LONG","5"
"2025","4683923","Banks Pope","TE","Clemson","ACC","receiving","REC","1"
"2025","4683923","Banks Pope","TE","Clemson","ACC","receiving","TD","0"
"2025","4683923","Banks Pope","TE","Clemson","ACC","receiving","YDS","5"
"2025","4683923","Banks Pope","TE","Clemson","ACC","receiving","YPR","5.0"
"2025","4684030","TJ Quinn","LB","Louisville","ACC","defensive","PD","4"
"2025","4684030","TJ Quinn","LB","Louisville","ACC","defensive","QB HUR","1"
"2025","4684030","TJ Quinn","LB","Louisville","ACC","defensive","SACKS","3"
"2025","4684030","TJ Quinn","LB","Louisville","ACC","defensive","SOLO","45"
"2025","4684030","TJ Quinn","LB","Louisville","ACC","defensive","TD","0"
"2025","4684030","TJ Quinn","LB","Louisville","ACC","defensive","TFL","8.0"
"2025","4684030","TJ Quinn","LB","Louisville","ACC","defensive","TOT","95"
"2025","4684030","TJ Quinn","LB","Louisville","ACC","interceptions","AVG","0.0"
"2025","4684030","TJ Quinn","LB","Louisville","ACC","interceptions","INT","2"
"2025","4684030","TJ Quinn","LB","Louisville","ACC","interceptions","TD","0"
"2025","4684030","TJ Quinn","LB","Louisville","ACC","interceptions","YDS","0"
"2025","4684139","Sean Brown","LB","NC State","ACC","defensive","PD","1"
"2025","4684139","Sean Brown","LB","NC State","ACC","defensive","QB HUR","4"
"2025","4684139","Sean Brown","LB","NC State","ACC","defensive","SACKS","0"
"2025","4684139","Sean Brown","LB","NC State","ACC","defensive","SOLO","18"
"2025","4684139","Sean Brown","LB","NC State","ACC","defensive","TD","0"
"2025","4684139","Sean Brown","LB","NC State","ACC","defensive","TFL","3.5"
"2025","4684139","Sean Brown","LB","NC State","ACC","defensive","TOT","44"
"2025","4684429","Matthew Alexander","DL","Georgia Tech","ACC","defensive","PD","0"
"2025","4684429","Matthew Alexander","DL","Georgia Tech","ACC","defensive","QB HUR","1"
"2025","4684429","Matthew Alexander","DL","Georgia Tech","ACC","defensive","SACKS","1.0"
"2025","4684429","Matthew Alexander","DL","Georgia Tech","ACC","defensive","SOLO","8"
"2025","4684429","Matthew Alexander","DL","Georgia Tech","ACC","defensive","TD","0"
"2025","4684429","Matthew Alexander","DL","Georgia Tech","ACC","defensive","TFL","1.0"
"2025","4684429","Matthew Alexander","DL","Georgia Tech","ACC","defensive","TOT","19"
"2025","4684429","Matthew Alexander","DL","Georgia Tech","ACC","fumbles","FUM","0"
"2025","4684429","Matthew Alexander","DL","Georgia Tech","ACC","fumbles","LOST","0"
"2025","4684429","Matthew Alexander","DL","Georgia Tech","ACC","fumbles","REC","1"
"2025","4684956","Stefon Thompson","LB","Florida State","ACC","defensive","PD","0"
"2025","4684956","Stefon Thompson","LB","Florida State","ACC","defensive","QB HUR","1"
"2025","4684956","Stefon Thompson","LB","Florida State","ACC","defensive","SACKS","3.5"
"2025","4684956","Stefon Thompson","LB","Florida State","ACC","defensive","SOLO","13"
"2025","4684956","Stefon Thompson","LB","Florida State","ACC","defensive","TD","0"
"2025","4684956","Stefon Thompson","LB","Florida State","ACC","defensive","TFL","3.5"
"2025","4684956","Stefon Thompson","LB","Florida State","ACC","defensive","TOT","37"
"2025","4685061","Nilay Upadhyayula","LS","Pittsburgh","ACC","defensive","PD","0"
"2025","4685061","Nilay Upadhyayula","LS","Pittsburgh","ACC","defensive","QB HUR","0"
"2025","4685061","Nilay Upadhyayula","LS","Pittsburgh","ACC","defensive","SACKS","0"
"2025","4685061","Nilay Upadhyayula","LS","Pittsburgh","ACC","defensive","SOLO","1"
"2025","4685061","Nilay Upadhyayula","LS","Pittsburgh","ACC","defensive","TD","0"
"2025","4685061","Nilay Upadhyayula","LS","Pittsburgh","ACC","defensive","TFL","0"
"2025","4685061","Nilay Upadhyayula","LS","Pittsburgh","ACC","defensive","TOT","1"
"2025","4685113","Jaylin Alderman","LB","Miami","ACC","defensive","PD","1"
"2025","4685113","Jaylin Alderman","LB","Miami","ACC","defensive","QB HUR","0"
"2025","4685113","Jaylin Alderman","LB","Miami","ACC","defensive","SACKS","0"
"2025","4685113","Jaylin Alderman","LB","Miami","ACC","defensive","SOLO","5"
"2025","4685113","Jaylin Alderman","LB","Miami","ACC","defensive","TD","0"
"2025","4685113","Jaylin Alderman","LB","Miami","ACC","defensive","TFL","0"
"2025","4685113","Jaylin Alderman","LB","Miami","ACC","defensive","TOT","7"
"2025","4685131","J.T. Byrne","TE","Georgia Tech","ACC","receiving","LONG","21"
"2025","4685131","J.T. Byrne","TE","Georgia Tech","ACC","receiving","REC","6"
"2025","4685131","J.T. Byrne","TE","Georgia Tech","ACC","receiving","TD","2"
"2025","4685131","J.T. Byrne","TE","Georgia Tech","ACC","receiving","YDS","42"
"2025","4685131","J.T. Byrne","TE","Georgia Tech","ACC","receiving","YPR","7.0"
"2025","4685131","J.T. Byrne","TE","Georgia Tech","ACC","rushing","CAR","1"
"2025","4685131","J.T. Byrne","TE","Georgia Tech","ACC","rushing","LONG","0"
"2025","4685131","J.T. Byrne","TE","Georgia Tech","ACC","rushing","TD","0"
"2025","4685131","J.T. Byrne","TE","Georgia Tech","ACC","rushing","YDS","-1"
"2025","4685131","J.T. Byrne","TE","Georgia Tech","ACC","rushing","YPC","-1.0"
"2025","4685243","Jeremiah Alexander","LB","Clemson","ACC","defensive","PD","3"
"2025","4685243","Jeremiah Alexander","LB","Clemson","ACC","defensive","QB HUR","2"
"2025","4685243","Jeremiah Alexander","LB","Clemson","ACC","defensive","SACKS","1"
"2025","4685243","Jeremiah Alexander","LB","Clemson","ACC","defensive","SOLO","11"
"2025","4685243","Jeremiah Alexander","LB","Clemson","ACC","defensive","TD","0"
"2025","4685243","Jeremiah Alexander","LB","Clemson","ACC","defensive","TFL","1.5"
"2025","4685243","Jeremiah Alexander","LB","Clemson","ACC","defensive","TOT","36"
"2025","4685243","Jeremiah Alexander","LB","Clemson","ACC","fumbles","FUM","0"
"2025","4685243","Jeremiah Alexander","LB","Clemson","ACC","fumbles","LOST","0"
"2025","4685243","Jeremiah Alexander","LB","Clemson","ACC","fumbles","REC","1"
"2025","4685245","Wilfredo Aybar","LB","Stanford","ACC","defensive","PD","0"
"2025","4685245","Wilfredo Aybar","LB","Stanford","ACC","defensive","QB HUR","1"
"2025","4685245","Wilfredo Aybar","LB","Stanford","ACC","defensive","SACKS","0"
"2025","4685245","Wilfredo Aybar","LB","Stanford","ACC","defensive","SOLO","6"
"2025","4685245","Wilfredo Aybar","LB","Stanford","ACC","defensive","TD","0"
"2025","4685245","Wilfredo Aybar","LB","Stanford","ACC","defensive","TFL","1"
"2025","4685245","Wilfredo Aybar","LB","Stanford","ACC","defensive","TOT","21"
"2025","4685245","Wilfredo Aybar","LB","Stanford","ACC","fumbles","FUM","0"
"2025","4685245","Wilfredo Aybar","LB","Stanford","ACC","fumbles","LOST","0"
"2025","4685245","Wilfredo Aybar","LB","Stanford","ACC","fumbles","REC","1"
"2025","4685252","Henry Belin IV","QB","Duke","ACC","passing","ATT","5"
"2025","4685252","Henry Belin IV","QB","Duke","ACC","passing","COMPLETIONS","2"
"2025","4685252","Henry Belin IV","QB","Duke","ACC","passing","INT","0"
"2025","4685252","Henry Belin IV","QB","Duke","ACC","passing","PCT","0.400"
"2025","4685252","Henry Belin IV","QB","Duke","ACC","passing","TD","0"
"2025","4685252","Henry Belin IV","QB","Duke","ACC","passing","YDS","22"
"2025","4685252","Henry Belin IV","QB","Duke","ACC","passing","YPA","4.4"
"2025","4685252","Henry Belin IV","QB","Duke","ACC","rushing","CAR","5"
"2025","4685252","Henry Belin IV","QB","Duke","ACC","rushing","LONG","15"
"2025","4685252","Henry Belin IV","QB","Duke","ACC","rushing","TD","0"
"2025","4685252","Henry Belin IV","QB","Duke","ACC","rushing","YDS","41"
"2025","4685252","Henry Belin IV","QB","Duke","ACC","rushing","YPC","8.2"
"2025","4685275","Wesley Bissainthe","LB","Miami","ACC","defensive","PD","0"
"2025","4685275","Wesley Bissainthe","LB","Miami","ACC","defensive","QB HUR","1"
"2025","4685275","Wesley Bissainthe","LB","Miami","ACC","defensive","SACKS","1"
"2025","4685275","Wesley Bissainthe","LB","Miami","ACC","defensive","SOLO","39"
"2025","4685275","Wesley Bissainthe","LB","Miami","ACC","defensive","TD","0"
"2025","4685275","Wesley Bissainthe","LB","Miami","ACC","defensive","TFL","3.0"
"2025","4685275","Wesley Bissainthe","LB","Miami","ACC","defensive","TOT","71"
"2025","4685275","Wesley Bissainthe","LB","Miami","ACC","interceptions","AVG","32.0"
"2025","4685275","Wesley Bissainthe","LB","Miami","ACC","interceptions","INT","1"
"2025","4685275","Wesley Bissainthe","LB","Miami","ACC","interceptions","TD","0"
"2025","4685275","Wesley Bissainthe","LB","Miami","ACC","interceptions","YDS","32"
"2025","4685305","Brandon Cleveland","DT","NC State","ACC","defensive","PD","0"
"2025","4685305","Brandon Cleveland","DT","NC State","ACC","defensive","QB HUR","3"
"2025","4685305","Brandon Cleveland","DT","NC State","ACC","defensive","SACKS","2"
"2025","4685305","Brandon Cleveland","DT","NC State","ACC","defensive","SOLO","12"
"2025","4685305","Brandon Cleveland","DT","NC State","ACC","defensive","TD","0"
"2025","4685305","Brandon Cleveland","DT","NC State","ACC","defensive","TFL","7.0"
"2025","4685305","Brandon Cleveland","DT","NC State","ACC","defensive","TOT","36"
"2025","4685305","Brandon Cleveland","DT","NC State","ACC","receiving","LONG","9"
"2025","4685305","Brandon Cleveland","DT","NC State","ACC","receiving","REC","1"
"2025","4685305","Brandon Cleveland","DT","NC State","ACC","receiving","TD","0"
"2025","4685305","Brandon Cleveland","DT","NC State","ACC","receiving","YDS","9"
"2025","4685305","Brandon Cleveland","DT","NC State","ACC","receiving","YPR","9.0"
"2025","4685305","Brandon Cleveland","DT","NC State","ACC","rushing","CAR","1"
"2025","4685305","Brandon Cleveland","DT","NC State","ACC","rushing","LONG","4"
"2025","4685305","Brandon Cleveland","DT","NC State","ACC","rushing","TD","0"
"2025","4685305","Brandon Cleveland","DT","NC State","ACC","rushing","YDS","4"
"2025","4685305","Brandon Cleveland","DT","NC State","ACC","rushing","YPC","4.0"
"2025","4685308","Ernest Cooper","LB","Stanford","ACC","defensive","PD","1"
"2025","4685308","Ernest Cooper","LB","Stanford","ACC","defensive","QB HUR","0"
"2025","4685308","Ernest Cooper","LB","Stanford","ACC","defensive","SACKS","3"
"2025","4685308","Ernest Cooper","LB","Stanford","ACC","defensive","SOLO","12"
"2025","4685308","Ernest Cooper","LB","Stanford","ACC","defensive","TD","0"
"2025","4685308","Ernest Cooper","LB","Stanford","ACC","defensive","TFL","5"
"2025","4685308","Ernest Cooper","LB","Stanford","ACC","defensive","TOT","23"
"2025","4685308","Ernest Cooper","LB","Stanford","ACC","fumbles","FUM","0"
"2025","4685308","Ernest Cooper","LB","Stanford","ACC","fumbles","LOST","0"
"2025","4685308","Ernest Cooper","LB","Stanford","ACC","fumbles","REC","1"
"2025","4685316","Sherrod Covil","S","Virginia Tech","ACC","defensive","PD","0"
"2025","4685316","Sherrod Covil","S","Virginia Tech","ACC","defensive","QB HUR","0"
"2025","4685316","Sherrod Covil","S","Virginia Tech","ACC","defensive","SACKS","0"
"2025","4685316","Sherrod Covil","S","Virginia Tech","ACC","defensive","SOLO","1"
"2025","4685316","Sherrod Covil","S","Virginia Tech","ACC","defensive","TD","0"
"2025","4685316","Sherrod Covil","S","Virginia Tech","ACC","defensive","TFL","0"
"2025","4685316","Sherrod Covil","S","Virginia Tech","ACC","defensive","TOT","1"
"2025","4685322","Tristan Dunn","DB","California","ACC","defensive","PD","0"
"2025","4685322","Tristan Dunn","DB","California","ACC","defensive","QB HUR","0"
"2025","4685322","Tristan Dunn","DB","California","ACC","defensive","SACKS","0"
"2025","4685322","Tristan Dunn","DB","California","ACC","defensive","SOLO","1"
"2025","4685322","Tristan Dunn","DB","California","ACC","defensive","TD","0"
"2025","4685322","Tristan Dunn","DB","California","ACC","defensive","TFL","0"
"2025","4685322","Tristan Dunn","DB","California","ACC","defensive","TOT","4"
"2025","4685341","Tyson Ford","DL","California","ACC","defensive","PD","0"
"2025","4685341","Tyson Ford","DL","California","ACC","defensive","QB HUR","0"
"2025","4685341","Tyson Ford","DL","California","ACC","defensive","SACKS","0"
"2025","4685341","Tyson Ford","DL","California","ACC","defensive","SOLO","1"
"2025","4685341","Tyson Ford","DL","California","ACC","defensive","TD","0"
"2025","4685341","Tyson Ford","DL","California","ACC","defensive","TFL","0"
"2025","4685341","Tyson Ford","DL","California","ACC","defensive","TOT","3"
"2025","4685364","Andre Greene Jr.","WR","Virginia","ACC","receiving","LONG","7"
"2025","4685364","Andre Greene Jr.","WR","Virginia","ACC","receiving","REC","1"
"2025","4685364","Andre Greene Jr.","WR","Virginia","ACC","receiving","TD","0"
"2025","4685364","Andre Greene Jr.","WR","Virginia","ACC","receiving","YDS","7"
"2025","4685364","Andre Greene Jr.","WR","Virginia","ACC","receiving","YPR","7.0"
"2025","4685366","Benji Gosnell","TE","Virginia Tech","ACC","receiving","LONG","18"
"2025","4685366","Benji Gosnell","TE","Virginia Tech","ACC","receiving","REC","12"
"2025","4685366","Benji Gosnell","TE","Virginia Tech","ACC","receiving","TD","0"
"2025","4685366","Benji Gosnell","TE","Virginia Tech","ACC","receiving","YDS","86"
"2025","4685366","Benji Gosnell","TE","Virginia Tech","ACC","receiving","YPR","7.2"
"2025","4685387","Tayon Holloway","DB","Louisville","ACC","defensive","PD","4"
"2025","4685387","Tayon Holloway","DB","Louisville","ACC","defensive","QB HUR","0"
"2025","4685387","Tayon Holloway","DB","Louisville","ACC","defensive","SACKS","0.5"
"2025","4685387","Tayon Holloway","DB","Louisville","ACC","defensive","SOLO","28"
"2025","4685387","Tayon Holloway","DB","Louisville","ACC","defensive","TD","0"
"2025","4685387","Tayon Holloway","DB","Louisville","ACC","defensive","TFL","3.5"
"2025","4685387","Tayon Holloway","DB","Louisville","ACC","defensive","TOT","42"
"2025","4685387","Tayon Holloway","DB","Louisville","ACC","interceptions","AVG","4.5"
"2025","4685387","Tayon Holloway","DB","Louisville","ACC","interceptions","INT","2"
"2025","4685387","Tayon Holloway","DB","Louisville","ACC","interceptions","TD","0"
"2025","4685387","Tayon Holloway","DB","Louisville","ACC","interceptions","YDS","9"
"2025","4685409","Jordan Hudson","WR","SMU","ACC","fumbles","FUM","1"
"2025","4685409","Jordan Hudson","WR","SMU","ACC","fumbles","LOST","1"
"2025","4685409","Jordan Hudson","WR","SMU","ACC","fumbles","REC","0"
"2025","4685409","Jordan Hudson","WR","SMU","ACC","receiving","LONG","70"
"2025","4685409","Jordan Hudson","WR","SMU","ACC","receiving","REC","61"
"2025","4685409","Jordan Hudson","WR","SMU","ACC","receiving","TD","6"
"2025","4685409","Jordan Hudson","WR","SMU","ACC","receiving","YDS","766"
"2025","4685409","Jordan Hudson","WR","SMU","ACC","receiving","YPR","12.6"
"2025","4685409","Jordan Hudson","WR","SMU","ACC","rushing","CAR","1"
"2025","4685409","Jordan Hudson","WR","SMU","ACC","rushing","LONG","6"
"2025","4685409","Jordan Hudson","WR","SMU","ACC","rushing","TD","0"
"2025","4685409","Jordan Hudson","WR","SMU","ACC","rushing","YDS","6"
"2025","4685409","Jordan Hudson","WR","SMU","ACC","rushing","YPC","6.0"
"2025","4685413","Cade Klubnik","QB","Clemson","ACC","fumbles","FUM","2"
"2025","4685413","Cade Klubnik","QB","Clemson","ACC","fumbles","LOST","1"
"2025","4685413","Cade Klubnik","QB","Clemson","ACC","fumbles","REC","0"
"2025","4685413","Cade Klubnik","QB","Clemson","ACC","passing","ATT","392"
"2025","4685413","Cade Klubnik","QB","Clemson","ACC","passing","COMPLETIONS","257"
"2025","4685413","Cade Klubnik","QB","Clemson","ACC","passing","INT","6"
"2025","4685413","Cade Klubnik","QB","Clemson","ACC","passing","PCT","0.656"
"2025","4685413","Cade Klubnik","QB","Clemson","ACC","passing","TD","16"
"2025","4685413","Cade Klubnik","QB","Clemson","ACC","passing","YDS","2943"
"2025","4685413","Cade Klubnik","QB","Clemson","ACC","passing","YPA","7.5"
"2025","4685413","Cade Klubnik","QB","Clemson","ACC","rushing","CAR","83"
"2025","4685413","Cade Klubnik","QB","Clemson","ACC","rushing","LONG","13"
"2025","4685413","Cade Klubnik","QB","Clemson","ACC","rushing","TD","4"
"2025","4685413","Cade Klubnik","QB","Clemson","ACC","rushing","YDS","94"
"2025","4685413","Cade Klubnik","QB","Clemson","ACC","rushing","YPC","1.1"
"2025","4685414","Jake Johnson","TE","North Carolina","ACC","receiving","LONG","19"
"2025","4685414","Jake Johnson","TE","North Carolina","ACC","receiving","REC","16"
"2025","4685414","Jake Johnson","TE","North Carolina","ACC","receiving","TD","1"
"2025","4685414","Jake Johnson","TE","North Carolina","ACC","receiving","YDS","149"
"2025","4685414","Jake Johnson","TE","North Carolina","ACC","receiving","YPR","9.3"
"2025","4685429","Melvin Jordan IV","LB","Georgia Tech","ACC","defensive","PD","1"
"2025","4685429","Melvin Jordan IV","LB","Georgia Tech","ACC","defensive","QB HUR","1"
"2025","4685429","Melvin Jordan IV","LB","Georgia Tech","ACC","defensive","SACKS","0.5"
"2025","4685429","Melvin Jordan IV","LB","Georgia Tech","ACC","defensive","SOLO","5"
"2025","4685429","Melvin Jordan IV","LB","Georgia Tech","ACC","defensive","TD","0"
"2025","4685429","Melvin Jordan IV","LB","Georgia Tech","ACC","defensive","TFL","0.5"
"2025","4685429","Melvin Jordan IV","LB","Georgia Tech","ACC","defensive","TOT","18"
"2025","4685437","Earl Little II","DB","Florida State","ACC","defensive","PD","2"
"2025","4685437","Earl Little II","DB","Florida State","ACC","defensive","QB HUR","0"
"2025","4685437","Earl Little II","DB","Florida State","ACC","defensive","SACKS","0"
"2025","4685437","Earl Little II","DB","Florida State","ACC","defensive","SOLO","33"
"2025","4685437","Earl Little II","DB","Florida State","ACC","defensive","TD","0"
"2025","4685437","Earl Little II","DB","Florida State","ACC","defensive","TFL","2"
"2025","4685437","Earl Little II","DB","Florida State","ACC","defensive","TOT","76"
"2025","4685437","Earl Little II","DB","Florida State","ACC","interceptions","AVG","20.8"
"2025","4685437","Earl Little II","DB","Florida State","ACC","interceptions","INT","4"
"2025","4685437","Earl Little II","DB","Florida State","ACC","interceptions","TD","0"
"2025","4685437","Earl Little II","DB","Florida State","ACC","interceptions","YDS","83"
"2025","4685444","Jeadyn Lukus","CB","Clemson","ACC","defensive","PD","0"
"2025","4685444","Jeadyn Lukus","CB","Clemson","ACC","defensive","QB HUR","0"
"2025","4685444","Jeadyn Lukus","CB","Clemson","ACC","defensive","SACKS","0"
"2025","4685444","Jeadyn Lukus","CB","Clemson","ACC","defensive","SOLO","9"
"2025","4685444","Jeadyn Lukus","CB","Clemson","ACC","defensive","TD","0"
"2025","4685444","Jeadyn Lukus","CB","Clemson","ACC","defensive","TFL","0"
"2025","4685444","Jeadyn Lukus","CB","Clemson","ACC","defensive","TOT","14"
"2025","4685447","Daniel Lyons","DL","Florida State","ACC","defensive","PD","0"
"2025","4685447","Daniel Lyons","DL","Florida State","ACC","defensive","QB HUR","4"
"2025","4685447","Daniel Lyons","DL","Florida State","ACC","defensive","SACKS","2.0"
"2025","4685447","Daniel Lyons","DL","Florida State","ACC","defensive","SOLO","11"
"2025","4685447","Daniel Lyons","DL","Florida State","ACC","defensive","TD","0"
"2025","4685447","Daniel Lyons","DL","Florida State","ACC","defensive","TFL","3.5"
"2025","4685447","Daniel Lyons","DL","Florida State","ACC","defensive","TOT","26"
"2025","4685504","Sam Roush","TE","Stanford","ACC","defensive","PD","0"
"2025","4685504","Sam Roush","TE","Stanford","ACC","defensive","QB HUR","0"
"2025","4685504","Sam Roush","TE","Stanford","ACC","defensive","SACKS","0"
"2025","4685504","Sam Roush","TE","Stanford","ACC","defensive","SOLO","1"
"2025","4685504","Sam Roush","TE","Stanford","ACC","defensive","TD","0"
"2025","4685504","Sam Roush","TE","Stanford","ACC","defensive","TFL","0"
"2025","4685504","Sam Roush","TE","Stanford","ACC","defensive","TOT","1"
"2025","4685504","Sam Roush","TE","Stanford","ACC","fumbles","FUM","1"
"2025","4685504","Sam Roush","TE","Stanford","ACC","fumbles","LOST","0"
"2025","4685504","Sam Roush","TE","Stanford","ACC","fumbles","REC","0"
"2025","4685504","Sam Roush","TE","Stanford","ACC","receiving","LONG","69"
"2025","4685504","Sam Roush","TE","Stanford","ACC","receiving","REC","49"
"2025","4685504","Sam Roush","TE","Stanford","ACC","receiving","TD","2"
"2025","4685504","Sam Roush","TE","Stanford","ACC","receiving","YDS","545"
"2025","4685504","Sam Roush","TE","Stanford","ACC","receiving","YPR","11.1"
"2025","4685526","Adam Randall","RB","Clemson","ACC","defensive","PD","0"
"2025","4685526","Adam Randall","RB","Clemson","ACC","defensive","QB HUR","0"
"2025","4685526","Adam Randall","RB","Clemson","ACC","defensive","SACKS","0"
"2025","4685526","Adam Randall","RB","Clemson","ACC","defensive","SOLO","1"
"2025","4685526","Adam Randall","RB","Clemson","ACC","defensive","TD","0"
"2025","4685526","Adam Randall","RB","Clemson","ACC","defensive","TFL","0"
"2025","4685526","Adam Randall","RB","Clemson","ACC","defensive","TOT","1"
"2025","4685526","Adam Randall","RB","Clemson","ACC","fumbles","FUM","3"
"2025","4685526","Adam Randall","RB","Clemson","ACC","fumbles","LOST","3"
"2025","4685526","Adam Randall","RB","Clemson","ACC","fumbles","REC","0"
"2025","4685526","Adam Randall","RB","Clemson","ACC","kickReturns","AVG","23.7"
"2025","4685526","Adam Randall","RB","Clemson","ACC","kickReturns","LONG","31"
"2025","4685526","Adam Randall","RB","Clemson","ACC","kickReturns","NO","9"
"2025","4685526","Adam Randall","RB","Clemson","ACC","kickReturns","TD","0"
"2025","4685526","Adam Randall","RB","Clemson","ACC","kickReturns","YDS","213"
"2025","4685526","Adam Randall","RB","Clemson","ACC","receiving","LONG","35"
"2025","4685526","Adam Randall","RB","Clemson","ACC","receiving","REC","36"
"2025","4685526","Adam Randall","RB","Clemson","ACC","receiving","TD","3"
"2025","4685526","Adam Randall","RB","Clemson","ACC","receiving","YDS","254"
"2025","4685526","Adam Randall","RB","Clemson","ACC","receiving","YPR","7.1"
"2025","4685526","Adam Randall","RB","Clemson","ACC","rushing","CAR","168"
"2025","4685526","Adam Randall","RB","Clemson","ACC","rushing","LONG","46"
"2025","4685526","Adam Randall","RB","Clemson","ACC","rushing","TD","10"
"2025","4685526","Adam Randall","RB","Clemson","ACC","rushing","YDS","814"
"2025","4685526","Adam Randall","RB","Clemson","ACC","rushing","YPC","4.8"
"2025","4685538","Collin Sadler","OL","Clemson","ACC","receiving","LONG","2"
"2025","4685538","Collin Sadler","OL","Clemson","ACC","receiving","REC","1"
"2025","4685538","Collin Sadler","OL","Clemson","ACC","receiving","TD","0"
"2025","4685538","Collin Sadler","OL","Clemson","ACC","receiving","YDS","2"
"2025","4685538","Collin Sadler","OL","Clemson","ACC","receiving","YPR","2.0"
"2025","4685544","Tevarua Tafiti","LB","Stanford","ACC","defensive","PD","1"
"2025","4685544","Tevarua Tafiti","LB","Stanford","ACC","defensive","QB HUR","6"
"2025","4685544","Tevarua Tafiti","LB","Stanford","ACC","defensive","SACKS","2.0"
"2025","4685544","Tevarua Tafiti","LB","Stanford","ACC","defensive","SOLO","15"
"2025","4685544","Tevarua Tafiti","LB","Stanford","ACC","defensive","TD","0"
"2025","4685544","Tevarua Tafiti","LB","Stanford","ACC","defensive","TFL","7.0"
"2025","4685544","Tevarua Tafiti","LB","Stanford","ACC","defensive","TOT","32"
"2025","4685545","Gavin Sawchuk","RB","Florida State","ACC","defensive","PD","0"
"2025","4685545","Gavin Sawchuk","RB","Florida State","ACC","defensive","QB HUR","0"
"2025","4685545","Gavin Sawchuk","RB","Florida State","ACC","defensive","SACKS","0"
"2025","4685545","Gavin Sawchuk","RB","Florida State","ACC","defensive","SOLO","1"
"2025","4685545","Gavin Sawchuk","RB","Florida State","ACC","defensive","TD","0"
"2025","4685545","Gavin Sawchuk","RB","Florida State","ACC","defensive","TFL","0"
"2025","4685545","Gavin Sawchuk","RB","Florida State","ACC","defensive","TOT","1"
"2025","4685545","Gavin Sawchuk","RB","Florida State","ACC","fumbles","FUM","1"
"2025","4685545","Gavin Sawchuk","RB","Florida State","ACC","fumbles","LOST","1"
"2025","4685545","Gavin Sawchuk","RB","Florida State","ACC","fumbles","REC","0"
"2025","4685545","Gavin Sawchuk","RB","Florida State","ACC","receiving","LONG","53"
"2025","4685545","Gavin Sawchuk","RB","Florida State","ACC","receiving","REC","13"
"2025","4685545","Gavin Sawchuk","RB","Florida State","ACC","receiving","TD","1"
"2025","4685545","Gavin Sawchuk","RB","Florida State","ACC","receiving","YDS","121"
"2025","4685545","Gavin Sawchuk","RB","Florida State","ACC","receiving","YPR","9.3"
"2025","4685545","Gavin Sawchuk","RB","Florida State","ACC","rushing","CAR","109"
"2025","4685545","Gavin Sawchuk","RB","Florida State","ACC","rushing","LONG","40"
"2025","4685545","Gavin Sawchuk","RB","Florida State","ACC","rushing","TD","8"
"2025","4685545","Gavin Sawchuk","RB","Florida State","ACC","rushing","YDS","486"
"2025","4685545","Gavin Sawchuk","RB","Florida State","ACC","rushing","YPC","4.5"
"2025","4685557","Cameron Sidney","DB","California","ACC","defensive","PD","3"
"2025","4685557","Cameron Sidney","DB","California","ACC","defensive","QB HUR","1"
"2025","4685557","Cameron Sidney","DB","California","ACC","defensive","SACKS","1"
"2025","4685557","Cameron Sidney","DB","California","ACC","defensive","SOLO","28"
"2025","4685557","Cameron Sidney","DB","California","ACC","defensive","TD","0"
"2025","4685557","Cameron Sidney","DB","California","ACC","defensive","TFL","5"
"2025","4685557","Cameron Sidney","DB","California","ACC","defensive","TOT","47"
"2025","4685557","Cameron Sidney","DB","California","ACC","fumbles","FUM","0"
"2025","4685557","Cameron Sidney","DB","California","ACC","fumbles","LOST","0"
"2025","4685557","Cameron Sidney","DB","California","ACC","fumbles","REC","1"
"2025","4685557","Cameron Sidney","DB","California","ACC","interceptions","AVG","0.0"
"2025","4685557","Cameron Sidney","DB","California","ACC","interceptions","INT","1"
"2025","4685557","Cameron Sidney","DB","California","ACC","interceptions","TD","0"
"2025","4685557","Cameron Sidney","DB","California","ACC","interceptions","YDS","0"
"2025","4685560","Jaleel Skinner","TE","Louisville","ACC","receiving","LONG","33"
"2025","4685560","Jaleel Skinner","TE","Louisville","ACC","receiving","REC","21"
"2025","4685560","Jaleel Skinner","TE","Louisville","ACC","receiving","TD","2"
"2025","4685560","Jaleel Skinner","TE","Louisville","ACC","receiving","YDS","204"
"2025","4685560","Jaleel Skinner","TE","Louisville","ACC","receiving","YPR","9.7"
"2025","4685569","Caden Story","DL","Clemson","ACC","defensive","PD","0"
"2025","4685569","Caden Story","DL","Clemson","ACC","defensive","QB HUR","0"
"2025","4685569","Caden Story","DL","Clemson","ACC","defensive","SACKS","0.5"
"2025","4685569","Caden Story","DL","Clemson","ACC","defensive","SOLO","1"
"2025","4685569","Caden Story","DL","Clemson","ACC","defensive","TD","0"
"2025","4685569","Caden Story","DL","Clemson","ACC","defensive","TFL","0.5"
"2025","4685569","Caden Story","DL","Clemson","ACC","defensive","TOT","7"
"2025","4685594","Dakota Twitty","TE","Virginia","ACC","receiving","LONG","26"
"2025","4685594","Dakota Twitty","TE","Virginia","ACC","receiving","REC","11"
"2025","4685594","Dakota Twitty","TE","Virginia","ACC","receiving","TD","0"
"2025","4685594","Dakota Twitty","TE","Virginia","ACC","receiving","YDS","129"
"2025","4685594","Dakota Twitty","TE","Virginia","ACC","receiving","YPR","11.7"
"2025","4685622","Kwan Williams","DL","Boston College","ACC","defensive","PD","0"
"2025","4685622","Kwan Williams","DL","Boston College","ACC","defensive","QB HUR","2"
"2025","4685622","Kwan Williams","DL","Boston College","ACC","defensive","SACKS","0"
"2025","4685622","Kwan Williams","DL","Boston College","ACC","defensive","SOLO","14"
"2025","4685622","Kwan Williams","DL","Boston College","ACC","defensive","TD","0"
"2025","4685622","Kwan Williams","DL","Boston College","ACC","defensive","TFL","5"
"2025","4685622","Kwan Williams","DL","Boston College","ACC","defensive","TOT","29"
"2025","4685691","Brady Allen","QB","Louisville","ACC","passing","ATT","12"
"2025","4685691","Brady Allen","QB","Louisville","ACC","passing","COMPLETIONS","8"
"2025","4685691","Brady Allen","QB","Louisville","ACC","passing","INT","2"
"2025","4685691","Brady Allen","QB","Louisville","ACC","passing","PCT","0.667"
"2025","4685691","Brady Allen","QB","Louisville","ACC","passing","TD","1"
"2025","4685691","Brady Allen","QB","Louisville","ACC","passing","YDS","75"
"2025","4685691","Brady Allen","QB","Louisville","ACC","passing","YPA","6.3"
"2025","4685691","Brady Allen","QB","Louisville","ACC","rushing","CAR","1"
"2025","4685691","Brady Allen","QB","Louisville","ACC","rushing","LONG","4"
"2025","4685691","Brady Allen","QB","Louisville","ACC","rushing","TD","0"
"2025","4685691","Brady Allen","QB","Louisville","ACC","rushing","YDS","4"
"2025","4685691","Brady Allen","QB","Louisville","ACC","rushing","YPC","4.0"
"2025","4685694","Steven Angeli","QB","Syracuse","ACC","fumbles","FUM","3"
"2025","4685694","Steven Angeli","QB","Syracuse","ACC","fumbles","LOST","2"
"2025","4685694","Steven Angeli","QB","Syracuse","ACC","fumbles","REC","0"
"2025","4685694","Steven Angeli","QB","Syracuse","ACC","passing","ATT","155"
"2025","4685694","Steven Angeli","QB","Syracuse","ACC","passing","COMPLETIONS","97"
"2025","4685694","Steven Angeli","QB","Syracuse","ACC","passing","INT","2"
"2025","4685694","Steven Angeli","QB","Syracuse","ACC","passing","PCT","0.626"
"2025","4685694","Steven Angeli","QB","Syracuse","ACC","passing","TD","10"
"2025","4685694","Steven Angeli","QB","Syracuse","ACC","passing","YDS","1317"
"2025","4685694","Steven Angeli","QB","Syracuse","ACC","passing","YPA","8.5"
"2025","4685694","Steven Angeli","QB","Syracuse","ACC","punting","In 20","2"
"2025","4685694","Steven Angeli","QB","Syracuse","ACC","punting","LONG","37"
"2025","4685694","Steven Angeli","QB","Syracuse","ACC","punting","NO","2"
"2025","4685694","Steven Angeli","QB","Syracuse","ACC","punting","TB","0"
"2025","4685694","Steven Angeli","QB","Syracuse","ACC","punting","YDS","72"
"2025","4685694","Steven Angeli","QB","Syracuse","ACC","punting","YPP","36.0"
"2025","4685694","Steven Angeli","QB","Syracuse","ACC","rushing","CAR","23"
"2025","4685694","Steven Angeli","QB","Syracuse","ACC","rushing","LONG","11"
"2025","4685694","Steven Angeli","QB","Syracuse","ACC","rushing","TD","1"
"2025","4685694","Steven Angeli","QB","Syracuse","ACC","rushing","YDS","-32"
"2025","4685694","Steven Angeli","QB","Syracuse","ACC","rushing","YPC","-1.4"
"2025","4685723","Roydell Williams","RB","Florida State","ACC","receiving","LONG","10"
"2025","4685723","Roydell Williams","RB","Florida State","ACC","receiving","REC","2"
"2025","4685723","Roydell Williams","RB","Florida State","ACC","receiving","TD","0"
"2025","4685723","Roydell Williams","RB","Florida State","ACC","receiving","YDS","19"
"2025","4685723","Roydell Williams","RB","Florida State","ACC","receiving","YPR","9.5"
"2025","4685723","Roydell Williams","RB","Florida State","ACC","rushing","CAR","15"
"2025","4685723","Roydell Williams","RB","Florida State","ACC","rushing","LONG","9"
"2025","4685723","Roydell Williams","RB","Florida State","ACC","rushing","TD","0"
"2025","4685723","Roydell Williams","RB","Florida State","ACC","rushing","YDS","46"
"2025","4685723","Roydell Williams","RB","Florida State","ACC","rushing","YPC","3.1"
"2025","4685740","Max Johnson","QB","North Carolina","ACC","fumbles","FUM","1"
"2025","4685740","Max Johnson","QB","North Carolina","ACC","fumbles","LOST","1"
"2025","4685740","Max Johnson","QB","North Carolina","ACC","fumbles","REC","0"
"2025","4685740","Max Johnson","QB","North Carolina","ACC","passing","ATT","87"
"2025","4685740","Max Johnson","QB","North Carolina","ACC","passing","COMPLETIONS","54"
"2025","4685740","Max Johnson","QB","North Carolina","ACC","passing","INT","0"
"2025","4685740","Max Johnson","QB","North Carolina","ACC","passing","PCT","0.621"
"2025","4685740","Max Johnson","QB","North Carolina","ACC","passing","TD","2"
"2025","4685740","Max Johnson","QB","North Carolina","ACC","passing","YDS","437"
"2025","4685740","Max Johnson","QB","North Carolina","ACC","passing","YPA","5.0"
"2025","4685740","Max Johnson","QB","North Carolina","ACC","rushing","CAR","9"
"2025","4685740","Max Johnson","QB","North Carolina","ACC","rushing","LONG","18"
"2025","4685740","Max Johnson","QB","North Carolina","ACC","rushing","TD","0"
"2025","4685740","Max Johnson","QB","North Carolina","ACC","rushing","YDS","38"
"2025","4685740","Max Johnson","QB","North Carolina","ACC","rushing","YPC","4.2"
"2025","4686028","James Jackson","LB","Virginia","ACC","defensive","PD","3"
"2025","4686028","James Jackson","LB","Virginia","ACC","defensive","QB HUR","5"
"2025","4686028","James Jackson","LB","Virginia","ACC","defensive","SACKS","0"
"2025","4686028","James Jackson","LB","Virginia","ACC","defensive","SOLO","24"
"2025","4686028","James Jackson","LB","Virginia","ACC","defensive","TD","0"
"2025","4686028","James Jackson","LB","Virginia","ACC","defensive","TFL","2.5"
"2025","4686028","James Jackson","LB","Virginia","ACC","defensive","TOT","66"
"2025","4686028","James Jackson","LB","Virginia","ACC","fumbles","FUM","0"
"2025","4686028","James Jackson","LB","Virginia","ACC","fumbles","LOST","0"
"2025","4686028","James Jackson","LB","Virginia","ACC","fumbles","REC","1"
"2025","4686769","Ashaad Clayton","RB","SMU","ACC","defensive","PD","0"
"2025","4686769","Ashaad Clayton","RB","SMU","ACC","defensive","QB HUR","0"
"2025","4686769","Ashaad Clayton","RB","SMU","ACC","defensive","SACKS","0"
"2025","4686769","Ashaad Clayton","RB","SMU","ACC","defensive","SOLO","1"
"2025","4686769","Ashaad Clayton","RB","SMU","ACC","defensive","TD","0"
"2025","4686769","Ashaad Clayton","RB","SMU","ACC","defensive","TFL","0"
"2025","4686769","Ashaad Clayton","RB","SMU","ACC","defensive","TOT","1"
"2025","4686769","Ashaad Clayton","RB","SMU","ACC","receiving","LONG","14"
"2025","4686769","Ashaad Clayton","RB","SMU","ACC","receiving","REC","3"
"2025","4686769","Ashaad Clayton","RB","SMU","ACC","receiving","TD","0"
"2025","4686769","Ashaad Clayton","RB","SMU","ACC","receiving","YDS","20"
"2025","4686769","Ashaad Clayton","RB","SMU","ACC","receiving","YPR","6.7"
"2025","4686769","Ashaad Clayton","RB","SMU","ACC","rushing","CAR","12"
"2025","4686769","Ashaad Clayton","RB","SMU","ACC","rushing","LONG","50"
"2025","4686769","Ashaad Clayton","RB","SMU","ACC","rushing","TD","2"
"2025","4686769","Ashaad Clayton","RB","SMU","ACC","rushing","YDS","88"
"2025","4686769","Ashaad Clayton","RB","SMU","ACC","rushing","YPC","7.3"
"2025","4687416","Jack Witmer","OL","Virginia","ACC","defensive","PD","0"
"2025","4687416","Jack Witmer","OL","Virginia","ACC","defensive","QB HUR","0"
"2025","4687416","Jack Witmer","OL","Virginia","ACC","defensive","SACKS","0"
"2025","4687416","Jack Witmer","OL","Virginia","ACC","defensive","SOLO","1"
"2025","4687416","Jack Witmer","OL","Virginia","ACC","defensive","TD","0"
"2025","4687416","Jack Witmer","OL","Virginia","ACC","defensive","TFL","0"
"2025","4687416","Jack Witmer","OL","Virginia","ACC","defensive","TOT","2"
"2025","4688216","Chevy Brenson","WR","Wake Forest","ACC","receiving","LONG","41"
"2025","4688216","Chevy Brenson","WR","Wake Forest","ACC","receiving","REC","3"
"2025","4688216","Chevy Brenson","WR","Wake Forest","ACC","receiving","TD","1"
"2025","4688216","Chevy Brenson","WR","Wake Forest","ACC","receiving","YDS","83"
"2025","4688216","Chevy Brenson","WR","Wake Forest","ACC","receiving","YPR","27.7"
"2025","4688541","Kyion Grayes","WR","California","ACC","defensive","PD","0"
"2025","4688541","Kyion Grayes","WR","California","ACC","defensive","QB HUR","0"
"2025","4688541","Kyion Grayes","WR","California","ACC","defensive","SACKS","0"
"2025","4688541","Kyion Grayes","WR","California","ACC","defensive","SOLO","1"
"2025","4688541","Kyion Grayes","WR","California","ACC","defensive","TD","0"
"2025","4688541","Kyion Grayes","WR","California","ACC","defensive","TFL","0"
"2025","4688541","Kyion Grayes","WR","California","ACC","defensive","TOT","1"
"2025","4688541","Kyion Grayes","WR","California","ACC","puntReturns","AVG","0.0"
"2025","4688541","Kyion Grayes","WR","California","ACC","puntReturns","LONG","0"
"2025","4688541","Kyion Grayes","WR","California","ACC","puntReturns","NO","1"
"2025","4688541","Kyion Grayes","WR","California","ACC","puntReturns","TD","0"
"2025","4688541","Kyion Grayes","WR","California","ACC","puntReturns","YDS","0"
"2025","4688541","Kyion Grayes","WR","California","ACC","receiving","LONG","10"
"2025","4688541","Kyion Grayes","WR","California","ACC","receiving","REC","1"
"2025","4688541","Kyion Grayes","WR","California","ACC","receiving","TD","0"
"2025","4688541","Kyion Grayes","WR","California","ACC","receiving","YDS","10"
"2025","4688541","Kyion Grayes","WR","California","ACC","receiving","YPR","10.0"
"2025","4688609","Alec Marenco","LB","Wake Forest","ACC","defensive","PD","0"
"2025","4688609","Alec Marenco","LB","Wake Forest","ACC","defensive","QB HUR","0"
"2025","4688609","Alec Marenco","LB","Wake Forest","ACC","defensive","SACKS","0"
"2025","4688609","Alec Marenco","LB","Wake Forest","ACC","defensive","SOLO","2"
"2025","4688609","Alec Marenco","LB","Wake Forest","ACC","defensive","TD","0"
"2025","4688609","Alec Marenco","LB","Wake Forest","ACC","defensive","TFL","0"
"2025","4688609","Alec Marenco","LB","Wake Forest","ACC","defensive","TOT","4"
"2025","4688759","Isaiah Cash","S","Virginia Tech","ACC","defensive","PD","2"
"2025","4688759","Isaiah Cash","S","Virginia Tech","ACC","defensive","QB HUR","1"
"2025","4688759","Isaiah Cash","S","Virginia Tech","ACC","defensive","SACKS","1"
"2025","4688759","Isaiah Cash","S","Virginia Tech","ACC","defensive","SOLO","20"
"2025","4688759","Isaiah Cash","S","Virginia Tech","ACC","defensive","TD","0"
"2025","4688759","Isaiah Cash","S","Virginia Tech","ACC","defensive","TFL","2.0"
"2025","4688759","Isaiah Cash","S","Virginia Tech","ACC","defensive","TOT","41"
"2025","4688759","Isaiah Cash","S","Virginia Tech","ACC","interceptions","AVG","18.0"
"2025","4688759","Isaiah Cash","S","Virginia Tech","ACC","interceptions","INT","1"
"2025","4688759","Isaiah Cash","S","Virginia Tech","ACC","interceptions","TD","0"
"2025","4688759","Isaiah Cash","S","Virginia Tech","ACC","interceptions","YDS","18"
"2025","4688840","Jimmy Scott","DL","Pittsburgh","ACC","defensive","PD","1"
"2025","4688840","Jimmy Scott","DL","Pittsburgh","ACC","defensive","QB HUR","8"
"2025","4688840","Jimmy Scott","DL","Pittsburgh","ACC","defensive","SACKS","4.0"
"2025","4688840","Jimmy Scott","DL","Pittsburgh","ACC","defensive","SOLO","8"
"2025","4688840","Jimmy Scott","DL","Pittsburgh","ACC","defensive","TD","0"
"2025","4688840","Jimmy Scott","DL","Pittsburgh","ACC","defensive","TFL","7.5"
"2025","4688840","Jimmy Scott","DL","Pittsburgh","ACC","defensive","TOT","17"
"2025","4688840","Jimmy Scott","DL","Pittsburgh","ACC","fumbles","FUM","0"
"2025","4688840","Jimmy Scott","DL","Pittsburgh","ACC","fumbles","LOST","0"
"2025","4688840","Jimmy Scott","DL","Pittsburgh","ACC","fumbles","REC","1"
"2025","4689360","Elijah Fuentes-Cundiff","DL","Syracuse","ACC","defensive","PD","0"
"2025","4689360","Elijah Fuentes-Cundiff","DL","Syracuse","ACC","defensive","QB HUR","0"
"2025","4689360","Elijah Fuentes-Cundiff","DL","Syracuse","ACC","defensive","SACKS","0.5"
"2025","4689360","Elijah Fuentes-Cundiff","DL","Syracuse","ACC","defensive","SOLO","3"
"2025","4689360","Elijah Fuentes-Cundiff","DL","Syracuse","ACC","defensive","TD","0"
"2025","4689360","Elijah Fuentes-Cundiff","DL","Syracuse","ACC","defensive","TFL","0.5"
"2025","4689360","Elijah Fuentes-Cundiff","DL","Syracuse","ACC","defensive","TOT","5"
"2025","4689578","Luke DelGaudio","LB","Pittsburgh","ACC","defensive","PD","0"
"2025","4689578","Luke DelGaudio","LB","Pittsburgh","ACC","defensive","QB HUR","0"
"2025","4689578","Luke DelGaudio","LB","Pittsburgh","ACC","defensive","SACKS","0"
"2025","4689578","Luke DelGaudio","LB","Pittsburgh","ACC","defensive","SOLO","2"
"2025","4689578","Luke DelGaudio","LB","Pittsburgh","ACC","defensive","TD","0"
"2025","4689578","Luke DelGaudio","LB","Pittsburgh","ACC","defensive","TFL","0"
"2025","4689578","Luke DelGaudio","LB","Pittsburgh","ACC","defensive","TOT","2"
"2025","4689896","Daniel Sparks","P","Virginia","ACC","punting","In 20","14"
"2025","4689896","Daniel Sparks","P","Virginia","ACC","punting","LONG","65"
"2025","4689896","Daniel Sparks","P","Virginia","ACC","punting","NO","37"
"2025","4689896","Daniel Sparks","P","Virginia","ACC","punting","TB","4"
"2025","4689896","Daniel Sparks","P","Virginia","ACC","punting","YDS","1745"
"2025","4689896","Daniel Sparks","P","Virginia","ACC","punting","YPP","47.2"
"2025","4689896","Daniel Sparks","P","Virginia","ACC","rushing","CAR","1"
"2025","4689896","Daniel Sparks","P","Virginia","ACC","rushing","LONG","5"
"2025","4689896","Daniel Sparks","P","Virginia","ACC","rushing","TD","0"
"2025","4689896","Daniel Sparks","P","Virginia","ACC","rushing","YDS","5"
"2025","4689896","Daniel Sparks","P","Virginia","ACC","rushing","YPC","5.0"
"2025","4690010","JoJo Evans","DB","Louisville","ACC","defensive","PD","4"
"2025","4690010","JoJo Evans","DB","Louisville","ACC","defensive","QB HUR","3"
"2025","4690010","JoJo Evans","DB","Louisville","ACC","defensive","SACKS","1"
"2025","4690010","JoJo Evans","DB","Louisville","ACC","defensive","SOLO","32"
"2025","4690010","JoJo Evans","DB","Louisville","ACC","defensive","TD","0"
"2025","4690010","JoJo Evans","DB","Louisville","ACC","defensive","TFL","2.5"
"2025","4690010","JoJo Evans","DB","Louisville","ACC","defensive","TOT","64"
"2025","4690010","JoJo Evans","DB","Louisville","ACC","fumbles","FUM","0"
"2025","4690010","JoJo Evans","DB","Louisville","ACC","fumbles","LOST","0"
"2025","4690010","JoJo Evans","DB","Louisville","ACC","fumbles","REC","1"
"2025","4690010","JoJo Evans","DB","Louisville","ACC","interceptions","AVG","5.0"
"2025","4690010","JoJo Evans","DB","Louisville","ACC","interceptions","INT","1"
"2025","4690010","JoJo Evans","DB","Louisville","ACC","interceptions","TD","0"
"2025","4690010","JoJo Evans","DB","Louisville","ACC","interceptions","YDS","5"
"2025","4690031","Jayshaun Coffman","DL","Louisville","ACC","defensive","PD","0"
"2025","4690031","Jayshaun Coffman","DL","Louisville","ACC","defensive","QB HUR","0"
"2025","4690031","Jayshaun Coffman","DL","Louisville","ACC","defensive","SACKS","0"
"2025","4690031","Jayshaun Coffman","DL","Louisville","ACC","defensive","SOLO","3"
"2025","4690031","Jayshaun Coffman","DL","Louisville","ACC","defensive","TD","0"
"2025","4690031","Jayshaun Coffman","DL","Louisville","ACC","defensive","TFL","0"
"2025","4690031","Jayshaun Coffman","DL","Louisville","ACC","defensive","TOT","3"
"2025","4690182","Nick Andersen","DB","Wake Forest","ACC","defensive","PD","7"
"2025","4690182","Nick Andersen","DB","Wake Forest","ACC","defensive","QB HUR","0"
"2025","4690182","Nick Andersen","DB","Wake Forest","ACC","defensive","SACKS","1.5"
"2025","4690182","Nick Andersen","DB","Wake Forest","ACC","defensive","SOLO","47"
"2025","4690182","Nick Andersen","DB","Wake Forest","ACC","defensive","TD","0"
"2025","4690182","Nick Andersen","DB","Wake Forest","ACC","defensive","TFL","7.0"
"2025","4690182","Nick Andersen","DB","Wake Forest","ACC","defensive","TOT","107"
"2025","4690182","Nick Andersen","DB","Wake Forest","ACC","puntReturns","AVG","1.0"
"2025","4690182","Nick Andersen","DB","Wake Forest","ACC","puntReturns","LONG","1"
"2025","4690182","Nick Andersen","DB","Wake Forest","ACC","puntReturns","NO","1"
"2025","4690182","Nick Andersen","DB","Wake Forest","ACC","puntReturns","TD","0"
"2025","4690182","Nick Andersen","DB","Wake Forest","ACC","puntReturns","YDS","1"
"2025","4691108","Rodney Johnson","DB","Louisville","ACC","defensive","PD","2"
"2025","4691108","Rodney Johnson","DB","Louisville","ACC","defensive","QB HUR","0"
"2025","4691108","Rodney Johnson","DB","Louisville","ACC","defensive","SACKS","0"
"2025","4691108","Rodney Johnson","DB","Louisville","ACC","defensive","SOLO","5"
"2025","4691108","Rodney Johnson","DB","Louisville","ACC","defensive","TD","0"
"2025","4691108","Rodney Johnson","DB","Louisville","ACC","defensive","TFL","1"
"2025","4691108","Rodney Johnson","DB","Louisville","ACC","defensive","TOT","9"
"2025","4691739","Jason Moore","DL","Georgia Tech","ACC","defensive","PD","1"
"2025","4691739","Jason Moore","DL","Georgia Tech","ACC","defensive","QB HUR","1"
"2025","4691739","Jason Moore","DL","Georgia Tech","ACC","defensive","SACKS","0.5"
"2025","4691739","Jason Moore","DL","Georgia Tech","ACC","defensive","SOLO","3"
"2025","4691739","Jason Moore","DL","Georgia Tech","ACC","defensive","TD","0"
"2025","4691739","Jason Moore","DL","Georgia Tech","ACC","defensive","TFL","0.5"
"2025","4691739","Jason Moore","DL","Georgia Tech","ACC","defensive","TOT","22"
"2025","4691868","Quinn Castner","PK","Clemson","ACC","kicking","FGA","0"
"2025","4691868","Quinn Castner","PK","Clemson","ACC","kicking","FGM","0"
"2025","4691868","Quinn Castner","PK","Clemson","ACC","kicking","LONG","0"
"2025","4691868","Quinn Castner","PK","Clemson","ACC","kicking","PCT","0"
"2025","4691868","Quinn Castner","PK","Clemson","ACC","kicking","PTS","3"
"2025","4691868","Quinn Castner","PK","Clemson","ACC","kicking","XPA","3"
"2025","4691868","Quinn Castner","PK","Clemson","ACC","kicking","XPM","3"
"2025","4692530","Chandler Morris","QB","Virginia","ACC","defensive","PD","0"
"2025","4692530","Chandler Morris","QB","Virginia","ACC","defensive","QB HUR","0"
"2025","4692530","Chandler Morris","QB","Virginia","ACC","defensive","SACKS","0"
"2025","4692530","Chandler Morris","QB","Virginia","ACC","defensive","SOLO","1"
"2025","4692530","Chandler Morris","QB","Virginia","ACC","defensive","TD","0"
"2025","4692530","Chandler Morris","QB","Virginia","ACC","defensive","TFL","0"
"2025","4692530","Chandler Morris","QB","Virginia","ACC","defensive","TOT","1"
"2025","4692530","Chandler Morris","QB","Virginia","ACC","fumbles","FUM","3"
"2025","4692530","Chandler Morris","QB","Virginia","ACC","fumbles","LOST","0"
"2025","4692530","Chandler Morris","QB","Virginia","ACC","fumbles","REC","0"
"2025","4692530","Chandler Morris","QB","Virginia","ACC","passing","ATT","436"
"2025","4692530","Chandler Morris","QB","Virginia","ACC","passing","COMPLETIONS","282"
"2025","4692530","Chandler Morris","QB","Virginia","ACC","passing","INT","9"
"2025","4692530","Chandler Morris","QB","Virginia","ACC","passing","PCT","0.647"
"2025","4692530","Chandler Morris","QB","Virginia","ACC","passing","TD","16"
"2025","4692530","Chandler Morris","QB","Virginia","ACC","passing","YDS","3000"
"2025","4692530","Chandler Morris","QB","Virginia","ACC","passing","YPA","6.9"
"2025","4692530","Chandler Morris","QB","Virginia","ACC","punting","In 20","1"
"2025","4692530","Chandler Morris","QB","Virginia","ACC","punting","LONG","41"
"2025","4692530","Chandler Morris","QB","Virginia","ACC","punting","NO","1"
"2025","4692530","Chandler Morris","QB","Virginia","ACC","punting","TB","0"
"2025","4692530","Chandler Morris","QB","Virginia","ACC","punting","YDS","41"
"2025","4692530","Chandler Morris","QB","Virginia","ACC","punting","YPP","41.0"
"2025","4692530","Chandler Morris","QB","Virginia","ACC","rushing","CAR","64"
"2025","4692530","Chandler Morris","QB","Virginia","ACC","rushing","LONG","42"
"2025","4692530","Chandler Morris","QB","Virginia","ACC","rushing","TD","5"
"2025","4692530","Chandler Morris","QB","Virginia","ACC","rushing","YDS","245"
"2025","4692530","Chandler Morris","QB","Virginia","ACC","rushing","YPC","3.8"
"2025","4693205","Mitchell Melton","DE","Virginia","ACC","defensive","PD","3"
"2025","4693205","Mitchell Melton","DE","Virginia","ACC","defensive","QB HUR","7"
"2025","4693205","Mitchell Melton","DE","Virginia","ACC","defensive","SACKS","4.5"
"2025","4693205","Mitchell Melton","DE","Virginia","ACC","defensive","SOLO","17"
"2025","4693205","Mitchell Melton","DE","Virginia","ACC","defensive","TD","0"
"2025","4693205","Mitchell Melton","DE","Virginia","ACC","defensive","TFL","9.5"
"2025","4693205","Mitchell Melton","DE","Virginia","ACC","defensive","TOT","45"
"2025","4693205","Mitchell Melton","DE","Virginia","ACC","fumbles","FUM","0"
"2025","4693205","Mitchell Melton","DE","Virginia","ACC","fumbles","LOST","0"
"2025","4693205","Mitchell Melton","DE","Virginia","ACC","fumbles","REC","1"
"2025","4693205","Mitchell Melton","DE","Virginia","ACC","interceptions","AVG","0.0"
"2025","4693205","Mitchell Melton","DE","Virginia","ACC","interceptions","INT","1"
"2025","4693205","Mitchell Melton","DE","Virginia","ACC","interceptions","TD","0"
"2025","4693205","Mitchell Melton","DE","Virginia","ACC","interceptions","YDS","0"
"2025","4693394","Zach Buckey","DE","Stanford","ACC","defensive","PD","1"
"2025","4693394","Zach Buckey","DE","Stanford","ACC","defensive","QB HUR","0"
"2025","4693394","Zach Buckey","DE","Stanford","ACC","defensive","SACKS","1"
"2025","4693394","Zach Buckey","DE","Stanford","ACC","defensive","SOLO","4"
"2025","4693394","Zach Buckey","DE","Stanford","ACC","defensive","TD","0"
"2025","4693394","Zach Buckey","DE","Stanford","ACC","defensive","TFL","1.5"
"2025","4693394","Zach Buckey","DE","Stanford","ACC","defensive","TOT","8"
"2025","4693954","Ian Schieffelin","TE","Clemson","ACC","receiving","LONG","11"
"2025","4693954","Ian Schieffelin","TE","Clemson","ACC","receiving","REC","2"
"2025","4693954","Ian Schieffelin","TE","Clemson","ACC","receiving","TD","0"
"2025","4693954","Ian Schieffelin","TE","Clemson","ACC","receiving","YDS","10"
"2025","4693954","Ian Schieffelin","TE","Clemson","ACC","receiving","YPR","5.0"
"2025","4694352","Deamontae Diggs","DL","Florida State","ACC","defensive","PD","0"
"2025","4694352","Deamontae Diggs","DL","Florida State","ACC","defensive","QB HUR","0"
"2025","4694352","Deamontae Diggs","DL","Florida State","ACC","defensive","SACKS","1"
"2025","4694352","Deamontae Diggs","DL","Florida State","ACC","defensive","SOLO","2"
"2025","4694352","Deamontae Diggs","DL","Florida State","ACC","defensive","TD","0"
"2025","4694352","Deamontae Diggs","DL","Florida State","ACC","defensive","TFL","2"
"2025","4694352","Deamontae Diggs","DL","Florida State","ACC","defensive","TOT","2"
"2025","4694500","James Jennette","DL","Virginia Tech","ACC","defensive","PD","1"
"2025","4694500","James Jennette","DL","Virginia Tech","ACC","defensive","QB HUR","0"
"2025","4694500","James Jennette","DL","Virginia Tech","ACC","defensive","SACKS","0.5"
"2025","4694500","James Jennette","DL","Virginia Tech","ACC","defensive","SOLO","4"
"2025","4694500","James Jennette","DL","Virginia Tech","ACC","defensive","TD","0"
"2025","4694500","James Jennette","DL","Virginia Tech","ACC","defensive","TFL","1"
"2025","4694500","James Jennette","DL","Virginia Tech","ACC","defensive","TOT","9"
"2025","4694814","Anthony Franklin","DE","Stanford","ACC","defensive","PD","1"
"2025","4694814","Anthony Franklin","DE","Stanford","ACC","defensive","QB HUR","0"
"2025","4694814","Anthony Franklin","DE","Stanford","ACC","defensive","SACKS","0.5"
"2025","4694814","Anthony Franklin","DE","Stanford","ACC","defensive","SOLO","3"
"2025","4694814","Anthony Franklin","DE","Stanford","ACC","defensive","TD","0"
"2025","4694814","Anthony Franklin","DE","Stanford","ACC","defensive","TFL","1.5"
"2025","4694814","Anthony Franklin","DE","Stanford","ACC","defensive","TOT","10"
"2025","4695007","Jyron Gilmore","DB","Georgia Tech","ACC","defensive","PD","3"
"2025","4695007","Jyron Gilmore","DB","Georgia Tech","ACC","defensive","QB HUR","1"
"2025","4695007","Jyron Gilmore","DB","Georgia Tech","ACC","defensive","SACKS","0.5"
"2025","4695007","Jyron Gilmore","DB","Georgia Tech","ACC","defensive","SOLO","21"
"2025","4695007","Jyron Gilmore","DB","Georgia Tech","ACC","defensive","TD","0"
"2025","4695007","Jyron Gilmore","DB","Georgia Tech","ACC","defensive","TFL","2.5"
"2025","4695007","Jyron Gilmore","DB","Georgia Tech","ACC","defensive","TOT","35"
"2025","4695022","Daniel Rickert","DL","Virginia","ACC","defensive","PD","1"
"2025","4695022","Daniel Rickert","DL","Virginia","ACC","defensive","QB HUR","9"
"2025","4695022","Daniel Rickert","DL","Virginia","ACC","defensive","SACKS","7.0"
"2025","4695022","Daniel Rickert","DL","Virginia","ACC","defensive","SOLO","17"
"2025","4695022","Daniel Rickert","DL","Virginia","ACC","defensive","TD","0"
"2025","4695022","Daniel Rickert","DL","Virginia","ACC","defensive","TFL","8.5"
"2025","4695022","Daniel Rickert","DL","Virginia","ACC","defensive","TOT","36"
"2025","4695709","Devin Brown","QB","California","ACC","passing","ATT","7"
"2025","4695709","Devin Brown","QB","California","ACC","passing","COMPLETIONS","4"
"2025","4695709","Devin Brown","QB","California","ACC","passing","INT","1"
"2025","4695709","Devin Brown","QB","California","ACC","passing","PCT","0.571"
"2025","4695709","Devin Brown","QB","California","ACC","passing","TD","1"
"2025","4695709","Devin Brown","QB","California","ACC","passing","YDS","48"
"2025","4695709","Devin Brown","QB","California","ACC","passing","YPA","6.9"
"2025","4695709","Devin Brown","QB","California","ACC","rushing","CAR","3"
"2025","4695709","Devin Brown","QB","California","ACC","rushing","LONG","0"
"2025","4695709","Devin Brown","QB","California","ACC","rushing","TD","0"
"2025","4695709","Devin Brown","QB","California","ACC","rushing","YDS","-15"
"2025","4695709","Devin Brown","QB","California","ACC","rushing","YPC","-5.0"
"2025","4696686","Deuce Spann","WR","Pittsburgh","ACC","defensive","PD","0"
"2025","4696686","Deuce Spann","WR","Pittsburgh","ACC","defensive","QB HUR","0"
"2025","4696686","Deuce Spann","WR","Pittsburgh","ACC","defensive","SACKS","0"
"2025","4696686","Deuce Spann","WR","Pittsburgh","ACC","defensive","SOLO","1"
"2025","4696686","Deuce Spann","WR","Pittsburgh","ACC","defensive","TD","0"
"2025","4696686","Deuce Spann","WR","Pittsburgh","ACC","defensive","TFL","0"
"2025","4696686","Deuce Spann","WR","Pittsburgh","ACC","defensive","TOT","1"
"2025","4696686","Deuce Spann","WR","Pittsburgh","ACC","kickReturns","AVG","21.2"
"2025","4696686","Deuce Spann","WR","Pittsburgh","ACC","kickReturns","LONG","41"
"2025","4696686","Deuce Spann","WR","Pittsburgh","ACC","kickReturns","NO","15"
"2025","4696686","Deuce Spann","WR","Pittsburgh","ACC","kickReturns","TD","0"
"2025","4696686","Deuce Spann","WR","Pittsburgh","ACC","kickReturns","YDS","318"
"2025","4696686","Deuce Spann","WR","Pittsburgh","ACC","receiving","LONG","30"
"2025","4696686","Deuce Spann","WR","Pittsburgh","ACC","receiving","REC","13"
"2025","4696686","Deuce Spann","WR","Pittsburgh","ACC","receiving","TD","1"
"2025","4696686","Deuce Spann","WR","Pittsburgh","ACC","receiving","YDS","142"
"2025","4696686","Deuce Spann","WR","Pittsburgh","ACC","receiving","YPR","10.9"
"2025","4696686","Deuce Spann","WR","Pittsburgh","ACC","rushing","CAR","3"
"2025","4696686","Deuce Spann","WR","Pittsburgh","ACC","rushing","LONG","4"
"2025","4696686","Deuce Spann","WR","Pittsburgh","ACC","rushing","TD","1"
"2025","4696686","Deuce Spann","WR","Pittsburgh","ACC","rushing","YDS","9"
"2025","4696686","Deuce Spann","WR","Pittsburgh","ACC","rushing","YPC","3.0"
"2025","4696688","Josh Beetham","TE","Georgia Tech","ACC","defensive","PD","0"
"2025","4696688","Josh Beetham","TE","Georgia Tech","ACC","defensive","QB HUR","0"
"2025","4696688","Josh Beetham","TE","Georgia Tech","ACC","defensive","SACKS","0"
"2025","4696688","Josh Beetham","TE","Georgia Tech","ACC","defensive","SOLO","1"
"2025","4696688","Josh Beetham","TE","Georgia Tech","ACC","defensive","TD","0"
"2025","4696688","Josh Beetham","TE","Georgia Tech","ACC","defensive","TFL","0"
"2025","4696688","Josh Beetham","TE","Georgia Tech","ACC","defensive","TOT","1"
"2025","4696688","Josh Beetham","TE","Georgia Tech","ACC","kickReturns","AVG","12.0"
"2025","4696688","Josh Beetham","TE","Georgia Tech","ACC","kickReturns","LONG","12"
"2025","4696688","Josh Beetham","TE","Georgia Tech","ACC","kickReturns","NO","1"
"2025","4696688","Josh Beetham","TE","Georgia Tech","ACC","kickReturns","TD","0"
"2025","4696688","Josh Beetham","TE","Georgia Tech","ACC","kickReturns","YDS","12"
"2025","4696688","Josh Beetham","TE","Georgia Tech","ACC","receiving","LONG","49"
"2025","4696688","Josh Beetham","TE","Georgia Tech","ACC","receiving","REC","6"
"2025","4696688","Josh Beetham","TE","Georgia Tech","ACC","receiving","TD","2"
"2025","4696688","Josh Beetham","TE","Georgia Tech","ACC","receiving","YDS","134"
"2025","4696688","Josh Beetham","TE","Georgia Tech","ACC","receiving","YPR","22.3"
"2025","4697495","Kyle Lowe","PK","Virginia Tech","ACC","defensive","PD","0"
"2025","4697495","Kyle Lowe","PK","Virginia Tech","ACC","defensive","QB HUR","0"
"2025","4697495","Kyle Lowe","PK","Virginia Tech","ACC","defensive","SACKS","0"
"2025","4697495","Kyle Lowe","PK","Virginia Tech","ACC","defensive","SOLO","1"
"2025","4697495","Kyle Lowe","PK","Virginia Tech","ACC","defensive","TD","0"
"2025","4697495","Kyle Lowe","PK","Virginia Tech","ACC","defensive","TFL","0"
"2025","4697495","Kyle Lowe","PK","Virginia Tech","ACC","defensive","TOT","1"
"2025","4697495","Kyle Lowe","PK","Virginia Tech","ACC","kicking","FGA","0"
"2025","4697495","Kyle Lowe","PK","Virginia Tech","ACC","kicking","FGM","0"
"2025","4697495","Kyle Lowe","PK","Virginia Tech","ACC","kicking","LONG","0"
"2025","4697495","Kyle Lowe","PK","Virginia Tech","ACC","kicking","PCT","0"
"2025","4697495","Kyle Lowe","PK","Virginia Tech","ACC","kicking","PTS","1"
"2025","4697495","Kyle Lowe","PK","Virginia Tech","ACC","kicking","XPA","1"
"2025","4697495","Kyle Lowe","PK","Virginia Tech","ACC","kicking","XPM","1"
"2025","4697512","Robby Ashford","QB","Wake Forest","ACC","defensive","PD","0"
"2025","4697512","Robby Ashford","QB","Wake Forest","ACC","defensive","QB HUR","0"
"2025","4697512","Robby Ashford","QB","Wake Forest","ACC","defensive","SACKS","0"
"2025","4697512","Robby Ashford","QB","Wake Forest","ACC","defensive","SOLO","1"
"2025","4697512","Robby Ashford","QB","Wake Forest","ACC","defensive","TD","0"
"2025","4697512","Robby Ashford","QB","Wake Forest","ACC","defensive","TFL","0"
"2025","4697512","Robby Ashford","QB","Wake Forest","ACC","defensive","TOT","1"
"2025","4697512","Robby Ashford","QB","Wake Forest","ACC","fumbles","FUM","7"
"2025","4697512","Robby Ashford","QB","Wake Forest","ACC","fumbles","LOST","2"
"2025","4697512","Robby Ashford","QB","Wake Forest","ACC","fumbles","REC","0"
"2025","4697512","Robby Ashford","QB","Wake Forest","ACC","passing","ATT","322"
"2025","4697512","Robby Ashford","QB","Wake Forest","ACC","passing","COMPLETIONS","191"
"2025","4697512","Robby Ashford","QB","Wake Forest","ACC","passing","INT","8"
"2025","4697512","Robby Ashford","QB","Wake Forest","ACC","passing","PCT","0.593"
"2025","4697512","Robby Ashford","QB","Wake Forest","ACC","passing","TD","12"
"2025","4697512","Robby Ashford","QB","Wake Forest","ACC","passing","YDS","2472"
"2025","4697512","Robby Ashford","QB","Wake Forest","ACC","passing","YPA","7.7"
"2025","4697512","Robby Ashford","QB","Wake Forest","ACC","rushing","CAR","130"
"2025","4697512","Robby Ashford","QB","Wake Forest","ACC","rushing","LONG","43"
"2025","4697512","Robby Ashford","QB","Wake Forest","ACC","rushing","TD","9"
"2025","4697512","Robby Ashford","QB","Wake Forest","ACC","rushing","YDS","554"
"2025","4697512","Robby Ashford","QB","Wake Forest","ACC","rushing","YPC","4.3"
"2025","4697761","Dion Wilson Jr.","DL","Syracuse","ACC","defensive","PD","2"
"2025","4697761","Dion Wilson Jr.","DL","Syracuse","ACC","defensive","QB HUR","2"
"2025","4697761","Dion Wilson Jr.","DL","Syracuse","ACC","defensive","SACKS","0"
"2025","4697761","Dion Wilson Jr.","DL","Syracuse","ACC","defensive","SOLO","7"
"2025","4697761","Dion Wilson Jr.","DL","Syracuse","ACC","defensive","TD","0"
"2025","4697761","Dion Wilson Jr.","DL","Syracuse","ACC","defensive","TFL","2"
"2025","4697761","Dion Wilson Jr.","DL","Syracuse","ACC","defensive","TOT","14"
"2025","4698109","Rene Konga","DL","Louisville","ACC","defensive","PD","5"
"2025","4698109","Rene Konga","DL","Louisville","ACC","defensive","QB HUR","2"
"2025","4698109","Rene Konga","DL","Louisville","ACC","defensive","SACKS","1.5"
"2025","4698109","Rene Konga","DL","Louisville","ACC","defensive","SOLO","13"
"2025","4698109","Rene Konga","DL","Louisville","ACC","defensive","TD","0"
"2025","4698109","Rene Konga","DL","Louisville","ACC","defensive","TFL","5.0"
"2025","4698109","Rene Konga","DL","Louisville","ACC","defensive","TOT","29"
"2025","4698181","Quintayvious Hutchins","DL","Boston College","ACC","defensive","PD","1"
"2025","4698181","Quintayvious Hutchins","DL","Boston College","ACC","defensive","QB HUR","7"
"2025","4698181","Quintayvious Hutchins","DL","Boston College","ACC","defensive","SACKS","2"
"2025","4698181","Quintayvious Hutchins","DL","Boston College","ACC","defensive","SOLO","16"
"2025","4698181","Quintayvious Hutchins","DL","Boston College","ACC","defensive","TD","0"
"2025","4698181","Quintayvious Hutchins","DL","Boston College","ACC","defensive","TFL","3.5"
"2025","4698181","Quintayvious Hutchins","DL","Boston College","ACC","defensive","TOT","36"
"2025","4698243","Kavir Bains","DB","Pittsburgh","ACC","defensive","PD","4"
"2025","4698243","Kavir Bains","DB","Pittsburgh","ACC","defensive","QB HUR","0"
"2025","4698243","Kavir Bains","DB","Pittsburgh","ACC","defensive","SACKS","0"
"2025","4698243","Kavir Bains","DB","Pittsburgh","ACC","defensive","SOLO","37"
"2025","4698243","Kavir Bains","DB","Pittsburgh","ACC","defensive","TD","0"
"2025","4698243","Kavir Bains","DB","Pittsburgh","ACC","defensive","TFL","1"
"2025","4698243","Kavir Bains","DB","Pittsburgh","ACC","defensive","TOT","58"
"2025","4698243","Kavir Bains","DB","Pittsburgh","ACC","interceptions","AVG","38.7"
"2025","4698243","Kavir Bains","DB","Pittsburgh","ACC","interceptions","INT","3"
"2025","4698243","Kavir Bains","DB","Pittsburgh","ACC","interceptions","TD","0"
"2025","4698243","Kavir Bains","DB","Pittsburgh","ACC","interceptions","YDS","116"
"2025","4698882","Christian Charles","DB","Virginia","ACC","defensive","PD","6"
"2025","4698882","Christian Charles","DB","Virginia","ACC","defensive","QB HUR","2"
"2025","4698882","Christian Charles","DB","Virginia","ACC","defensive","SACKS","0"
"2025","4698882","Christian Charles","DB","Virginia","ACC","defensive","SOLO","19"
"2025","4698882","Christian Charles","DB","Virginia","ACC","defensive","TD","0"
"2025","4698882","Christian Charles","DB","Virginia","ACC","defensive","TFL","0.5"
"2025","4698882","Christian Charles","DB","Virginia","ACC","defensive","TOT","43"
"2025","4699802","Sabastian Harsh","DE","NC State","ACC","defensive","PD","3"
"2025","4699802","Sabastian Harsh","DE","NC State","ACC","defensive","QB HUR","13"
"2025","4699802","Sabastian Harsh","DE","NC State","ACC","defensive","SACKS","2.5"
"2025","4699802","Sabastian Harsh","DE","NC State","ACC","defensive","SOLO","15"
"2025","4699802","Sabastian Harsh","DE","NC State","ACC","defensive","TD","0"
"2025","4699802","Sabastian Harsh","DE","NC State","ACC","defensive","TFL","7.5"
"2025","4699802","Sabastian Harsh","DE","NC State","ACC","defensive","TOT","41"
"2025","4699802","Sabastian Harsh","DE","NC State","ACC","fumbles","FUM","0"
"2025","4699802","Sabastian Harsh","DE","NC State","ACC","fumbles","LOST","0"
"2025","4699802","Sabastian Harsh","DE","NC State","ACC","fumbles","REC","1"
"2025","4700756","Jaden Keller","LB","Virginia Tech","ACC","defensive","PD","1"
"2025","4700756","Jaden Keller","LB","Virginia Tech","ACC","defensive","QB HUR","0"
"2025","4700756","Jaden Keller","LB","Virginia Tech","ACC","defensive","SACKS","0.5"
"2025","4700756","Jaden Keller","LB","Virginia Tech","ACC","defensive","SOLO","22"
"2025","4700756","Jaden Keller","LB","Virginia Tech","ACC","defensive","TD","0"
"2025","4700756","Jaden Keller","LB","Virginia Tech","ACC","defensive","TFL","2.5"
"2025","4700756","Jaden Keller","LB","Virginia Tech","ACC","defensive","TOT","50"
"2025","4701541","Ty Clemons","DL","Boston College","ACC","defensive","PD","0"
"2025","4701541","Ty Clemons","DL","Boston College","ACC","defensive","QB HUR","1"
"2025","4701541","Ty Clemons","DL","Boston College","ACC","defensive","SACKS","1"
"2025","4701541","Ty Clemons","DL","Boston College","ACC","defensive","SOLO","4"
"2025","4701541","Ty Clemons","DL","Boston College","ACC","defensive","TD","0"
"2025","4701541","Ty Clemons","DL","Boston College","ACC","defensive","TFL","1"
"2025","4701541","Ty Clemons","DL","Boston College","ACC","defensive","TOT","6"
"2025","4701943","Elijah Herring","LB","Florida State","ACC","defensive","PD","0"
"2025","4701943","Elijah Herring","LB","Florida State","ACC","defensive","QB HUR","1"
"2025","4701943","Elijah Herring","LB","Florida State","ACC","defensive","SACKS","1"
"2025","4701943","Elijah Herring","LB","Florida State","ACC","defensive","SOLO","20"
"2025","4701943","Elijah Herring","LB","Florida State","ACC","defensive","TD","0"
"2025","4701943","Elijah Herring","LB","Florida State","ACC","defensive","TFL","3.5"
"2025","4701943","Elijah Herring","LB","Florida State","ACC","defensive","TOT","41"
"2025","4701943","Elijah Herring","LB","Florida State","ACC","interceptions","AVG","15.0"
"2025","4701943","Elijah Herring","LB","Florida State","ACC","interceptions","INT","1"
"2025","4701943","Elijah Herring","LB","Florida State","ACC","interceptions","TD","0"
"2025","4701943","Elijah Herring","LB","Florida State","ACC","interceptions","YDS","15"
"2025","4701953","Kenzy Paul","S","Duke","ACC","defensive","PD","0"
"2025","4701953","Kenzy Paul","S","Duke","ACC","defensive","QB HUR","0"
"2025","4701953","Kenzy Paul","S","Duke","ACC","defensive","SACKS","0"
"2025","4701953","Kenzy Paul","S","Duke","ACC","defensive","SOLO","0"
"2025","4701953","Kenzy Paul","S","Duke","ACC","defensive","TD","0"
"2025","4701953","Kenzy Paul","S","Duke","ACC","defensive","TFL","0.5"
"2025","4701953","Kenzy Paul","S","Duke","ACC","defensive","TOT","1"
"2025","4702789","Justin Medlock","LB","SMU","ACC","defensive","PD","1"
"2025","4702789","Justin Medlock","LB","SMU","ACC","defensive","QB HUR","1"
"2025","4702789","Justin Medlock","LB","SMU","ACC","defensive","SACKS","1"
"2025","4702789","Justin Medlock","LB","SMU","ACC","defensive","SOLO","12"
"2025","4702789","Justin Medlock","LB","SMU","ACC","defensive","TD","1"
"2025","4702789","Justin Medlock","LB","SMU","ACC","defensive","TFL","1"
"2025","4702789","Justin Medlock","LB","SMU","ACC","defensive","TOT","25"
"2025","4702789","Justin Medlock","LB","SMU","ACC","interceptions","AVG","96.0"
"2025","4702789","Justin Medlock","LB","SMU","ACC","interceptions","INT","1"
"2025","4702789","Justin Medlock","LB","SMU","ACC","interceptions","TD","1"
"2025","4702789","Justin Medlock","LB","SMU","ACC","interceptions","YDS","96"
"2025","4702822","Curlee Thomas","LB","California","ACC","defensive","PD","0"
"2025","4702822","Curlee Thomas","LB","California","ACC","defensive","QB HUR","0"
"2025","4702822","Curlee Thomas","LB","California","ACC","defensive","SACKS","0"
"2025","4702822","Curlee Thomas","LB","California","ACC","defensive","SOLO","0"
"2025","4702822","Curlee Thomas","LB","California","ACC","defensive","TD","0"
"2025","4702822","Curlee Thomas","LB","California","ACC","defensive","TFL","0"
"2025","4702822","Curlee Thomas","LB","California","ACC","defensive","TOT","2"
"2025","4702913","R.J. Maryland","TE","SMU","ACC","receiving","LONG","49"
"2025","4702913","R.J. Maryland","TE","SMU","ACC","receiving","REC","27"
"2025","4702913","R.J. Maryland","TE","SMU","ACC","receiving","TD","2"
"2025","4702913","R.J. Maryland","TE","SMU","ACC","receiving","YDS","322"
"2025","4702913","R.J. Maryland","TE","SMU","ACC","receiving","YPR","11.9"
"2025","4702918","Chandler Rivers","CB","Duke","ACC","defensive","PD","8"
"2025","4702918","Chandler Rivers","CB","Duke","ACC","defensive","QB HUR","1"
"2025","4702918","Chandler Rivers","CB","Duke","ACC","defensive","SACKS","0"
"2025","4702918","Chandler Rivers","CB","Duke","ACC","defensive","SOLO","37"
"2025","4702918","Chandler Rivers","CB","Duke","ACC","defensive","TD","0"
"2025","4702918","Chandler Rivers","CB","Duke","ACC","defensive","TFL","3.5"
"2025","4702918","Chandler Rivers","CB","Duke","ACC","defensive","TOT","59"
"2025","4702918","Chandler Rivers","CB","Duke","ACC","interceptions","AVG","0.0"
"2025","4702918","Chandler Rivers","CB","Duke","ACC","interceptions","INT","2"
"2025","4702918","Chandler Rivers","CB","Duke","ACC","interceptions","TD","0"
"2025","4702918","Chandler Rivers","CB","Duke","ACC","interceptions","YDS","0"
"2025","4703030","Jaiven Plummer","WR","California","ACC","defensive","PD","0"
"2025","4703030","Jaiven Plummer","WR","California","ACC","defensive","QB HUR","0"
"2025","4703030","Jaiven Plummer","WR","California","ACC","defensive","SACKS","0"
"2025","4703030","Jaiven Plummer","WR","California","ACC","defensive","SOLO","2"
"2025","4703030","Jaiven Plummer","WR","California","ACC","defensive","TD","0"
"2025","4703030","Jaiven Plummer","WR","California","ACC","defensive","TFL","0"
"2025","4703030","Jaiven Plummer","WR","California","ACC","defensive","TOT","4"
"2025","4703030","Jaiven Plummer","WR","California","ACC","receiving","LONG","51"
"2025","4703030","Jaiven Plummer","WR","California","ACC","receiving","REC","2"
"2025","4703030","Jaiven Plummer","WR","California","ACC","receiving","TD","1"
"2025","4703030","Jaiven Plummer","WR","California","ACC","receiving","YDS","86"
"2025","4703030","Jaiven Plummer","WR","California","ACC","receiving","YPR","43.0"
"2025","4703069","Jackson Vick","CB","NC State","ACC","defensive","PD","6"
"2025","4703069","Jackson Vick","CB","NC State","ACC","defensive","QB HUR","0"
"2025","4703069","Jackson Vick","CB","NC State","ACC","defensive","SACKS","0"
"2025","4703069","Jackson Vick","CB","NC State","ACC","defensive","SOLO","25"
"2025","4703069","Jackson Vick","CB","NC State","ACC","defensive","TD","0"
"2025","4703069","Jackson Vick","CB","NC State","ACC","defensive","TFL","1.5"
"2025","4703069","Jackson Vick","CB","NC State","ACC","defensive","TOT","45"
"2025","4705557","Quaron Adams","WR","California","ACC","kickReturns","AVG","21.0"
"2025","4705557","Quaron Adams","WR","California","ACC","kickReturns","LONG","21"
"2025","4705557","Quaron Adams","WR","California","ACC","kickReturns","NO","1"
"2025","4705557","Quaron Adams","WR","California","ACC","kickReturns","TD","0"
"2025","4705557","Quaron Adams","WR","California","ACC","kickReturns","YDS","21"
"2025","4705557","Quaron Adams","WR","California","ACC","puntReturns","AVG","0.0"
"2025","4705557","Quaron Adams","WR","California","ACC","puntReturns","LONG","0"
"2025","4705557","Quaron Adams","WR","California","ACC","puntReturns","NO","1"
"2025","4705557","Quaron Adams","WR","California","ACC","puntReturns","TD","0"
"2025","4705557","Quaron Adams","WR","California","ACC","puntReturns","YDS","0"
"2025","4705557","Quaron Adams","WR","California","ACC","receiving","LONG","39"
"2025","4705557","Quaron Adams","WR","California","ACC","receiving","REC","20"
"2025","4705557","Quaron Adams","WR","California","ACC","receiving","TD","1"
"2025","4705557","Quaron Adams","WR","California","ACC","receiving","YDS","273"
"2025","4705557","Quaron Adams","WR","California","ACC","receiving","YPR","13.7"
"2025","4705557","Quaron Adams","WR","California","ACC","rushing","CAR","4"
"2025","4705557","Quaron Adams","WR","California","ACC","rushing","LONG","9"
"2025","4705557","Quaron Adams","WR","California","ACC","rushing","TD","0"
"2025","4705557","Quaron Adams","WR","California","ACC","rushing","YDS","17"
"2025","4705557","Quaron Adams","WR","California","ACC","rushing","YPC","4.3"
"2025","4705631","Chase Simmons","TE","Syracuse","ACC","defensive","PD","0"
"2025","4705631","Chase Simmons","TE","Syracuse","ACC","defensive","QB HUR","0"
"2025","4705631","Chase Simmons","TE","Syracuse","ACC","defensive","SACKS","0.5"
"2025","4705631","Chase Simmons","TE","Syracuse","ACC","defensive","SOLO","5"
"2025","4705631","Chase Simmons","TE","Syracuse","ACC","defensive","TD","0"
"2025","4705631","Chase Simmons","TE","Syracuse","ACC","defensive","TFL","3.5"
"2025","4705631","Chase Simmons","TE","Syracuse","ACC","defensive","TOT","6"
"2025","4707203","Shyheim Brown","DB","Florida State","ACC","defensive","PD","0"
"2025","4707203","Shyheim Brown","DB","Florida State","ACC","defensive","QB HUR","0"
"2025","4707203","Shyheim Brown","DB","Florida State","ACC","defensive","SACKS","1"
"2025","4707203","Shyheim Brown","DB","Florida State","ACC","defensive","SOLO","12"
"2025","4707203","Shyheim Brown","DB","Florida State","ACC","defensive","TD","0"
"2025","4707203","Shyheim Brown","DB","Florida State","ACC","defensive","TFL","1.5"
"2025","4707203","Shyheim Brown","DB","Florida State","ACC","defensive","TOT","32"
"2025","4707209","Nick Morris Jr.","LB","Duke","ACC","defensive","PD","0"
"2025","4707209","Nick Morris Jr.","LB","Duke","ACC","defensive","QB HUR","2"
"2025","4707209","Nick Morris Jr.","LB","Duke","ACC","defensive","SACKS","0"
"2025","4707209","Nick Morris Jr.","LB","Duke","ACC","defensive","SOLO","12"
"2025","4707209","Nick Morris Jr.","LB","Duke","ACC","defensive","TD","0"
"2025","4707209","Nick Morris Jr.","LB","Duke","ACC","defensive","TFL","3.5"
"2025","4707209","Nick Morris Jr.","LB","Duke","ACC","defensive","TOT","18"
"2025","4707209","Nick Morris Jr.","LB","Duke","ACC","fumbles","FUM","0"
"2025","4707209","Nick Morris Jr.","LB","Duke","ACC","fumbles","LOST","0"
"2025","4707209","Nick Morris Jr.","LB","Duke","ACC","fumbles","REC","1"
"2025","4708354","Jeremiah Franklin","TE","Boston College","ACC","defensive","PD","0"
"2025","4708354","Jeremiah Franklin","TE","Boston College","ACC","defensive","QB HUR","0"
"2025","4708354","Jeremiah Franklin","TE","Boston College","ACC","defensive","SACKS","0"
"2025","4708354","Jeremiah Franklin","TE","Boston College","ACC","defensive","SOLO","0"
"2025","4708354","Jeremiah Franklin","TE","Boston College","ACC","defensive","TD","0"
"2025","4708354","Jeremiah Franklin","TE","Boston College","ACC","defensive","TFL","0"
"2025","4708354","Jeremiah Franklin","TE","Boston College","ACC","defensive","TOT","1"
"2025","4708354","Jeremiah Franklin","TE","Boston College","ACC","fumbles","FUM","1"
"2025","4708354","Jeremiah Franklin","TE","Boston College","ACC","fumbles","LOST","1"
"2025","4708354","Jeremiah Franklin","TE","Boston College","ACC","fumbles","REC","0"
"2025","4708354","Jeremiah Franklin","TE","Boston College","ACC","receiving","LONG","32"
"2025","4708354","Jeremiah Franklin","TE","Boston College","ACC","receiving","REC","48"
"2025","4708354","Jeremiah Franklin","TE","Boston College","ACC","receiving","TD","2"
"2025","4708354","Jeremiah Franklin","TE","Boston College","ACC","receiving","YDS","489"
"2025","4708354","Jeremiah Franklin","TE","Boston College","ACC","receiving","YPR","10.2"
"2025","4708487","Jaquez Moore","RB","Duke","ACC","defensive","PD","0"
"2025","4708487","Jaquez Moore","RB","Duke","ACC","defensive","QB HUR","0"
"2025","4708487","Jaquez Moore","RB","Duke","ACC","defensive","SACKS","0"
"2025","4708487","Jaquez Moore","RB","Duke","ACC","defensive","SOLO","1"
"2025","4708487","Jaquez Moore","RB","Duke","ACC","defensive","TD","0"
"2025","4708487","Jaquez Moore","RB","Duke","ACC","defensive","TFL","0"
"2025","4708487","Jaquez Moore","RB","Duke","ACC","defensive","TOT","1"
"2025","4708487","Jaquez Moore","RB","Duke","ACC","fumbles","FUM","1"
"2025","4708487","Jaquez Moore","RB","Duke","ACC","fumbles","LOST","1"
"2025","4708487","Jaquez Moore","RB","Duke","ACC","fumbles","REC","0"
"2025","4708487","Jaquez Moore","RB","Duke","ACC","receiving","LONG","24"
"2025","4708487","Jaquez Moore","RB","Duke","ACC","receiving","REC","5"
"2025","4708487","Jaquez Moore","RB","Duke","ACC","receiving","TD","0"
"2025","4708487","Jaquez Moore","RB","Duke","ACC","receiving","YDS","41"
"2025","4708487","Jaquez Moore","RB","Duke","ACC","receiving","YPR","8.2"
"2025","4708487","Jaquez Moore","RB","Duke","ACC","rushing","CAR","41"
"2025","4708487","Jaquez Moore","RB","Duke","ACC","rushing","LONG","32"
"2025","4708487","Jaquez Moore","RB","Duke","ACC","rushing","TD","1"
"2025","4708487","Jaquez Moore","RB","Duke","ACC","rushing","YDS","201"
"2025","4708487","Jaquez Moore","RB","Duke","ACC","rushing","YPC","4.9"
"2025","4708844","Marshall Nichols","P","Georgia Tech","ACC","defensive","PD","0"
"2025","4708844","Marshall Nichols","P","Georgia Tech","ACC","defensive","QB HUR","0"
"2025","4708844","Marshall Nichols","P","Georgia Tech","ACC","defensive","SACKS","0"
"2025","4708844","Marshall Nichols","P","Georgia Tech","ACC","defensive","SOLO","1"
"2025","4708844","Marshall Nichols","P","Georgia Tech","ACC","defensive","TD","0"
"2025","4708844","Marshall Nichols","P","Georgia Tech","ACC","defensive","TFL","0"
"2025","4708844","Marshall Nichols","P","Georgia Tech","ACC","defensive","TOT","1"
"2025","4708844","Marshall Nichols","P","Georgia Tech","ACC","passing","ATT","1"
"2025","4708844","Marshall Nichols","P","Georgia Tech","ACC","passing","COMPLETIONS","1"
"2025","4708844","Marshall Nichols","P","Georgia Tech","ACC","passing","INT","0"
"2025","4708844","Marshall Nichols","P","Georgia Tech","ACC","passing","PCT","1.000"
"2025","4708844","Marshall Nichols","P","Georgia Tech","ACC","passing","TD","0"
"2025","4708844","Marshall Nichols","P","Georgia Tech","ACC","passing","YDS","5"
"2025","4708844","Marshall Nichols","P","Georgia Tech","ACC","passing","YPA","5.0"
"2025","4708844","Marshall Nichols","P","Georgia Tech","ACC","punting","In 20","13"
"2025","4708844","Marshall Nichols","P","Georgia Tech","ACC","punting","LONG","64"
"2025","4708844","Marshall Nichols","P","Georgia Tech","ACC","punting","NO","34"
"2025","4708844","Marshall Nichols","P","Georgia Tech","ACC","punting","TB","3"
"2025","4708844","Marshall Nichols","P","Georgia Tech","ACC","punting","YDS","1632"
"2025","4708844","Marshall Nichols","P","Georgia Tech","ACC","punting","YPP","48.0"
"2025","4709773","Jake Mann","LS","NC State","ACC","defensive","PD","0"
"2025","4709773","Jake Mann","LS","NC State","ACC","defensive","QB HUR","0"
"2025","4709773","Jake Mann","LS","NC State","ACC","defensive","SACKS","0"
"2025","4709773","Jake Mann","LS","NC State","ACC","defensive","SOLO","0"
"2025","4709773","Jake Mann","LS","NC State","ACC","defensive","TD","0"
"2025","4709773","Jake Mann","LS","NC State","ACC","defensive","TFL","0"
"2025","4709773","Jake Mann","LS","NC State","ACC","defensive","TOT","1"
"2025","4709788","Vaughn Pemberton","LB","Boston College","ACC","defensive","PD","0"
"2025","4709788","Vaughn Pemberton","LB","Boston College","ACC","defensive","QB HUR","0"
"2025","4709788","Vaughn Pemberton","LB","Boston College","ACC","defensive","SACKS","0"
"2025","4709788","Vaughn Pemberton","LB","Boston College","ACC","defensive","SOLO","1"
"2025","4709788","Vaughn Pemberton","LB","Boston College","ACC","defensive","TD","0"
"2025","4709788","Vaughn Pemberton","LB","Boston College","ACC","defensive","TFL","0"
"2025","4709788","Vaughn Pemberton","LB","Boston College","ACC","defensive","TOT","2"
"2025","4710334","Ese Dubre","LB","Stanford","ACC","defensive","PD","0"
"2025","4710334","Ese Dubre","LB","Stanford","ACC","defensive","QB HUR","1"
"2025","4710334","Ese Dubre","LB","Stanford","ACC","defensive","SACKS","0.5"
"2025","4710334","Ese Dubre","LB","Stanford","ACC","defensive","SOLO","4"
"2025","4710334","Ese Dubre","LB","Stanford","ACC","defensive","TD","0"
"2025","4710334","Ese Dubre","LB","Stanford","ACC","defensive","TFL","1.0"
"2025","4710334","Ese Dubre","LB","Stanford","ACC","defensive","TOT","13"
"2025","4710334","Ese Dubre","LB","Stanford","ACC","fumbles","FUM","0"
"2025","4710334","Ese Dubre","LB","Stanford","ACC","fumbles","LOST","0"
"2025","4710334","Ese Dubre","LB","Stanford","ACC","fumbles","REC","1"
"2025","4710679","Jordan Guerad","DL","Louisville","ACC","defensive","PD","2"
"2025","4710679","Jordan Guerad","DL","Louisville","ACC","defensive","QB HUR","5"
"2025","4710679","Jordan Guerad","DL","Louisville","ACC","defensive","SACKS","2.0"
"2025","4710679","Jordan Guerad","DL","Louisville","ACC","defensive","SOLO","15"
"2025","4710679","Jordan Guerad","DL","Louisville","ACC","defensive","TD","0"
"2025","4710679","Jordan Guerad","DL","Louisville","ACC","defensive","TFL","4.5"
"2025","4710679","Jordan Guerad","DL","Louisville","ACC","defensive","TOT","27"
"2025","4710679","Jordan Guerad","DL","Louisville","ACC","fumbles","FUM","0"
"2025","4710679","Jordan Guerad","DL","Louisville","ACC","fumbles","LOST","0"
"2025","4710679","Jordan Guerad","DL","Louisville","ACC","fumbles","REC","1"
"2025","4710679","Jordan Guerad","DL","Louisville","ACC","interceptions","AVG","0.0"
"2025","4710679","Jordan Guerad","DL","Louisville","ACC","interceptions","INT","1"
"2025","4710679","Jordan Guerad","DL","Louisville","ACC","interceptions","TD","0"
"2025","4710679","Jordan Guerad","DL","Louisville","ACC","interceptions","YDS","0"
"2025","4710780","Denzel Lowry","DL","Louisville","ACC","defensive","PD","0"
"2025","4710780","Denzel Lowry","DL","Louisville","ACC","defensive","QB HUR","1"
"2025","4710780","Denzel Lowry","DL","Louisville","ACC","defensive","SACKS","0"
"2025","4710780","Denzel Lowry","DL","Louisville","ACC","defensive","SOLO","3"
"2025","4710780","Denzel Lowry","DL","Louisville","ACC","defensive","TD","0"
"2025","4710780","Denzel Lowry","DL","Louisville","ACC","defensive","TFL","2"
"2025","4710780","Denzel Lowry","DL","Louisville","ACC","defensive","TOT","16"
"2025","4710780","Denzel Lowry","DL","Louisville","ACC","fumbles","FUM","0"
"2025","4710780","Denzel Lowry","DL","Louisville","ACC","fumbles","LOST","0"
"2025","4710780","Denzel Lowry","DL","Louisville","ACC","fumbles","REC","1"
"2025","4710865","Jakobe Thomas","DB","Miami","ACC","defensive","PD","6"
"2025","4710865","Jakobe Thomas","DB","Miami","ACC","defensive","QB HUR","0"
"2025","4710865","Jakobe Thomas","DB","Miami","ACC","defensive","SACKS","3.5"
"2025","4710865","Jakobe Thomas","DB","Miami","ACC","defensive","SOLO","45"
"2025","4710865","Jakobe Thomas","DB","Miami","ACC","defensive","TD","1"
"2025","4710865","Jakobe Thomas","DB","Miami","ACC","defensive","TFL","4.0"
"2025","4710865","Jakobe Thomas","DB","Miami","ACC","defensive","TOT","75"
"2025","4710865","Jakobe Thomas","DB","Miami","ACC","fumbles","FUM","0"
"2025","4710865","Jakobe Thomas","DB","Miami","ACC","fumbles","LOST","0"
"2025","4710865","Jakobe Thomas","DB","Miami","ACC","fumbles","REC","2"
"2025","4710865","Jakobe Thomas","DB","Miami","ACC","interceptions","AVG","14.6"
"2025","4710865","Jakobe Thomas","DB","Miami","ACC","interceptions","INT","5"
"2025","4710865","Jakobe Thomas","DB","Miami","ACC","interceptions","TD","1"
"2025","4710865","Jakobe Thomas","DB","Miami","ACC","interceptions","YDS","73"
"2025","4712326","Isaiah Taylor","DB","Miami","ACC","defensive","PD","1"
"2025","4712326","Isaiah Taylor","DB","Miami","ACC","defensive","QB HUR","0"
"2025","4712326","Isaiah Taylor","DB","Miami","ACC","defensive","SACKS","0"
"2025","4712326","Isaiah Taylor","DB","Miami","ACC","defensive","SOLO","6"
"2025","4712326","Isaiah Taylor","DB","Miami","ACC","defensive","TD","0"
"2025","4712326","Isaiah Taylor","DB","Miami","ACC","defensive","TFL","3"
"2025","4712326","Isaiah Taylor","DB","Miami","ACC","defensive","TOT","8"
"2025","4713118","J'mari Taylor","RB","Virginia","ACC","defensive","PD","0"
"2025","4713118","J'mari Taylor","RB","Virginia","ACC","defensive","QB HUR","0"
"2025","4713118","J'mari Taylor","RB","Virginia","ACC","defensive","SACKS","0"
"2025","4713118","J'mari Taylor","RB","Virginia","ACC","defensive","SOLO","1"
"2025","4713118","J'mari Taylor","RB","Virginia","ACC","defensive","TD","0"
"2025","4713118","J'mari Taylor","RB","Virginia","ACC","defensive","TFL","0"
"2025","4713118","J'mari Taylor","RB","Virginia","ACC","defensive","TOT","1"
"2025","4713118","J'mari Taylor","RB","Virginia","ACC","fumbles","FUM","1"
"2025","4713118","J'mari Taylor","RB","Virginia","ACC","fumbles","LOST","1"
"2025","4713118","J'mari Taylor","RB","Virginia","ACC","fumbles","REC","0"
"2025","4713118","J'mari Taylor","RB","Virginia","ACC","kickReturns","AVG","20.0"
"2025","4713118","J'mari Taylor","RB","Virginia","ACC","kickReturns","LONG","20"
"2025","4713118","J'mari Taylor","RB","Virginia","ACC","kickReturns","NO","1"
"2025","4713118","J'mari Taylor","RB","Virginia","ACC","kickReturns","TD","0"
"2025","4713118","J'mari Taylor","RB","Virginia","ACC","kickReturns","YDS","20"
"2025","4713118","J'mari Taylor","RB","Virginia","ACC","passing","ATT","1"
"2025","4713118","J'mari Taylor","RB","Virginia","ACC","passing","COMPLETIONS","1"
"2025","4713118","J'mari Taylor","RB","Virginia","ACC","passing","INT","0"
"2025","4713118","J'mari Taylor","RB","Virginia","ACC","passing","PCT","1.000"
"2025","4713118","J'mari Taylor","RB","Virginia","ACC","passing","TD","1"
"2025","4713118","J'mari Taylor","RB","Virginia","ACC","passing","YDS","1"
"2025","4713118","J'mari Taylor","RB","Virginia","ACC","passing","YPA","1.0"
"2025","4713118","J'mari Taylor","RB","Virginia","ACC","receiving","LONG","25"
"2025","4713118","J'mari Taylor","RB","Virginia","ACC","receiving","REC","43"
"2025","4713118","J'mari Taylor","RB","Virginia","ACC","receiving","TD","1"
"2025","4713118","J'mari Taylor","RB","Virginia","ACC","receiving","YDS","253"
"2025","4713118","J'mari Taylor","RB","Virginia","ACC","receiving","YPR","5.9"
"2025","4713118","J'mari Taylor","RB","Virginia","ACC","rushing","CAR","222"
"2025","4713118","J'mari Taylor","RB","Virginia","ACC","rushing","LONG","78"
"2025","4713118","J'mari Taylor","RB","Virginia","ACC","rushing","TD","14"
"2025","4713118","J'mari Taylor","RB","Virginia","ACC","rushing","YDS","1062"
"2025","4713118","J'mari Taylor","RB","Virginia","ACC","rushing","YPC","4.8"
"2025","4713277","Eric Rivers","WR","Georgia Tech","ACC","puntReturns","AVG","10.6"
"2025","4713277","Eric Rivers","WR","Georgia Tech","ACC","puntReturns","LONG","42"
"2025","4713277","Eric Rivers","WR","Georgia Tech","ACC","puntReturns","NO","9"
"2025","4713277","Eric Rivers","WR","Georgia Tech","ACC","puntReturns","TD","0"
"2025","4713277","Eric Rivers","WR","Georgia Tech","ACC","puntReturns","YDS","95"
"2025","4713277","Eric Rivers","WR","Georgia Tech","ACC","receiving","LONG","68"
"2025","4713277","Eric Rivers","WR","Georgia Tech","ACC","receiving","REC","47"
"2025","4713277","Eric Rivers","WR","Georgia Tech","ACC","receiving","TD","2"
"2025","4713277","Eric Rivers","WR","Georgia Tech","ACC","receiving","YDS","671"
"2025","4713277","Eric Rivers","WR","Georgia Tech","ACC","receiving","YPR","14.3"
"2025","4713277","Eric Rivers","WR","Georgia Tech","ACC","rushing","CAR","7"
"2025","4713277","Eric Rivers","WR","Georgia Tech","ACC","rushing","LONG","27"
"2025","4713277","Eric Rivers","WR","Georgia Tech","ACC","rushing","TD","0"
"2025","4713277","Eric Rivers","WR","Georgia Tech","ACC","rushing","YDS","56"
"2025","4713277","Eric Rivers","WR","Georgia Tech","ACC","rushing","YPC","8.0"
"2025","4715349","Ahmaad Moses","S","SMU","ACC","defensive","PD","3"
"2025","4715349","Ahmaad Moses","S","SMU","ACC","defensive","QB HUR","0"
"2025","4715349","Ahmaad Moses","S","SMU","ACC","defensive","SACKS","1"
"2025","4715349","Ahmaad Moses","S","SMU","ACC","defensive","SOLO","54"
"2025","4715349","Ahmaad Moses","S","SMU","ACC","defensive","TD","1"
"2025","4715349","Ahmaad Moses","S","SMU","ACC","defensive","TFL","5.5"
"2025","4715349","Ahmaad Moses","S","SMU","ACC","defensive","TOT","104"
"2025","4715349","Ahmaad Moses","S","SMU","ACC","fumbles","FUM","0"
"2025","4715349","Ahmaad Moses","S","SMU","ACC","fumbles","LOST","0"
"2025","4715349","Ahmaad Moses","S","SMU","ACC","fumbles","REC","2"
"2025","4715349","Ahmaad Moses","S","SMU","ACC","interceptions","AVG","22.0"
"2025","4715349","Ahmaad Moses","S","SMU","ACC","interceptions","INT","5"
"2025","4715349","Ahmaad Moses","S","SMU","ACC","interceptions","TD","1"
"2025","4715349","Ahmaad Moses","S","SMU","ACC","interceptions","YDS","110"
"2025","4718463","Cornell Perry","DB","Syracuse","ACC","defensive","PD","1"
"2025","4718463","Cornell Perry","DB","Syracuse","ACC","defensive","QB HUR","1"
"2025","4718463","Cornell Perry","DB","Syracuse","ACC","defensive","SACKS","0"
"2025","4718463","Cornell Perry","DB","Syracuse","ACC","defensive","SOLO","30"
"2025","4718463","Cornell Perry","DB","Syracuse","ACC","defensive","TD","0"
"2025","4718463","Cornell Perry","DB","Syracuse","ACC","defensive","TFL","1"
"2025","4718463","Cornell Perry","DB","Syracuse","ACC","defensive","TOT","37"
"2025","4726129","Harrison Saint Germain","TE","Virginia Tech","ACC","receiving","LONG","9"
"2025","4726129","Harrison Saint Germain","TE","Virginia Tech","ACC","receiving","REC","4"
"2025","4726129","Harrison Saint Germain","TE","Virginia Tech","ACC","receiving","TD","0"
"2025","4726129","Harrison Saint Germain","TE","Virginia Tech","ACC","receiving","YDS","28"
"2025","4726129","Harrison Saint Germain","TE","Virginia Tech","ACC","receiving","YPR","7.0"
"2025","4773919","Thomas Castellanos","QB","Florida State","ACC","defensive","PD","0"
"2025","4773919","Thomas Castellanos","QB","Florida State","ACC","defensive","QB HUR","0"
"2025","4773919","Thomas Castellanos","QB","Florida State","ACC","defensive","SACKS","0"
"2025","4773919","Thomas Castellanos","QB","Florida State","ACC","defensive","SOLO","3"
"2025","4773919","Thomas Castellanos","QB","Florida State","ACC","defensive","TD","0"
"2025","4773919","Thomas Castellanos","QB","Florida State","ACC","defensive","TFL","0"
"2025","4773919","Thomas Castellanos","QB","Florida State","ACC","defensive","TOT","3"
"2025","4773919","Thomas Castellanos","QB","Florida State","ACC","fumbles","FUM","5"
"2025","4773919","Thomas Castellanos","QB","Florida State","ACC","fumbles","LOST","2"
"2025","4773919","Thomas Castellanos","QB","Florida State","ACC","fumbles","REC","0"
"2025","4773919","Thomas Castellanos","QB","Florida State","ACC","passing","ATT","309"
"2025","4773919","Thomas Castellanos","QB","Florida State","ACC","passing","COMPLETIONS","180"
"2025","4773919","Thomas Castellanos","QB","Florida State","ACC","passing","INT","9"
"2025","4773919","Thomas Castellanos","QB","Florida State","ACC","passing","PCT","0.583"
"2025","4773919","Thomas Castellanos","QB","Florida State","ACC","passing","TD","15"
"2025","4773919","Thomas Castellanos","QB","Florida State","ACC","passing","YDS","2760"
"2025","4773919","Thomas Castellanos","QB","Florida State","ACC","passing","YPA","8.9"
"2025","4773919","Thomas Castellanos","QB","Florida State","ACC","rushing","CAR","137"
"2025","4773919","Thomas Castellanos","QB","Florida State","ACC","rushing","LONG","26"
"2025","4773919","Thomas Castellanos","QB","Florida State","ACC","rushing","TD","9"
"2025","4773919","Thomas Castellanos","QB","Florida State","ACC","rushing","YDS","557"
"2025","4773919","Thomas Castellanos","QB","Florida State","ACC","rushing","YPC","4.1"
"2025","4775257","Caleb Brown","CB","Virginia Tech","ACC","defensive","PD","1"
"2025","4775257","Caleb Brown","CB","Virginia Tech","ACC","defensive","QB HUR","0"
"2025","4775257","Caleb Brown","CB","Virginia Tech","ACC","defensive","SACKS","0"
"2025","4775257","Caleb Brown","CB","Virginia Tech","ACC","defensive","SOLO","2"
"2025","4775257","Caleb Brown","CB","Virginia Tech","ACC","defensive","TD","0"
"2025","4775257","Caleb Brown","CB","Virginia Tech","ACC","defensive","TFL","0"
"2025","4775257","Caleb Brown","CB","Virginia Tech","ACC","defensive","TOT","2"
"2025","4781738","Coleman Bryson","DB","North Carolina","ACC","defensive","PD","2"
"2025","4781738","Coleman Bryson","DB","North Carolina","ACC","defensive","QB HUR","0"
"2025","4781738","Coleman Bryson","DB","North Carolina","ACC","defensive","SACKS","0"
"2025","4781738","Coleman Bryson","DB","North Carolina","ACC","defensive","SOLO","11"
"2025","4781738","Coleman Bryson","DB","North Carolina","ACC","defensive","TD","0"
"2025","4781738","Coleman Bryson","DB","North Carolina","ACC","defensive","TFL","0"
"2025","4781738","Coleman Bryson","DB","North Carolina","ACC","defensive","TOT","16"
"2025","4781742","Trey McDonald","LB","Virginia","ACC","defensive","PD","0"
"2025","4781742","Trey McDonald","LB","Virginia","ACC","defensive","QB HUR","0"
"2025","4781742","Trey McDonald","LB","Virginia","ACC","defensive","SACKS","0"
"2025","4781742","Trey McDonald","LB","Virginia","ACC","defensive","SOLO","2"
"2025","4781742","Trey McDonald","LB","Virginia","ACC","defensive","TD","0"
"2025","4781742","Trey McDonald","LB","Virginia","ACC","defensive","TFL","0"
"2025","4781742","Trey McDonald","LB","Virginia","ACC","defensive","TOT","4"
"2025","4794150","Kylon Griffin","S","Clemson","ACC","defensive","PD","1"
"2025","4794150","Kylon Griffin","S","Clemson","ACC","defensive","QB HUR","0"
"2025","4794150","Kylon Griffin","S","Clemson","ACC","defensive","SACKS","0"
"2025","4794150","Kylon Griffin","S","Clemson","ACC","defensive","SOLO","5"
"2025","4794150","Kylon Griffin","S","Clemson","ACC","defensive","TD","0"
"2025","4794150","Kylon Griffin","S","Clemson","ACC","defensive","TFL","0"
"2025","4794150","Kylon Griffin","S","Clemson","ACC","defensive","TOT","7"
"2025","4794150","Kylon Griffin","S","Clemson","ACC","fumbles","FUM","0"
"2025","4794150","Kylon Griffin","S","Clemson","ACC","fumbles","LOST","0"
"2025","4794150","Kylon Griffin","S","Clemson","ACC","fumbles","REC","1"
"2025","4804878","Cooper Barkate","WR","Duke","ACC","defensive","PD","0"
"2025","4804878","Cooper Barkate","WR","Duke","ACC","defensive","QB HUR","0"
"2025","4804878","Cooper Barkate","WR","Duke","ACC","defensive","SACKS","0"
"2025","4804878","Cooper Barkate","WR","Duke","ACC","defensive","SOLO","3"
"2025","4804878","Cooper Barkate","WR","Duke","ACC","defensive","TD","0"
"2025","4804878","Cooper Barkate","WR","Duke","ACC","defensive","TFL","0"
"2025","4804878","Cooper Barkate","WR","Duke","ACC","defensive","TOT","3"
"2025","4804878","Cooper Barkate","WR","Duke","ACC","receiving","LONG","77"
"2025","4804878","Cooper Barkate","WR","Duke","ACC","receiving","REC","72"
"2025","4804878","Cooper Barkate","WR","Duke","ACC","receiving","TD","7"
"2025","4804878","Cooper Barkate","WR","Duke","ACC","receiving","YDS","1106"
"2025","4804878","Cooper Barkate","WR","Duke","ACC","receiving","YPR","15.4"
"2025","4804886","Zach Rowell","DL","Stanford","ACC","defensive","PD","0"
"2025","4804886","Zach Rowell","DL","Stanford","ACC","defensive","QB HUR","2"
"2025","4804886","Zach Rowell","DL","Stanford","ACC","defensive","SACKS","0.5"
"2025","4804886","Zach Rowell","DL","Stanford","ACC","defensive","SOLO","3"
"2025","4804886","Zach Rowell","DL","Stanford","ACC","defensive","TD","0"
"2025","4804886","Zach Rowell","DL","Stanford","ACC","defensive","TFL","0.5"
"2025","4804886","Zach Rowell","DL","Stanford","ACC","defensive","TOT","15"
"2025","4806851","Sean FitzSimmons","DL","Pittsburgh","ACC","defensive","PD","0"
"2025","4806851","Sean FitzSimmons","DL","Pittsburgh","ACC","defensive","QB HUR","0"
"2025","4806851","Sean FitzSimmons","DL","Pittsburgh","ACC","defensive","SACKS","1"
"2025","4806851","Sean FitzSimmons","DL","Pittsburgh","ACC","defensive","SOLO","8"
"2025","4806851","Sean FitzSimmons","DL","Pittsburgh","ACC","defensive","TD","0"
"2025","4806851","Sean FitzSimmons","DL","Pittsburgh","ACC","defensive","TFL","3"
"2025","4806851","Sean FitzSimmons","DL","Pittsburgh","ACC","defensive","TOT","25"
"2025","4808743","Omar Graham Jr.","LB","Florida State","ACC","defensive","PD","1"
"2025","4808743","Omar Graham Jr.","LB","Florida State","ACC","defensive","QB HUR","1"
"2025","4808743","Omar Graham Jr.","LB","Florida State","ACC","defensive","SACKS","0"
"2025","4808743","Omar Graham Jr.","LB","Florida State","ACC","defensive","SOLO","24"
"2025","4808743","Omar Graham Jr.","LB","Florida State","ACC","defensive","TD","0"
"2025","4808743","Omar Graham Jr.","LB","Florida State","ACC","defensive","TFL","0"
"2025","4808743","Omar Graham Jr.","LB","Florida State","ACC","defensive","TOT","38"
"2025","4812339","Kobe McCloud","LB","Clemson","ACC","defensive","PD","4"
"2025","4812339","Kobe McCloud","LB","Clemson","ACC","defensive","QB HUR","1"
"2025","4812339","Kobe McCloud","LB","Clemson","ACC","defensive","SACKS","1"
"2025","4812339","Kobe McCloud","LB","Clemson","ACC","defensive","SOLO","10"
"2025","4812339","Kobe McCloud","LB","Clemson","ACC","defensive","TD","0"
"2025","4812339","Kobe McCloud","LB","Clemson","ACC","defensive","TFL","2.5"
"2025","4812339","Kobe McCloud","LB","Clemson","ACC","defensive","TOT","26"
"2025","4812358","D'Angelo Hutchinson","DB","Louisville","ACC","defensive","PD","5"
"2025","4812358","D'Angelo Hutchinson","DB","Louisville","ACC","defensive","QB HUR","2"
"2025","4812358","D'Angelo Hutchinson","DB","Louisville","ACC","defensive","SACKS","0"
"2025","4812358","D'Angelo Hutchinson","DB","Louisville","ACC","defensive","SOLO","39"
"2025","4812358","D'Angelo Hutchinson","DB","Louisville","ACC","defensive","TD","0"
"2025","4812358","D'Angelo Hutchinson","DB","Louisville","ACC","defensive","TFL","2.5"
"2025","4812358","D'Angelo Hutchinson","DB","Louisville","ACC","defensive","TOT","84"
"2025","4812358","D'Angelo Hutchinson","DB","Louisville","ACC","interceptions","AVG","5.0"
"2025","4812358","D'Angelo Hutchinson","DB","Louisville","ACC","interceptions","INT","1"
"2025","4812358","D'Angelo Hutchinson","DB","Louisville","ACC","interceptions","TD","0"
"2025","4812358","D'Angelo Hutchinson","DB","Louisville","ACC","interceptions","YDS","5"
"2025","4816083","Daeh McCullough","DB","Louisville","ACC","defensive","PD","0"
"2025","4816083","Daeh McCullough","DB","Louisville","ACC","defensive","QB HUR","0"
"2025","4816083","Daeh McCullough","DB","Louisville","ACC","defensive","SACKS","0"
"2025","4816083","Daeh McCullough","DB","Louisville","ACC","defensive","SOLO","1"
"2025","4816083","Daeh McCullough","DB","Louisville","ACC","defensive","TD","0"
"2025","4816083","Daeh McCullough","DB","Louisville","ACC","defensive","TFL","0"
"2025","4816083","Daeh McCullough","DB","Louisville","ACC","defensive","TOT","1"
"2025","4816096","Jacob Holmes","DL","Virginia","ACC","defensive","PD","0"
"2025","4816096","Jacob Holmes","DL","Virginia","ACC","defensive","QB HUR","4"
"2025","4816096","Jacob Holmes","DL","Virginia","ACC","defensive","SACKS","3.0"
"2025","4816096","Jacob Holmes","DL","Virginia","ACC","defensive","SOLO","8"
"2025","4816096","Jacob Holmes","DL","Virginia","ACC","defensive","TD","0"
"2025","4816096","Jacob Holmes","DL","Virginia","ACC","defensive","TFL","6.0"
"2025","4816096","Jacob Holmes","DL","Virginia","ACC","defensive","TOT","33"
"2025","4816304","Will Hardy","DB","North Carolina","ACC","defensive","PD","0"
"2025","4816304","Will Hardy","DB","North Carolina","ACC","defensive","QB HUR","0"
"2025","4816304","Will Hardy","DB","North Carolina","ACC","defensive","SACKS","0"
"2025","4816304","Will Hardy","DB","North Carolina","ACC","defensive","SOLO","23"
"2025","4816304","Will Hardy","DB","North Carolina","ACC","defensive","TD","0"
"2025","4816304","Will Hardy","DB","North Carolina","ACC","defensive","TFL","2.0"
"2025","4816304","Will Hardy","DB","North Carolina","ACC","defensive","TOT","51"
"2025","4816304","Will Hardy","DB","North Carolina","ACC","kickReturns","AVG","13.0"
"2025","4816304","Will Hardy","DB","North Carolina","ACC","kickReturns","LONG","17"
"2025","4816304","Will Hardy","DB","North Carolina","ACC","kickReturns","NO","2"
"2025","4816304","Will Hardy","DB","North Carolina","ACC","kickReturns","TD","0"
"2025","4816304","Will Hardy","DB","North Carolina","ACC","kickReturns","YDS","26"
"2025","4816304","Will Hardy","DB","North Carolina","ACC","puntReturns","AVG","9.0"
"2025","4816304","Will Hardy","DB","North Carolina","ACC","puntReturns","LONG","22"
"2025","4816304","Will Hardy","DB","North Carolina","ACC","puntReturns","NO","8"
"2025","4816304","Will Hardy","DB","North Carolina","ACC","puntReturns","TD","0"
"2025","4816304","Will Hardy","DB","North Carolina","ACC","puntReturns","YDS","72"
"2025","4816323","Nate Kurisky","TE","Louisville","ACC","receiving","LONG","37"
"2025","4816323","Nate Kurisky","TE","Louisville","ACC","receiving","REC","20"
"2025","4816323","Nate Kurisky","TE","Louisville","ACC","receiving","TD","2"
"2025","4816323","Nate Kurisky","TE","Louisville","ACC","receiving","YDS","157"
"2025","4816323","Nate Kurisky","TE","Louisville","ACC","receiving","YPR","7.9"
"2025","4816330","Isaiah Smith","DE","SMU","ACC","defensive","PD","1"
"2025","4816330","Isaiah Smith","DE","SMU","ACC","defensive","QB HUR","4"
"2025","4816330","Isaiah Smith","DE","SMU","ACC","defensive","SACKS","9.0"
"2025","4816330","Isaiah Smith","DE","SMU","ACC","defensive","SOLO","31"
"2025","4816330","Isaiah Smith","DE","SMU","ACC","defensive","TD","0"
"2025","4816330","Isaiah Smith","DE","SMU","ACC","defensive","TFL","18.0"
"2025","4816330","Isaiah Smith","DE","SMU","ACC","defensive","TOT","53"
"2025","4816330","Isaiah Smith","DE","SMU","ACC","fumbles","FUM","0"
"2025","4816330","Isaiah Smith","DE","SMU","ACC","fumbles","LOST","0"
"2025","4816330","Isaiah Smith","DE","SMU","ACC","fumbles","REC","1"
"2025","4819256","Matt Rose","LB","Stanford","ACC","defensive","PD","3"
"2025","4819256","Matt Rose","LB","Stanford","ACC","defensive","QB HUR","3"
"2025","4819256","Matt Rose","LB","Stanford","ACC","defensive","SACKS","3"
"2025","4819256","Matt Rose","LB","Stanford","ACC","defensive","SOLO","49"
"2025","4819256","Matt Rose","LB","Stanford","ACC","defensive","TD","0"
"2025","4819256","Matt Rose","LB","Stanford","ACC","defensive","TFL","8"
"2025","4819256","Matt Rose","LB","Stanford","ACC","defensive","TOT","106"
"2025","4819256","Matt Rose","LB","Stanford","ACC","fumbles","FUM","0"
"2025","4819256","Matt Rose","LB","Stanford","ACC","fumbles","LOST","0"
"2025","4819256","Matt Rose","LB","Stanford","ACC","fumbles","REC","1"
"2025","4824124","Alex Broome","RB","Boston College","ACC","defensive","PD","0"
"2025","4824124","Alex Broome","RB","Boston College","ACC","defensive","QB HUR","0"
"2025","4824124","Alex Broome","RB","Boston College","ACC","defensive","SACKS","0"
"2025","4824124","Alex Broome","RB","Boston College","ACC","defensive","SOLO","0"
"2025","4824124","Alex Broome","RB","Boston College","ACC","defensive","TD","0"
"2025","4824124","Alex Broome","RB","Boston College","ACC","defensive","TFL","0"
"2025","4824124","Alex Broome","RB","Boston College","ACC","defensive","TOT","1"
"2025","4824124","Alex Broome","RB","Boston College","ACC","kickReturns","AVG","19.5"
"2025","4824124","Alex Broome","RB","Boston College","ACC","kickReturns","LONG","26"
"2025","4824124","Alex Broome","RB","Boston College","ACC","kickReturns","NO","2"
"2025","4824124","Alex Broome","RB","Boston College","ACC","kickReturns","TD","0"
"2025","4824124","Alex Broome","RB","Boston College","ACC","kickReturns","YDS","39"
"2025","4824124","Alex Broome","RB","Boston College","ACC","rushing","CAR","7"
"2025","4824124","Alex Broome","RB","Boston College","ACC","rushing","LONG","6"
"2025","4824124","Alex Broome","RB","Boston College","ACC","rushing","TD","1"
"2025","4824124","Alex Broome","RB","Boston College","ACC","rushing","YDS","10"
"2025","4824124","Alex Broome","RB","Boston College","ACC","rushing","YPC","1.4"
"2025","4832029","Alex Bauman","TE","Miami","ACC","receiving","LONG","33"
"2025","4832029","Alex Bauman","TE","Miami","ACC","receiving","REC","18"
"2025","4832029","Alex Bauman","TE","Miami","ACC","receiving","TD","1"
"2025","4832029","Alex Bauman","TE","Miami","ACC","receiving","YDS","166"
"2025","4832029","Alex Bauman","TE","Miami","ACC","receiving","YPR","9.2"
"2025","4832037","Denis Jaquez Jr.","DL","Syracuse","ACC","defensive","PD","0"
"2025","4832037","Denis Jaquez Jr.","DL","Syracuse","ACC","defensive","QB HUR","2"
"2025","4832037","Denis Jaquez Jr.","DL","Syracuse","ACC","defensive","SACKS","2"
"2025","4832037","Denis Jaquez Jr.","DL","Syracuse","ACC","defensive","SOLO","14"
"2025","4832037","Denis Jaquez Jr.","DL","Syracuse","ACC","defensive","TD","0"
"2025","4832037","Denis Jaquez Jr.","DL","Syracuse","ACC","defensive","TFL","4.5"
"2025","4832037","Denis Jaquez Jr.","DL","Syracuse","ACC","defensive","TOT","19"
"2025","4832042","Kenny Soares Jr.","LB","NC State","ACC","defensive","PD","2"
"2025","4832042","Kenny Soares Jr.","LB","NC State","ACC","defensive","QB HUR","6"
"2025","4832042","Kenny Soares Jr.","LB","NC State","ACC","defensive","SACKS","0.5"
"2025","4832042","Kenny Soares Jr.","LB","NC State","ACC","defensive","SOLO","35"
"2025","4832042","Kenny Soares Jr.","LB","NC State","ACC","defensive","TD","0"
"2025","4832042","Kenny Soares Jr.","LB","NC State","ACC","defensive","TFL","4"
"2025","4832042","Kenny Soares Jr.","LB","NC State","ACC","defensive","TOT","80"
"2025","4832060","Jaheim Lawson","DE","Clemson","ACC","defensive","PD","3"
"2025","4832060","Jaheim Lawson","DE","Clemson","ACC","defensive","QB HUR","4"
"2025","4832060","Jaheim Lawson","DE","Clemson","ACC","defensive","SACKS","4"
"2025","4832060","Jaheim Lawson","DE","Clemson","ACC","defensive","SOLO","12"
"2025","4832060","Jaheim Lawson","DE","Clemson","ACC","defensive","TD","0"
"2025","4832060","Jaheim Lawson","DE","Clemson","ACC","defensive","TFL","6.5"
"2025","4832060","Jaheim Lawson","DE","Clemson","ACC","defensive","TOT","19"
"2025","4832846","Demond Claiborne","RB","Wake Forest","ACC","fumbles","FUM","7"
"2025","4832846","Demond Claiborne","RB","Wake Forest","ACC","fumbles","LOST","4"
"2025","4832846","Demond Claiborne","RB","Wake Forest","ACC","fumbles","REC","0"
"2025","4832846","Demond Claiborne","RB","Wake Forest","ACC","kickReturns","AVG","18.0"
"2025","4832846","Demond Claiborne","RB","Wake Forest","ACC","kickReturns","LONG","18"
"2025","4832846","Demond Claiborne","RB","Wake Forest","ACC","kickReturns","NO","1"
"2025","4832846","Demond Claiborne","RB","Wake Forest","ACC","kickReturns","TD","0"
"2025","4832846","Demond Claiborne","RB","Wake Forest","ACC","kickReturns","YDS","18"
"2025","4832846","Demond Claiborne","RB","Wake Forest","ACC","receiving","LONG","21"
"2025","4832846","Demond Claiborne","RB","Wake Forest","ACC","receiving","REC","28"
"2025","4832846","Demond Claiborne","RB","Wake Forest","ACC","receiving","TD","0"
"2025","4832846","Demond Claiborne","RB","Wake Forest","ACC","receiving","YDS","140"
"2025","4832846","Demond Claiborne","RB","Wake Forest","ACC","receiving","YPR","5.0"
"2025","4832846","Demond Claiborne","RB","Wake Forest","ACC","rushing","CAR","179"
"2025","4832846","Demond Claiborne","RB","Wake Forest","ACC","rushing","LONG","85"
"2025","4832846","Demond Claiborne","RB","Wake Forest","ACC","rushing","TD","10"
"2025","4832846","Demond Claiborne","RB","Wake Forest","ACC","rushing","YDS","905"
"2025","4832846","Demond Claiborne","RB","Wake Forest","ACC","rushing","YPC","5.1"
"2025","4832922","Wesley Williams","DE","Duke","ACC","defensive","PD","1"
"2025","4832922","Wesley Williams","DE","Duke","ACC","defensive","QB HUR","16"
"2025","4832922","Wesley Williams","DE","Duke","ACC","defensive","SACKS","2.0"
"2025","4832922","Wesley Williams","DE","Duke","ACC","defensive","SOLO","21"
"2025","4832922","Wesley Williams","DE","Duke","ACC","defensive","TD","0"
"2025","4832922","Wesley Williams","DE","Duke","ACC","defensive","TFL","8.0"
"2025","4832922","Wesley Williams","DE","Duke","ACC","defensive","TOT","43"
"2025","4832922","Wesley Williams","DE","Duke","ACC","fumbles","FUM","0"
"2025","4832922","Wesley Williams","DE","Duke","ACC","fumbles","LOST","0"
"2025","4832922","Wesley Williams","DE","Duke","ACC","fumbles","REC","1"
"2025","4833376","Collin Wright","CB","Stanford","ACC","defensive","PD","4"
"2025","4833376","Collin Wright","CB","Stanford","ACC","defensive","QB HUR","0"
"2025","4833376","Collin Wright","CB","Stanford","ACC","defensive","SACKS","0"
"2025","4833376","Collin Wright","CB","Stanford","ACC","defensive","SOLO","25"
"2025","4833376","Collin Wright","CB","Stanford","ACC","defensive","TD","1"
"2025","4833376","Collin Wright","CB","Stanford","ACC","defensive","TFL","1"
"2025","4833376","Collin Wright","CB","Stanford","ACC","defensive","TOT","33"
"2025","4833376","Collin Wright","CB","Stanford","ACC","interceptions","AVG","19.0"
"2025","4833376","Collin Wright","CB","Stanford","ACC","interceptions","INT","1"
"2025","4833376","Collin Wright","CB","Stanford","ACC","interceptions","TD","1"
"2025","4833376","Collin Wright","CB","Stanford","ACC","interceptions","YDS","19"
"2025","4833595","Kyron Chambers","CB","SMU","ACC","defensive","PD","2"
"2025","4833595","Kyron Chambers","CB","SMU","ACC","defensive","QB HUR","0"
"2025","4833595","Kyron Chambers","CB","SMU","ACC","defensive","SACKS","0"
"2025","4833595","Kyron Chambers","CB","SMU","ACC","defensive","SOLO","19"
"2025","4833595","Kyron Chambers","CB","SMU","ACC","defensive","TD","0"
"2025","4833595","Kyron Chambers","CB","SMU","ACC","defensive","TFL","2.5"
"2025","4833595","Kyron Chambers","CB","SMU","ACC","defensive","TOT","30"
"2025","4837203","Jeremiah Wilson","DB","Florida State","ACC","defensive","PD","2"
"2025","4837203","Jeremiah Wilson","DB","Florida State","ACC","defensive","QB HUR","0"
"2025","4837203","Jeremiah Wilson","DB","Florida State","ACC","defensive","SACKS","0"
"2025","4837203","Jeremiah Wilson","DB","Florida State","ACC","defensive","SOLO","26"
"2025","4837203","Jeremiah Wilson","DB","Florida State","ACC","defensive","TD","0"
"2025","4837203","Jeremiah Wilson","DB","Florida State","ACC","defensive","TFL","1"
"2025","4837203","Jeremiah Wilson","DB","Florida State","ACC","defensive","TOT","42"
"2025","4837203","Jeremiah Wilson","DB","Florida State","ACC","interceptions","AVG","0.3"
"2025","4837203","Jeremiah Wilson","DB","Florida State","ACC","interceptions","INT","3"
"2025","4837203","Jeremiah Wilson","DB","Florida State","ACC","interceptions","TD","0"
"2025","4837203","Jeremiah Wilson","DB","Florida State","ACC","interceptions","YDS","1"
"2025","4837206","A.J. Cottrill","LB","Florida State","ACC","defensive","PD","0"
"2025","4837206","A.J. Cottrill","LB","Florida State","ACC","defensive","QB HUR","1"
"2025","4837206","A.J. Cottrill","LB","Florida State","ACC","defensive","SACKS","1.5"
"2025","4837206","A.J. Cottrill","LB","Florida State","ACC","defensive","SOLO","4"
"2025","4837206","A.J. Cottrill","LB","Florida State","ACC","defensive","TD","0"
"2025","4837206","A.J. Cottrill","LB","Florida State","ACC","defensive","TFL","2.5"
"2025","4837206","A.J. Cottrill","LB","Florida State","ACC","defensive","TOT","15"
"2025","4837247","Deante McCray","DL","Florida State","ACC","defensive","PD","0"
"2025","4837247","Deante McCray","DL","Florida State","ACC","defensive","QB HUR","3"
"2025","4837247","Deante McCray","DL","Florida State","ACC","defensive","SACKS","1"
"2025","4837247","Deante McCray","DL","Florida State","ACC","defensive","SOLO","8"
"2025","4837247","Deante McCray","DL","Florida State","ACC","defensive","TD","0"
"2025","4837247","Deante McCray","DL","Florida State","ACC","defensive","TFL","4.5"
"2025","4837247","Deante McCray","DL","Florida State","ACC","defensive","TOT","25"
"2025","4837258","Travis Bates","RB","Duke","ACC","rushing","CAR","9"
"2025","4837258","Travis Bates","RB","Duke","ACC","rushing","LONG","39"
"2025","4837258","Travis Bates","RB","Duke","ACC","rushing","TD","0"
"2025","4837258","Travis Bates","RB","Duke","ACC","rushing","YDS","57"
"2025","4837258","Travis Bates","RB","Duke","ACC","rushing","YPC","6.3"
"2025","4837267","Daveon Crouch","LB","Boston College","ACC","defensive","PD","1"
"2025","4837267","Daveon Crouch","LB","Boston College","ACC","defensive","QB HUR","1"
"2025","4837267","Daveon Crouch","LB","Boston College","ACC","defensive","SACKS","1"
"2025","4837267","Daveon Crouch","LB","Boston College","ACC","defensive","SOLO","7"
"2025","4837267","Daveon Crouch","LB","Boston College","ACC","defensive","TD","1"
"2025","4837267","Daveon Crouch","LB","Boston College","ACC","defensive","TFL","1.5"
"2025","4837267","Daveon Crouch","LB","Boston College","ACC","defensive","TOT","12"
"2025","4837267","Daveon Crouch","LB","Boston College","ACC","interceptions","AVG","28.0"
"2025","4837267","Daveon Crouch","LB","Boston College","ACC","interceptions","INT","1"
"2025","4837267","Daveon Crouch","LB","Boston College","ACC","interceptions","TD","1"
"2025","4837267","Daveon Crouch","LB","Boston College","ACC","interceptions","YDS","28"
"2025","4837268","Gregory Delaine","DB","Syracuse","ACC","defensive","PD","1"
"2025","4837268","Gregory Delaine","DB","Syracuse","ACC","defensive","QB HUR","0"
"2025","4837268","Gregory Delaine","DB","Syracuse","ACC","defensive","SACKS","0"
"2025","4837268","Gregory Delaine","DB","Syracuse","ACC","defensive","SOLO","6"
"2025","4837268","Gregory Delaine","DB","Syracuse","ACC","defensive","TD","0"
"2025","4837268","Gregory Delaine","DB","Syracuse","ACC","defensive","TFL","0"
"2025","4837268","Gregory Delaine","DB","Syracuse","ACC","defensive","TOT","7"
"2025","4837286","Wade Woodaz","LB","Clemson","ACC","defensive","PD","3"
"2025","4837286","Wade Woodaz","LB","Clemson","ACC","defensive","QB HUR","2"
"2025","4837286","Wade Woodaz","LB","Clemson","ACC","defensive","SACKS","0.5"
"2025","4837286","Wade Woodaz","LB","Clemson","ACC","defensive","SOLO","43"
"2025","4837286","Wade Woodaz","LB","Clemson","ACC","defensive","TD","0"
"2025","4837286","Wade Woodaz","LB","Clemson","ACC","defensive","TFL","7.0"
"2025","4837286","Wade Woodaz","LB","Clemson","ACC","defensive","TOT","70"
"2025","4837327","Christian Ellis","S","Virginia Tech","ACC","defensive","PD","3"
"2025","4837327","Christian Ellis","S","Virginia Tech","ACC","defensive","QB HUR","0"
"2025","4837327","Christian Ellis","S","Virginia Tech","ACC","defensive","SACKS","0"
"2025","4837327","Christian Ellis","S","Virginia Tech","ACC","defensive","SOLO","5"
"2025","4837327","Christian Ellis","S","Virginia Tech","ACC","defensive","TD","0"
"2025","4837327","Christian Ellis","S","Virginia Tech","ACC","defensive","TFL","1"
"2025","4837327","Christian Ellis","S","Virginia Tech","ACC","defensive","TOT","7"
"2025","4837385","Jordan Mcdonald","RB","Boston College","ACC","defensive","PD","0"
"2025","4837385","Jordan Mcdonald","RB","Boston College","ACC","defensive","QB HUR","0"
"2025","4837385","Jordan Mcdonald","RB","Boston College","ACC","defensive","SACKS","0"
"2025","4837385","Jordan Mcdonald","RB","Boston College","ACC","defensive","SOLO","1"
"2025","4837385","Jordan Mcdonald","RB","Boston College","ACC","defensive","TD","0"
"2025","4837385","Jordan Mcdonald","RB","Boston College","ACC","defensive","TFL","0"
"2025","4837385","Jordan Mcdonald","RB","Boston College","ACC","defensive","TOT","2"
"2025","4837385","Jordan Mcdonald","RB","Boston College","ACC","receiving","LONG","16"
"2025","4837385","Jordan Mcdonald","RB","Boston College","ACC","receiving","REC","13"
"2025","4837385","Jordan Mcdonald","RB","Boston College","ACC","receiving","TD","2"
"2025","4837385","Jordan Mcdonald","RB","Boston College","ACC","receiving","YDS","84"
"2025","4837385","Jordan Mcdonald","RB","Boston College","ACC","receiving","YPR","6.5"
"2025","4837385","Jordan Mcdonald","RB","Boston College","ACC","rushing","CAR","94"
"2025","4837385","Jordan Mcdonald","RB","Boston College","ACC","rushing","LONG","17"
"2025","4837385","Jordan Mcdonald","RB","Boston College","ACC","rushing","TD","4"
"2025","4837385","Jordan Mcdonald","RB","Boston College","ACC","rushing","YDS","397"
"2025","4837385","Jordan Mcdonald","RB","Boston College","ACC","rushing","YPC","4.2"
"2025","4837472","E.J. Lightsey","LB","Georgia Tech","ACC","defensive","PD","1"
"2025","4837472","E.J. Lightsey","LB","Georgia Tech","ACC","defensive","QB HUR","1"
"2025","4837472","E.J. Lightsey","LB","Georgia Tech","ACC","defensive","SACKS","0"
"2025","4837472","E.J. Lightsey","LB","Georgia Tech","ACC","defensive","SOLO","39"
"2025","4837472","E.J. Lightsey","LB","Georgia Tech","ACC","defensive","TD","0"
"2025","4837472","E.J. Lightsey","LB","Georgia Tech","ACC","defensive","TFL","1"
"2025","4837472","E.J. Lightsey","LB","Georgia Tech","ACC","defensive","TOT","76"
"2025","4837474","Clayton Powell-Lee","DB","Georgia Tech","ACC","defensive","PD","2"
"2025","4837474","Clayton Powell-Lee","DB","Georgia Tech","ACC","defensive","QB HUR","1"
"2025","4837474","Clayton Powell-Lee","DB","Georgia Tech","ACC","defensive","SACKS","0"
"2025","4837474","Clayton Powell-Lee","DB","Georgia Tech","ACC","defensive","SOLO","32"
"2025","4837474","Clayton Powell-Lee","DB","Georgia Tech","ACC","defensive","TD","0"
"2025","4837474","Clayton Powell-Lee","DB","Georgia Tech","ACC","defensive","TFL","0"
"2025","4837474","Clayton Powell-Lee","DB","Georgia Tech","ACC","defensive","TOT","65"
"2025","4838276","Antonio Watts","LB","Louisville","ACC","defensive","PD","3"
"2025","4838276","Antonio Watts","LB","Louisville","ACC","defensive","QB HUR","2"
"2025","4838276","Antonio Watts","LB","Louisville","ACC","defensive","SACKS","2.5"
"2025","4838276","Antonio Watts","LB","Louisville","ACC","defensive","SOLO","22"
"2025","4838276","Antonio Watts","LB","Louisville","ACC","defensive","TD","0"
"2025","4838276","Antonio Watts","LB","Louisville","ACC","defensive","TFL","7.0"
"2025","4838276","Antonio Watts","LB","Louisville","ACC","defensive","TOT","42"
"2025","4838276","Antonio Watts","LB","Louisville","ACC","fumbles","FUM","0"
"2025","4838276","Antonio Watts","LB","Louisville","ACC","fumbles","LOST","0"
"2025","4838276","Antonio Watts","LB","Louisville","ACC","fumbles","REC","1"
"2025","4838276","Antonio Watts","LB","Louisville","ACC","interceptions","AVG","0.0"
"2025","4838276","Antonio Watts","LB","Louisville","ACC","interceptions","INT","3"
"2025","4838276","Antonio Watts","LB","Louisville","ACC","interceptions","TD","0"
"2025","4838276","Antonio Watts","LB","Louisville","ACC","interceptions","YDS","0"
"2025","4838514","Kyle Efford","LB","Georgia Tech","ACC","defensive","PD","2"
"2025","4838514","Kyle Efford","LB","Georgia Tech","ACC","defensive","QB HUR","1"
"2025","4838514","Kyle Efford","LB","Georgia Tech","ACC","defensive","SACKS","1.5"
"2025","4838514","Kyle Efford","LB","Georgia Tech","ACC","defensive","SOLO","33"
"2025","4838514","Kyle Efford","LB","Georgia Tech","ACC","defensive","TD","0"
"2025","4838514","Kyle Efford","LB","Georgia Tech","ACC","defensive","TFL","2.0"
"2025","4838514","Kyle Efford","LB","Georgia Tech","ACC","defensive","TOT","77"
"2025","4838539","Amari Jackson","DB","Boston College","ACC","defensive","PD","4"
"2025","4838539","Amari Jackson","DB","Boston College","ACC","defensive","QB HUR","0"
"2025","4838539","Amari Jackson","DB","Boston College","ACC","defensive","SACKS","0"
"2025","4838539","Amari Jackson","DB","Boston College","ACC","defensive","SOLO","4"
"2025","4838539","Amari Jackson","DB","Boston College","ACC","defensive","TD","0"
"2025","4838539","Amari Jackson","DB","Boston College","ACC","defensive","TFL","0"
"2025","4838539","Amari Jackson","DB","Boston College","ACC","defensive","TOT","7"
"2025","4838693","Rodney Shelley","DB","Georgia Tech","ACC","defensive","PD","3"
"2025","4838693","Rodney Shelley","DB","Georgia Tech","ACC","defensive","QB HUR","0"
"2025","4838693","Rodney Shelley","DB","Georgia Tech","ACC","defensive","SACKS","0"
"2025","4838693","Rodney Shelley","DB","Georgia Tech","ACC","defensive","SOLO","27"
"2025","4838693","Rodney Shelley","DB","Georgia Tech","ACC","defensive","TD","0"
"2025","4838693","Rodney Shelley","DB","Georgia Tech","ACC","defensive","TFL","2"
"2025","4838693","Rodney Shelley","DB","Georgia Tech","ACC","defensive","TOT","38"
"2025","4838693","Rodney Shelley","DB","Georgia Tech","ACC","interceptions","AVG","1.0"
"2025","4838693","Rodney Shelley","DB","Georgia Tech","ACC","interceptions","INT","2"
"2025","4838693","Rodney Shelley","DB","Georgia Tech","ACC","interceptions","TD","0"
"2025","4838693","Rodney Shelley","DB","Georgia Tech","ACC","interceptions","YDS","2"
"2025","4839483","Zakye Barker","LB","SMU","ACC","defensive","PD","1"
"2025","4839483","Zakye Barker","LB","SMU","ACC","defensive","QB HUR","0"
"2025","4839483","Zakye Barker","LB","SMU","ACC","defensive","SACKS","0"
"2025","4839483","Zakye Barker","LB","SMU","ACC","defensive","SOLO","11"
"2025","4839483","Zakye Barker","LB","SMU","ACC","defensive","TD","0"
"2025","4839483","Zakye Barker","LB","SMU","ACC","defensive","TFL","0"
"2025","4839483","Zakye Barker","LB","SMU","ACC","defensive","TOT","27"
"2025","4840118","Tucker Holloway","WR","Virginia Tech","ACC","puntReturns","AVG","5.4"
"2025","4840118","Tucker Holloway","WR","Virginia Tech","ACC","puntReturns","LONG","9"
"2025","4840118","Tucker Holloway","WR","Virginia Tech","ACC","puntReturns","NO","5"
"2025","4840118","Tucker Holloway","WR","Virginia Tech","ACC","puntReturns","TD","0"
"2025","4840118","Tucker Holloway","WR","Virginia Tech","ACC","puntReturns","YDS","27"
"2025","4840118","Tucker Holloway","WR","Virginia Tech","ACC","receiving","LONG","33"
"2025","4840118","Tucker Holloway","WR","Virginia Tech","ACC","receiving","REC","5"
"2025","4840118","Tucker Holloway","WR","Virginia Tech","ACC","receiving","TD","0"
"2025","4840118","Tucker Holloway","WR","Virginia Tech","ACC","receiving","YDS","82"
"2025","4840118","Tucker Holloway","WR","Virginia Tech","ACC","receiving","YPR","16.4"
"2025","4840124","D.J. Moore","DB","Georgia Tech","ACC","defensive","PD","0"
"2025","4840124","D.J. Moore","DB","Georgia Tech","ACC","defensive","QB HUR","0"
"2025","4840124","D.J. Moore","DB","Georgia Tech","ACC","defensive","SACKS","0"
"2025","4840124","D.J. Moore","DB","Georgia Tech","ACC","defensive","SOLO","2"
"2025","4840124","D.J. Moore","DB","Georgia Tech","ACC","defensive","TD","0"
"2025","4840124","D.J. Moore","DB","Georgia Tech","ACC","defensive","TFL","0"
"2025","4840124","D.J. Moore","DB","Georgia Tech","ACC","defensive","TOT","4"
"2025","4868171","Tate Carney","RB","Wake Forest","ACC","kickReturns","AVG","26.0"
"2025","4868171","Tate Carney","RB","Wake Forest","ACC","kickReturns","LONG","26"
"2025","4868171","Tate Carney","RB","Wake Forest","ACC","kickReturns","NO","1"
"2025","4868171","Tate Carney","RB","Wake Forest","ACC","kickReturns","TD","0"
"2025","4868171","Tate Carney","RB","Wake Forest","ACC","kickReturns","YDS","26"
"2025","4868171","Tate Carney","RB","Wake Forest","ACC","rushing","CAR","1"
"2025","4868171","Tate Carney","RB","Wake Forest","ACC","rushing","LONG","9"
"2025","4868171","Tate Carney","RB","Wake Forest","ACC","rushing","TD","0"
"2025","4868171","Tate Carney","RB","Wake Forest","ACC","rushing","YDS","9"
"2025","4868171","Tate Carney","RB","Wake Forest","ACC","rushing","YPC","9.0"
"2025","4868249","Davis Lane","RB","Virginia","ACC","defensive","PD","0"
"2025","4868249","Davis Lane","RB","Virginia","ACC","defensive","QB HUR","0"
"2025","4868249","Davis Lane","RB","Virginia","ACC","defensive","SACKS","0"
"2025","4868249","Davis Lane","RB","Virginia","ACC","defensive","SOLO","1"
"2025","4868249","Davis Lane","RB","Virginia","ACC","defensive","TD","0"
"2025","4868249","Davis Lane","RB","Virginia","ACC","defensive","TFL","0"
"2025","4868249","Davis Lane","RB","Virginia","ACC","defensive","TOT","3"
"2025","4868249","Davis Lane","RB","Virginia","ACC","rushing","CAR","9"
"2025","4868249","Davis Lane","RB","Virginia","ACC","rushing","LONG","11"
"2025","4868249","Davis Lane","RB","Virginia","ACC","rushing","TD","0"
"2025","4868249","Davis Lane","RB","Virginia","ACC","rushing","YDS","39"
"2025","4868249","Davis Lane","RB","Virginia","ACC","rushing","YPC","4.3"
"2025","4868600","Zamari Stevenson","DB","Wake Forest","ACC","defensive","PD","0"
"2025","4868600","Zamari Stevenson","DB","Wake Forest","ACC","defensive","QB HUR","2"
"2025","4868600","Zamari Stevenson","DB","Wake Forest","ACC","defensive","SACKS","0"
"2025","4868600","Zamari Stevenson","DB","Wake Forest","ACC","defensive","SOLO","11"
"2025","4868600","Zamari Stevenson","DB","Wake Forest","ACC","defensive","TD","0"
"2025","4868600","Zamari Stevenson","DB","Wake Forest","ACC","defensive","TFL","0"
"2025","4868600","Zamari Stevenson","DB","Wake Forest","ACC","defensive","TOT","18"
"2025","4868600","Zamari Stevenson","DB","Wake Forest","ACC","interceptions","AVG","5.0"
"2025","4868600","Zamari Stevenson","DB","Wake Forest","ACC","interceptions","INT","1"
"2025","4868600","Zamari Stevenson","DB","Wake Forest","ACC","interceptions","TD","0"
"2025","4868600","Zamari Stevenson","DB","Wake Forest","ACC","interceptions","YDS","5"
"2025","4869239","Clive Wilson","DE","Boston College","ACC","defensive","PD","0"
"2025","4869239","Clive Wilson","DE","Boston College","ACC","defensive","QB HUR","0"
"2025","4869239","Clive Wilson","DE","Boston College","ACC","defensive","SACKS","0"
"2025","4869239","Clive Wilson","DE","Boston College","ACC","defensive","SOLO","1"
"2025","4869239","Clive Wilson","DE","Boston College","ACC","defensive","TD","0"
"2025","4869239","Clive Wilson","DE","Boston College","ACC","defensive","TFL","0"
"2025","4869239","Clive Wilson","DE","Boston College","ACC","defensive","TOT","2"
"2025","4869658","C.J. Mims","DL","North Carolina","ACC","defensive","PD","0"
"2025","4869658","C.J. Mims","DL","North Carolina","ACC","defensive","QB HUR","0"
"2025","4869658","C.J. Mims","DL","North Carolina","ACC","defensive","SACKS","2"
"2025","4869658","C.J. Mims","DL","North Carolina","ACC","defensive","SOLO","20"
"2025","4869658","C.J. Mims","DL","North Carolina","ACC","defensive","TD","0"
"2025","4869658","C.J. Mims","DL","North Carolina","ACC","defensive","TFL","2.5"
"2025","4869658","C.J. Mims","DL","North Carolina","ACC","defensive","TOT","41"
"2025","4869728","Jeremiah Hasley","TE","Duke","ACC","receiving","LONG","56"
"2025","4869728","Jeremiah Hasley","TE","Duke","ACC","receiving","REC","40"
"2025","4869728","Jeremiah Hasley","TE","Duke","ACC","receiving","TD","6"
"2025","4869728","Jeremiah Hasley","TE","Duke","ACC","receiving","YDS","454"
"2025","4869728","Jeremiah Hasley","TE","Duke","ACC","receiving","YPR","11.4"
"2025","4869961","Chris Bell","WR","Louisville","ACC","defensive","PD","0"
"2025","4869961","Chris Bell","WR","Louisville","ACC","defensive","QB HUR","0"
"2025","4869961","Chris Bell","WR","Louisville","ACC","defensive","SACKS","0"
"2025","4869961","Chris Bell","WR","Louisville","ACC","defensive","SOLO","1"
"2025","4869961","Chris Bell","WR","Louisville","ACC","defensive","TD","0"
"2025","4869961","Chris Bell","WR","Louisville","ACC","defensive","TFL","0"
"2025","4869961","Chris Bell","WR","Louisville","ACC","defensive","TOT","1"
"2025","4869961","Chris Bell","WR","Louisville","ACC","kickReturns","AVG","0"
"2025","4869961","Chris Bell","WR","Louisville","ACC","kickReturns","LONG","12"
"2025","4869961","Chris Bell","WR","Louisville","ACC","kickReturns","NO","0"
"2025","4869961","Chris Bell","WR","Louisville","ACC","kickReturns","TD","0"
"2025","4869961","Chris Bell","WR","Louisville","ACC","kickReturns","YDS","12"
"2025","4869961","Chris Bell","WR","Louisville","ACC","receiving","LONG","64"
"2025","4869961","Chris Bell","WR","Louisville","ACC","receiving","REC","72"
"2025","4869961","Chris Bell","WR","Louisville","ACC","receiving","TD","6"
"2025","4869961","Chris Bell","WR","Louisville","ACC","receiving","YDS","917"
"2025","4869961","Chris Bell","WR","Louisville","ACC","receiving","YPR","12.7"
"2025","4870141","Devin Grant","DB","Syracuse","ACC","defensive","PD","2"
"2025","4870141","Devin Grant","DB","Syracuse","ACC","defensive","QB HUR","0"
"2025","4870141","Devin Grant","DB","Syracuse","ACC","defensive","SACKS","1"
"2025","4870141","Devin Grant","DB","Syracuse","ACC","defensive","SOLO","22"
"2025","4870141","Devin Grant","DB","Syracuse","ACC","defensive","TD","0"
"2025","4870141","Devin Grant","DB","Syracuse","ACC","defensive","TFL","3"
"2025","4870141","Devin Grant","DB","Syracuse","ACC","defensive","TOT","30"
"2025","4870232","Tyson Flowers","S","Virginia Tech","ACC","defensive","PD","2"
"2025","4870232","Tyson Flowers","S","Virginia Tech","ACC","defensive","QB HUR","2"
"2025","4870232","Tyson Flowers","S","Virginia Tech","ACC","defensive","SACKS","0"
"2025","4870232","Tyson Flowers","S","Virginia Tech","ACC","defensive","SOLO","27"
"2025","4870232","Tyson Flowers","S","Virginia Tech","ACC","defensive","TD","0"
"2025","4870232","Tyson Flowers","S","Virginia Tech","ACC","defensive","TFL","0"
"2025","4870232","Tyson Flowers","S","Virginia Tech","ACC","defensive","TOT","48"
"2025","4870279","Corey Gordon","DB","Louisville","ACC","defensive","PD","2"
"2025","4870279","Corey Gordon","DB","Louisville","ACC","defensive","QB HUR","0"
"2025","4870279","Corey Gordon","DB","Louisville","ACC","defensive","SACKS","0"
"2025","4870279","Corey Gordon","DB","Louisville","ACC","defensive","SOLO","27"
"2025","4870279","Corey Gordon","DB","Louisville","ACC","defensive","TD","0"
"2025","4870279","Corey Gordon","DB","Louisville","ACC","defensive","TFL","3.0"
"2025","4870279","Corey Gordon","DB","Louisville","ACC","defensive","TOT","53"
"2025","4870590","Raul Aguirre Jr.","LB","Miami","ACC","defensive","PD","1"
"2025","4870590","Raul Aguirre Jr.","LB","Miami","ACC","defensive","QB HUR","1"
"2025","4870590","Raul Aguirre Jr.","LB","Miami","ACC","defensive","SACKS","0"
"2025","4870590","Raul Aguirre Jr.","LB","Miami","ACC","defensive","SOLO","22"
"2025","4870590","Raul Aguirre Jr.","LB","Miami","ACC","defensive","TD","0"
"2025","4870590","Raul Aguirre Jr.","LB","Miami","ACC","defensive","TFL","2"
"2025","4870590","Raul Aguirre Jr.","LB","Miami","ACC","defensive","TOT","43"
"2025","4870617","Rueben Bain Jr.","DL","Miami","ACC","defensive","PD","1"
"2025","4870617","Rueben Bain Jr.","DL","Miami","ACC","defensive","QB HUR","5"
"2025","4870617","Rueben Bain Jr.","DL","Miami","ACC","defensive","SACKS","9.5"
"2025","4870617","Rueben Bain Jr.","DL","Miami","ACC","defensive","SOLO","30"
"2025","4870617","Rueben Bain Jr.","DL","Miami","ACC","defensive","TD","0"
"2025","4870617","Rueben Bain Jr.","DL","Miami","ACC","defensive","TFL","15.5"
"2025","4870617","Rueben Bain Jr.","DL","Miami","ACC","defensive","TOT","54"
"2025","4870617","Rueben Bain Jr.","DL","Miami","ACC","interceptions","AVG","12.0"
"2025","4870617","Rueben Bain Jr.","DL","Miami","ACC","interceptions","INT","1"
"2025","4870617","Rueben Bain Jr.","DL","Miami","ACC","interceptions","TD","0"
"2025","4870617","Rueben Bain Jr.","DL","Miami","ACC","interceptions","YDS","12"
"2025","4870623","Malik Bryant","LB","Miami","ACC","defensive","PD","0"
"2025","4870623","Malik Bryant","LB","Miami","ACC","defensive","QB HUR","0"
"2025","4870623","Malik Bryant","LB","Miami","ACC","defensive","SACKS","0"
"2025","4870623","Malik Bryant","LB","Miami","ACC","defensive","SOLO","1"
"2025","4870623","Malik Bryant","LB","Miami","ACC","defensive","TD","0"
"2025","4870623","Malik Bryant","LB","Miami","ACC","defensive","TFL","0"
"2025","4870623","Malik Bryant","LB","Miami","ACC","defensive","TOT","2"
"2025","4870643","Vic Burley","DT","Clemson","ACC","defensive","PD","1"
"2025","4870643","Vic Burley","DT","Clemson","ACC","defensive","QB HUR","2"
"2025","4870643","Vic Burley","DT","Clemson","ACC","defensive","SACKS","0"
"2025","4870643","Vic Burley","DT","Clemson","ACC","defensive","SOLO","2"
"2025","4870643","Vic Burley","DT","Clemson","ACC","defensive","TD","0"
"2025","4870643","Vic Burley","DT","Clemson","ACC","defensive","TFL","1.5"
"2025","4870643","Vic Burley","DT","Clemson","ACC","defensive","TOT","9"
"2025","4870645","Rickie Collins","QB","Syracuse","ACC","defensive","PD","0"
"2025","4870645","Rickie Collins","QB","Syracuse","ACC","defensive","QB HUR","0"
"2025","4870645","Rickie Collins","QB","Syracuse","ACC","defensive","SACKS","0"
"2025","4870645","Rickie Collins","QB","Syracuse","ACC","defensive","SOLO","1"
"2025","4870645","Rickie Collins","QB","Syracuse","ACC","defensive","TD","0"
"2025","4870645","Rickie Collins","QB","Syracuse","ACC","defensive","TFL","0"
"2025","4870645","Rickie Collins","QB","Syracuse","ACC","defensive","TOT","1"
"2025","4870645","Rickie Collins","QB","Syracuse","ACC","fumbles","FUM","2"
"2025","4870645","Rickie Collins","QB","Syracuse","ACC","fumbles","LOST","1"
"2025","4870645","Rickie Collins","QB","Syracuse","ACC","fumbles","REC","0"
"2025","4870645","Rickie Collins","QB","Syracuse","ACC","passing","ATT","181"
"2025","4870645","Rickie Collins","QB","Syracuse","ACC","passing","COMPLETIONS","97"
"2025","4870645","Rickie Collins","QB","Syracuse","ACC","passing","INT","10"
"2025","4870645","Rickie Collins","QB","Syracuse","ACC","passing","PCT","0.536"
"2025","4870645","Rickie Collins","QB","Syracuse","ACC","passing","TD","6"
"2025","4870645","Rickie Collins","QB","Syracuse","ACC","passing","YDS","1042"
"2025","4870645","Rickie Collins","QB","Syracuse","ACC","passing","YPA","5.8"
"2025","4870645","Rickie Collins","QB","Syracuse","ACC","rushing","CAR","54"
"2025","4870645","Rickie Collins","QB","Syracuse","ACC","rushing","LONG","24"
"2025","4870645","Rickie Collins","QB","Syracuse","ACC","rushing","TD","1"
"2025","4870645","Rickie Collins","QB","Syracuse","ACC","rushing","YDS","126"
"2025","4870645","Rickie Collins","QB","Syracuse","ACC","rushing","YPC","2.3"
"2025","4870650","Damari Brown","DB","Miami","ACC","defensive","PD","1"
"2025","4870650","Damari Brown","DB","Miami","ACC","defensive","QB HUR","1"
"2025","4870650","Damari Brown","DB","Miami","ACC","defensive","SACKS","0"
"2025","4870650","Damari Brown","DB","Miami","ACC","defensive","SOLO","16"
"2025","4870650","Damari Brown","DB","Miami","ACC","defensive","TD","0"
"2025","4870650","Damari Brown","DB","Miami","ACC","defensive","TFL","0"
"2025","4870650","Damari Brown","DB","Miami","ACC","defensive","TOT","24"
"2025","4870656","Johntay Cook II","WR","Syracuse","ACC","defensive","PD","0"
"2025","4870656","Johntay Cook II","WR","Syracuse","ACC","defensive","QB HUR","0"
"2025","4870656","Johntay Cook II","WR","Syracuse","ACC","defensive","SACKS","0"
"2025","4870656","Johntay Cook II","WR","Syracuse","ACC","defensive","SOLO","0"
"2025","4870656","Johntay Cook II","WR","Syracuse","ACC","defensive","TD","0"
"2025","4870656","Johntay Cook II","WR","Syracuse","ACC","defensive","TFL","0"
"2025","4870656","Johntay Cook II","WR","Syracuse","ACC","defensive","TOT","1"
"2025","4870656","Johntay Cook II","WR","Syracuse","ACC","fumbles","FUM","2"
"2025","4870656","Johntay Cook II","WR","Syracuse","ACC","fumbles","LOST","2"
"2025","4870656","Johntay Cook II","WR","Syracuse","ACC","fumbles","REC","0"
"2025","4870656","Johntay Cook II","WR","Syracuse","ACC","receiving","LONG","59"
"2025","4870656","Johntay Cook II","WR","Syracuse","ACC","receiving","REC","47"
"2025","4870656","Johntay Cook II","WR","Syracuse","ACC","receiving","TD","2"
"2025","4870656","Johntay Cook II","WR","Syracuse","ACC","receiving","YDS","559"
"2025","4870656","Johntay Cook II","WR","Syracuse","ACC","receiving","YPR","11.9"
"2025","4870656","Johntay Cook II","WR","Syracuse","ACC","rushing","CAR","1"
"2025","4870656","Johntay Cook II","WR","Syracuse","ACC","rushing","LONG","18"
"2025","4870656","Johntay Cook II","WR","Syracuse","ACC","rushing","TD","0"
"2025","4870656","Johntay Cook II","WR","Syracuse","ACC","rushing","YDS","18"
"2025","4870656","Johntay Cook II","WR","Syracuse","ACC","rushing","YPC","18.0"
"2025","4870657","Micah Carter","DL","Louisville","ACC","defensive","PD","1"
"2025","4870657","Micah Carter","DL","Louisville","ACC","defensive","QB HUR","0"
"2025","4870657","Micah Carter","DL","Louisville","ACC","defensive","SACKS","1"
"2025","4870657","Micah Carter","DL","Louisville","ACC","defensive","SOLO","3"
"2025","4870657","Micah Carter","DL","Louisville","ACC","defensive","TD","0"
"2025","4870657","Micah Carter","DL","Louisville","ACC","defensive","TFL","1"
"2025","4870657","Micah Carter","DL","Louisville","ACC","defensive","TOT","8"
"2025","4870664","Stanquan Clark","LB","Louisville","ACC","defensive","PD","0"
"2025","4870664","Stanquan Clark","LB","Louisville","ACC","defensive","QB HUR","0"
"2025","4870664","Stanquan Clark","LB","Louisville","ACC","defensive","SACKS","0"
"2025","4870664","Stanquan Clark","LB","Louisville","ACC","defensive","SOLO","9"
"2025","4870664","Stanquan Clark","LB","Louisville","ACC","defensive","TD","0"
"2025","4870664","Stanquan Clark","LB","Louisville","ACC","defensive","TFL","1.5"
"2025","4870664","Stanquan Clark","LB","Louisville","ACC","defensive","TOT","19"
"2025","4870671","Kaleb Cost","DB","North Carolina","ACC","defensive","PD","5"
"2025","4870671","Kaleb Cost","DB","North Carolina","ACC","defensive","QB HUR","0"
"2025","4870671","Kaleb Cost","DB","North Carolina","ACC","defensive","SACKS","0"
"2025","4870671","Kaleb Cost","DB","North Carolina","ACC","defensive","SOLO","33"
"2025","4870671","Kaleb Cost","DB","North Carolina","ACC","defensive","TD","0"
"2025","4870671","Kaleb Cost","DB","North Carolina","ACC","defensive","TFL","2"
"2025","4870671","Kaleb Cost","DB","North Carolina","ACC","defensive","TOT","45"
"2025","4870671","Kaleb Cost","DB","North Carolina","ACC","fumbles","FUM","1"
"2025","4870671","Kaleb Cost","DB","North Carolina","ACC","fumbles","LOST","0"
"2025","4870671","Kaleb Cost","DB","North Carolina","ACC","fumbles","REC","0"
"2025","4870671","Kaleb Cost","DB","North Carolina","ACC","interceptions","AVG","0.0"
"2025","4870671","Kaleb Cost","DB","North Carolina","ACC","interceptions","INT","1"
"2025","4870671","Kaleb Cost","DB","North Carolina","ACC","interceptions","TD","0"
"2025","4870671","Kaleb Cost","DB","North Carolina","ACC","interceptions","YDS","0"
"2025","4870671","Kaleb Cost","DB","North Carolina","ACC","kickReturns","AVG","4.0"
"2025","4870671","Kaleb Cost","DB","North Carolina","ACC","kickReturns","LONG","9"
"2025","4870671","Kaleb Cost","DB","North Carolina","ACC","kickReturns","NO","1"
"2025","4870671","Kaleb Cost","DB","North Carolina","ACC","kickReturns","TD","0"
"2025","4870671","Kaleb Cost","DB","North Carolina","ACC","kickReturns","YDS","4"
"2025","4870682","Dee Crayton","LB","Clemson","ACC","defensive","PD","0"
"2025","4870682","Dee Crayton","LB","Clemson","ACC","defensive","QB HUR","0"
"2025","4870682","Dee Crayton","LB","Clemson","ACC","defensive","SACKS","0"
"2025","4870682","Dee Crayton","LB","Clemson","ACC","defensive","SOLO","2"
"2025","4870682","Dee Crayton","LB","Clemson","ACC","defensive","TD","0"
"2025","4870682","Dee Crayton","LB","Clemson","ACC","defensive","TFL","0"
"2025","4870682","Dee Crayton","LB","Clemson","ACC","defensive","TOT","5"
"2025","4870709","Shamar Easter","TE","North Carolina","ACC","fumbles","FUM","1"
"2025","4870709","Shamar Easter","TE","North Carolina","ACC","fumbles","LOST","1"
"2025","4870709","Shamar Easter","TE","North Carolina","ACC","fumbles","REC","0"
"2025","4870709","Shamar Easter","TE","North Carolina","ACC","receiving","LONG","15"
"2025","4870709","Shamar Easter","TE","North Carolina","ACC","receiving","REC","2"
"2025","4870709","Shamar Easter","TE","North Carolina","ACC","receiving","TD","0"
"2025","4870709","Shamar Easter","TE","North Carolina","ACC","receiving","YDS","17"
"2025","4870709","Shamar Easter","TE","North Carolina","ACC","receiving","YPR","8.5"
"2025","4870719","Daemon Fagan","S","NC State","ACC","defensive","PD","0"
"2025","4870719","Daemon Fagan","S","NC State","ACC","defensive","QB HUR","0"
"2025","4870719","Daemon Fagan","S","NC State","ACC","defensive","SACKS","0"
"2025","4870719","Daemon Fagan","S","NC State","ACC","defensive","SOLO","1"
"2025","4870719","Daemon Fagan","S","NC State","ACC","defensive","TD","0"
"2025","4870719","Daemon Fagan","S","NC State","ACC","defensive","TFL","0"
"2025","4870719","Daemon Fagan","S","NC State","ACC","defensive","TOT","1"
"2025","4870736","Mark Fletcher Jr.","RB","Miami","ACC","defensive","PD","0"
"2025","4870736","Mark Fletcher Jr.","RB","Miami","ACC","defensive","QB HUR","0"
"2025","4870736","Mark Fletcher Jr.","RB","Miami","ACC","defensive","SACKS","0"
"2025","4870736","Mark Fletcher Jr.","RB","Miami","ACC","defensive","SOLO","1"
"2025","4870736","Mark Fletcher Jr.","RB","Miami","ACC","defensive","TD","0"
"2025","4870736","Mark Fletcher Jr.","RB","Miami","ACC","defensive","TFL","0"
"2025","4870736","Mark Fletcher Jr.","RB","Miami","ACC","defensive","TOT","1"
"2025","4870736","Mark Fletcher Jr.","RB","Miami","ACC","fumbles","FUM","1"
"2025","4870736","Mark Fletcher Jr.","RB","Miami","ACC","fumbles","LOST","1"
"2025","4870736","Mark Fletcher Jr.","RB","Miami","ACC","fumbles","REC","0"
"2025","4870736","Mark Fletcher Jr.","RB","Miami","ACC","passing","ATT","1"
"2025","4870736","Mark Fletcher Jr.","RB","Miami","ACC","passing","COMPLETIONS","0"
"2025","4870736","Mark Fletcher Jr.","RB","Miami","ACC","passing","INT","0"
"2025","4870736","Mark Fletcher Jr.","RB","Miami","ACC","passing","PCT","0.000"
"2025","4870736","Mark Fletcher Jr.","RB","Miami","ACC","passing","TD","0"
"2025","4870736","Mark Fletcher Jr.","RB","Miami","ACC","passing","YDS","0"
"2025","4870736","Mark Fletcher Jr.","RB","Miami","ACC","passing","YPA","0.0"
"2025","4870736","Mark Fletcher Jr.","RB","Miami","ACC","receiving","LONG","20"
"2025","4870736","Mark Fletcher Jr.","RB","Miami","ACC","receiving","REC","17"
"2025","4870736","Mark Fletcher Jr.","RB","Miami","ACC","receiving","TD","2"
"2025","4870736","Mark Fletcher Jr.","RB","Miami","ACC","receiving","YDS","140"
"2025","4870736","Mark Fletcher Jr.","RB","Miami","ACC","receiving","YPR","8.2"
"2025","4870736","Mark Fletcher Jr.","RB","Miami","ACC","rushing","CAR","216"
"2025","4870736","Mark Fletcher Jr.","RB","Miami","ACC","rushing","LONG","57"
"2025","4870736","Mark Fletcher Jr.","RB","Miami","ACC","rushing","TD","12"
"2025","4870736","Mark Fletcher Jr.","RB","Miami","ACC","rushing","YDS","1192"
"2025","4870736","Mark Fletcher Jr.","RB","Miami","ACC","rushing","YPC","5.5"
"2025","4870765","Edwin Joseph","DB","Florida State","ACC","defensive","PD","5"
"2025","4870765","Edwin Joseph","DB","Florida State","ACC","defensive","QB HUR","0"
"2025","4870765","Edwin Joseph","DB","Florida State","ACC","defensive","SACKS","0"
"2025","4870765","Edwin Joseph","DB","Florida State","ACC","defensive","SOLO","19"
"2025","4870765","Edwin Joseph","DB","Florida State","ACC","defensive","TD","0"
"2025","4870765","Edwin Joseph","DB","Florida State","ACC","defensive","TFL","3.5"
"2025","4870765","Edwin Joseph","DB","Florida State","ACC","defensive","TOT","37"
"2025","4870765","Edwin Joseph","DB","Florida State","ACC","interceptions","AVG","16.7"
"2025","4870765","Edwin Joseph","DB","Florida State","ACC","interceptions","INT","3"
"2025","4870765","Edwin Joseph","DB","Florida State","ACC","interceptions","TD","0"
"2025","4870765","Edwin Joseph","DB","Florida State","ACC","interceptions","YDS","50"
"2025","4870767","James Heard Jr.","LB","Syracuse","ACC","defensive","PD","0"
"2025","4870767","James Heard Jr.","LB","Syracuse","ACC","defensive","QB HUR","0"
"2025","4870767","James Heard Jr.","LB","Syracuse","ACC","defensive","SACKS","0"
"2025","4870767","James Heard Jr.","LB","Syracuse","ACC","defensive","SOLO","8"
"2025","4870767","James Heard Jr.","LB","Syracuse","ACC","defensive","TD","0"
"2025","4870767","James Heard Jr.","LB","Syracuse","ACC","defensive","TFL","0.5"
"2025","4870767","James Heard Jr.","LB","Syracuse","ACC","defensive","TOT","12"
"2025","4870770","Nathaniel Joseph","WR","Miami","ACC","puntReturns","AVG","9.0"
"2025","4870770","Nathaniel Joseph","WR","Miami","ACC","puntReturns","LONG","9"
"2025","4870770","Nathaniel Joseph","WR","Miami","ACC","puntReturns","NO","1"
"2025","4870770","Nathaniel Joseph","WR","Miami","ACC","puntReturns","TD","0"
"2025","4870770","Nathaniel Joseph","WR","Miami","ACC","puntReturns","YDS","9"
"2025","4870770","Nathaniel Joseph","WR","Miami","ACC","receiving","LONG","18"
"2025","4870770","Nathaniel Joseph","WR","Miami","ACC","receiving","REC","2"
"2025","4870770","Nathaniel Joseph","WR","Miami","ACC","receiving","TD","0"
"2025","4870770","Nathaniel Joseph","WR","Miami","ACC","receiving","YDS","25"
"2025","4870770","Nathaniel Joseph","WR","Miami","ACC","receiving","YPR","12.5"
"2025","4870781","A.J. Hoffler","DL","Georgia Tech","ACC","defensive","PD","0"
"2025","4870781","A.J. Hoffler","DL","Georgia Tech","ACC","defensive","QB HUR","3"
"2025","4870781","A.J. Hoffler","DL","Georgia Tech","ACC","defensive","SACKS","1.5"
"2025","4870781","A.J. Hoffler","DL","Georgia Tech","ACC","defensive","SOLO","9"
"2025","4870781","A.J. Hoffler","DL","Georgia Tech","ACC","defensive","TD","0"
"2025","4870781","A.J. Hoffler","DL","Georgia Tech","ACC","defensive","TFL","2.5"
"2025","4870781","A.J. Hoffler","DL","Georgia Tech","ACC","defensive","TOT","17"
"2025","4870783","Jason Hammond","DT","Virginia","ACC","defensive","PD","0"
"2025","4870783","Jason Hammond","DT","Virginia","ACC","defensive","QB HUR","4"
"2025","4870783","Jason Hammond","DT","Virginia","ACC","defensive","SACKS","2.5"
"2025","4870783","Jason Hammond","DT","Virginia","ACC","defensive","SOLO","12"
"2025","4870783","Jason Hammond","DT","Virginia","ACC","defensive","TD","0"
"2025","4870783","Jason Hammond","DT","Virginia","ACC","defensive","TFL","3.0"
"2025","4870783","Jason Hammond","DT","Virginia","ACC","defensive","TOT","33"
"2025","4870789","Jaxson Lavender","WR","SMU","ACC","rushing","CAR","4"
"2025","4870789","Jaxson Lavender","WR","SMU","ACC","rushing","LONG","9"
"2025","4870789","Jaxson Lavender","WR","SMU","ACC","rushing","TD","0"
"2025","4870789","Jaxson Lavender","WR","SMU","ACC","rushing","YDS","18"
"2025","4870789","Jaxson Lavender","WR","SMU","ACC","rushing","YPC","4.5"
"2025","4870802","Sedrick Irvin","RB","Stanford","ACC","defensive","PD","0"
"2025","4870802","Sedrick Irvin","RB","Stanford","ACC","defensive","QB HUR","0"
"2025","4870802","Sedrick Irvin","RB","Stanford","ACC","defensive","SACKS","0"
"2025","4870802","Sedrick Irvin","RB","Stanford","ACC","defensive","SOLO","1"
"2025","4870802","Sedrick Irvin","RB","Stanford","ACC","defensive","TD","0"
"2025","4870802","Sedrick Irvin","RB","Stanford","ACC","defensive","TFL","0"
"2025","4870802","Sedrick Irvin","RB","Stanford","ACC","defensive","TOT","1"
"2025","4870802","Sedrick Irvin","RB","Stanford","ACC","receiving","LONG","8"
"2025","4870802","Sedrick Irvin","RB","Stanford","ACC","receiving","REC","2"
"2025","4870802","Sedrick Irvin","RB","Stanford","ACC","receiving","TD","0"
"2025","4870802","Sedrick Irvin","RB","Stanford","ACC","receiving","YDS","13"
"2025","4870802","Sedrick Irvin","RB","Stanford","ACC","receiving","YPR","6.5"
"2025","4870802","Sedrick Irvin","RB","Stanford","ACC","rushing","CAR","41"
"2025","4870802","Sedrick Irvin","RB","Stanford","ACC","rushing","LONG","15"
"2025","4870802","Sedrick Irvin","RB","Stanford","ACC","rushing","TD","1"
"2025","4870802","Sedrick Irvin","RB","Stanford","ACC","rushing","YDS","118"
"2025","4870802","Sedrick Irvin","RB","Stanford","ACC","rushing","YPC","2.9"
"2025","4870819","Eli Holstein","QB","Pittsburgh","ACC","fumbles","FUM","1"
"2025","4870819","Eli Holstein","QB","Pittsburgh","ACC","fumbles","LOST","0"
"2025","4870819","Eli Holstein","QB","Pittsburgh","ACC","fumbles","REC","0"
"2025","4870819","Eli Holstein","QB","Pittsburgh","ACC","passing","ATT","125"
"2025","4870819","Eli Holstein","QB","Pittsburgh","ACC","passing","COMPLETIONS","77"
"2025","4870819","Eli Holstein","QB","Pittsburgh","ACC","passing","INT","6"
"2025","4870819","Eli Holstein","QB","Pittsburgh","ACC","passing","PCT","0.616"
"2025","4870819","Eli Holstein","QB","Pittsburgh","ACC","passing","TD","12"
"2025","4870819","Eli Holstein","QB","Pittsburgh","ACC","passing","YDS","1081"
"2025","4870819","Eli Holstein","QB","Pittsburgh","ACC","passing","YPA","8.6"
"2025","4870819","Eli Holstein","QB","Pittsburgh","ACC","rushing","CAR","36"
"2025","4870819","Eli Holstein","QB","Pittsburgh","ACC","rushing","LONG","31"
"2025","4870819","Eli Holstein","QB","Pittsburgh","ACC","rushing","TD","1"
"2025","4870819","Eli Holstein","QB","Pittsburgh","ACC","rushing","YDS","88"
"2025","4870819","Eli Holstein","QB","Pittsburgh","ACC","rushing","YPC","2.4"
"2025","4870826","Micah Mays Jr.","WR","Wake Forest","ACC","defensive","PD","0"
"2025","4870826","Micah Mays Jr.","WR","Wake Forest","ACC","defensive","QB HUR","0"
"2025","4870826","Micah Mays Jr.","WR","Wake Forest","ACC","defensive","SACKS","0"
"2025","4870826","Micah Mays Jr.","WR","Wake Forest","ACC","defensive","SOLO","0"
"2025","4870826","Micah Mays Jr.","WR","Wake Forest","ACC","defensive","TD","0"
"2025","4870826","Micah Mays Jr.","WR","Wake Forest","ACC","defensive","TFL","0"
"2025","4870826","Micah Mays Jr.","WR","Wake Forest","ACC","defensive","TOT","1"
"2025","4870826","Micah Mays Jr.","WR","Wake Forest","ACC","receiving","LONG","52"
"2025","4870826","Micah Mays Jr.","WR","Wake Forest","ACC","receiving","REC","18"
"2025","4870826","Micah Mays Jr.","WR","Wake Forest","ACC","receiving","TD","2"
"2025","4870826","Micah Mays Jr.","WR","Wake Forest","ACC","receiving","YDS","302"
"2025","4870826","Micah Mays Jr.","WR","Wake Forest","ACC","receiving","YPR","16.8"
"2025","4870832","Moussa Kane","CB","Duke","ACC","defensive","PD","0"
"2025","4870832","Moussa Kane","CB","Duke","ACC","defensive","QB HUR","0"
"2025","4870832","Moussa Kane","CB","Duke","ACC","defensive","SACKS","1"
"2025","4870832","Moussa Kane","CB","Duke","ACC","defensive","SOLO","10"
"2025","4870832","Moussa Kane","CB","Duke","ACC","defensive","TD","0"
"2025","4870832","Moussa Kane","CB","Duke","ACC","defensive","TFL","2"
"2025","4870832","Moussa Kane","CB","Duke","ACC","defensive","TOT","17"
"2025","4870832","Moussa Kane","CB","Duke","ACC","fumbles","FUM","0"
"2025","4870832","Moussa Kane","CB","Duke","ACC","fumbles","LOST","0"
"2025","4870832","Moussa Kane","CB","Duke","ACC","fumbles","REC","1"
"2025","4870832","Moussa Kane","CB","Duke","ACC","interceptions","AVG","1.5"
"2025","4870832","Moussa Kane","CB","Duke","ACC","interceptions","INT","2"
"2025","4870832","Moussa Kane","CB","Duke","ACC","interceptions","TD","0"
"2025","4870832","Moussa Kane","CB","Duke","ACC","interceptions","YDS","3"
"2025","4870849","Jahkai Lang","DE","SMU","ACC","defensive","PD","0"
"2025","4870849","Jahkai Lang","DE","SMU","ACC","defensive","QB HUR","8"
"2025","4870849","Jahkai Lang","DE","SMU","ACC","defensive","SACKS","0"
"2025","4870849","Jahkai Lang","DE","SMU","ACC","defensive","SOLO","6"
"2025","4870849","Jahkai Lang","DE","SMU","ACC","defensive","TD","0"
"2025","4870849","Jahkai Lang","DE","SMU","ACC","defensive","TFL","1.5"
"2025","4870849","Jahkai Lang","DE","SMU","ACC","defensive","TOT","25"
"2025","4870849","Jahkai Lang","DE","SMU","ACC","fumbles","FUM","0"
"2025","4870849","Jahkai Lang","DE","SMU","ACC","fumbles","LOST","0"
"2025","4870849","Jahkai Lang","DE","SMU","ACC","fumbles","REC","1"
"2025","4870865","Isaiah Neal","DL","Pittsburgh","ACC","defensive","PD","1"
"2025","4870865","Isaiah Neal","DL","Pittsburgh","ACC","defensive","QB HUR","4"
"2025","4870865","Isaiah Neal","DL","Pittsburgh","ACC","defensive","SACKS","3.5"
"2025","4870865","Isaiah Neal","DL","Pittsburgh","ACC","defensive","SOLO","18"
"2025","4870865","Isaiah Neal","DL","Pittsburgh","ACC","defensive","TD","0"
"2025","4870865","Isaiah Neal","DL","Pittsburgh","ACC","defensive","TFL","7.0"
"2025","4870865","Isaiah Neal","DL","Pittsburgh","ACC","defensive","TOT","36"
"2025","4870870","Ty Lockwood","TE","Boston College","ACC","receiving","LONG","16"
"2025","4870870","Ty Lockwood","TE","Boston College","ACC","receiving","REC","2"
"2025","4870870","Ty Lockwood","TE","Boston College","ACC","receiving","TD","0"
"2025","4870870","Ty Lockwood","TE","Boston College","ACC","receiving","YDS","30"
"2025","4870870","Ty Lockwood","TE","Boston College","ACC","receiving","YPR","15.0"
"2025","4870878","Hunter Osborne","DL","Virginia","ACC","defensive","PD","0"
"2025","4870878","Hunter Osborne","DL","Virginia","ACC","defensive","QB HUR","2"
"2025","4870878","Hunter Osborne","DL","Virginia","ACC","defensive","SACKS","1"
"2025","4870878","Hunter Osborne","DL","Virginia","ACC","defensive","SOLO","4"
"2025","4870878","Hunter Osborne","DL","Virginia","ACC","defensive","TD","0"
"2025","4870878","Hunter Osborne","DL","Virginia","ACC","defensive","TFL","2.5"
"2025","4870878","Hunter Osborne","DL","Virginia","ACC","defensive","TOT","16"
"2025","4870886","T.J. Parker","DE","Clemson","ACC","defensive","PD","1"
"2025","4870886","T.J. Parker","DE","Clemson","ACC","defensive","QB HUR","7"
"2025","4870886","T.J. Parker","DE","Clemson","ACC","defensive","SACKS","5"
"2025","4870886","T.J. Parker","DE","Clemson","ACC","defensive","SOLO","18"
"2025","4870886","T.J. Parker","DE","Clemson","ACC","defensive","TD","0"
"2025","4870886","T.J. Parker","DE","Clemson","ACC","defensive","TFL","9.0"
"2025","4870886","T.J. Parker","DE","Clemson","ACC","defensive","TOT","37"
"2025","4870886","T.J. Parker","DE","Clemson","ACC","fumbles","FUM","0"
"2025","4870886","T.J. Parker","DE","Clemson","ACC","fumbles","LOST","0"
"2025","4870886","T.J. Parker","DE","Clemson","ACC","fumbles","REC","3"
"2025","4870900","Dylan Lonergan","QB","Boston College","ACC","defensive","PD","0"
"2025","4870900","Dylan Lonergan","QB","Boston College","ACC","defensive","QB HUR","0"
"2025","4870900","Dylan Lonergan","QB","Boston College","ACC","defensive","SACKS","0"
"2025","4870900","Dylan Lonergan","QB","Boston College","ACC","defensive","SOLO","0"
"2025","4870900","Dylan Lonergan","QB","Boston College","ACC","defensive","TD","0"
"2025","4870900","Dylan Lonergan","QB","Boston College","ACC","defensive","TFL","0"
"2025","4870900","Dylan Lonergan","QB","Boston College","ACC","defensive","TOT","1"
"2025","4870900","Dylan Lonergan","QB","Boston College","ACC","fumbles","FUM","3"
"2025","4870900","Dylan Lonergan","QB","Boston College","ACC","fumbles","LOST","3"
"2025","4870900","Dylan Lonergan","QB","Boston College","ACC","fumbles","REC","0"
"2025","4870900","Dylan Lonergan","QB","Boston College","ACC","passing","ATT","284"
"2025","4870900","Dylan Lonergan","QB","Boston College","ACC","passing","COMPLETIONS","190"
"2025","4870900","Dylan Lonergan","QB","Boston College","ACC","passing","INT","5"
"2025","4870900","Dylan Lonergan","QB","Boston College","ACC","passing","PCT","0.669"
"2025","4870900","Dylan Lonergan","QB","Boston College","ACC","passing","TD","12"
"2025","4870900","Dylan Lonergan","QB","Boston College","ACC","passing","YDS","2025"
"2025","4870900","Dylan Lonergan","QB","Boston College","ACC","passing","YPA","7.1"
"2025","4870900","Dylan Lonergan","QB","Boston College","ACC","receiving","LONG","0"
"2025","4870900","Dylan Lonergan","QB","Boston College","ACC","receiving","REC","1"
"2025","4870900","Dylan Lonergan","QB","Boston College","ACC","receiving","TD","0"
"2025","4870900","Dylan Lonergan","QB","Boston College","ACC","receiving","YDS","-1"
"2025","4870900","Dylan Lonergan","QB","Boston College","ACC","receiving","YPR","-1.0"
"2025","4870900","Dylan Lonergan","QB","Boston College","ACC","rushing","CAR","36"
"2025","4870900","Dylan Lonergan","QB","Boston College","ACC","rushing","LONG","16"
"2025","4870900","Dylan Lonergan","QB","Boston College","ACC","rushing","TD","1"
"2025","4870900","Dylan Lonergan","QB","Boston College","ACC","rushing","YDS","-37"
"2025","4870900","Dylan Lonergan","QB","Boston College","ACC","rushing","YPC","-1.0"
"2025","4870914","Francis Mauigoa","OL","Miami","ACC","rushing","CAR","1"
"2025","4870914","Francis Mauigoa","OL","Miami","ACC","rushing","LONG","3"
"2025","4870914","Francis Mauigoa","OL","Miami","ACC","rushing","TD","1"
"2025","4870914","Francis Mauigoa","OL","Miami","ACC","rushing","YDS","3"
"2025","4870914","Francis Mauigoa","OL","Miami","ACC","rushing","YPC","3.0"
"2025","4870922","Duce Robinson","WR","Florida State","ACC","defensive","PD","1"
"2025","4870922","Duce Robinson","WR","Florida State","ACC","defensive","QB HUR","0"
"2025","4870922","Duce Robinson","WR","Florida State","ACC","defensive","SACKS","0"
"2025","4870922","Duce Robinson","WR","Florida State","ACC","defensive","SOLO","1"
"2025","4870922","Duce Robinson","WR","Florida State","ACC","defensive","TD","0"
"2025","4870922","Duce Robinson","WR","Florida State","ACC","defensive","TFL","0"
"2025","4870922","Duce Robinson","WR","Florida State","ACC","defensive","TOT","1"
"2025","4870922","Duce Robinson","WR","Florida State","ACC","fumbles","FUM","2"
"2025","4870922","Duce Robinson","WR","Florida State","ACC","fumbles","LOST","0"
"2025","4870922","Duce Robinson","WR","Florida State","ACC","fumbles","REC","0"
"2025","4870922","Duce Robinson","WR","Florida State","ACC","receiving","LONG","82"
"2025","4870922","Duce Robinson","WR","Florida State","ACC","receiving","REC","56"
"2025","4870922","Duce Robinson","WR","Florida State","ACC","receiving","TD","6"
"2025","4870922","Duce Robinson","WR","Florida State","ACC","receiving","YDS","1074"
"2025","4870922","Duce Robinson","WR","Florida State","ACC","receiving","YPR","19.2"
"2025","4870929","Noah Rogers","WR","NC State","ACC","defensive","PD","1"
"2025","4870929","Noah Rogers","WR","NC State","ACC","defensive","QB HUR","0"
"2025","4870929","Noah Rogers","WR","NC State","ACC","defensive","SACKS","0"
"2025","4870929","Noah Rogers","WR","NC State","ACC","defensive","SOLO","1"
"2025","4870929","Noah Rogers","WR","NC State","ACC","defensive","TD","0"
"2025","4870929","Noah Rogers","WR","NC State","ACC","defensive","TFL","0"
"2025","4870929","Noah Rogers","WR","NC State","ACC","defensive","TOT","1"
"2025","4870929","Noah Rogers","WR","NC State","ACC","receiving","LONG","48"
"2025","4870929","Noah Rogers","WR","NC State","ACC","receiving","REC","31"
"2025","4870929","Noah Rogers","WR","NC State","ACC","receiving","TD","2"
"2025","4870929","Noah Rogers","WR","NC State","ACC","receiving","YDS","413"
"2025","4870929","Noah Rogers","WR","NC State","ACC","receiving","YPR","13.3"
"2025","4870941","Cameron Seldon","WR","Virginia Tech","ACC","defensive","PD","0"
"2025","4870941","Cameron Seldon","WR","Virginia Tech","ACC","defensive","QB HUR","0"
"2025","4870941","Cameron Seldon","WR","Virginia Tech","ACC","defensive","SACKS","0"
"2025","4870941","Cameron Seldon","WR","Virginia Tech","ACC","defensive","SOLO","1"
"2025","4870941","Cameron Seldon","WR","Virginia Tech","ACC","defensive","TD","0"
"2025","4870941","Cameron Seldon","WR","Virginia Tech","ACC","defensive","TFL","0"
"2025","4870941","Cameron Seldon","WR","Virginia Tech","ACC","defensive","TOT","1"
"2025","4870941","Cameron Seldon","WR","Virginia Tech","ACC","kickReturns","AVG","13.5"
"2025","4870941","Cameron Seldon","WR","Virginia Tech","ACC","kickReturns","LONG","30"
"2025","4870941","Cameron Seldon","WR","Virginia Tech","ACC","kickReturns","NO","4"
"2025","4870941","Cameron Seldon","WR","Virginia Tech","ACC","kickReturns","TD","0"
"2025","4870941","Cameron Seldon","WR","Virginia Tech","ACC","kickReturns","YDS","54"
"2025","4870941","Cameron Seldon","WR","Virginia Tech","ACC","receiving","LONG","22"
"2025","4870941","Cameron Seldon","WR","Virginia Tech","ACC","receiving","REC","23"
"2025","4870941","Cameron Seldon","WR","Virginia Tech","ACC","receiving","TD","2"
"2025","4870941","Cameron Seldon","WR","Virginia Tech","ACC","receiving","YDS","165"
"2025","4870941","Cameron Seldon","WR","Virginia Tech","ACC","receiving","YPR","7.2"
"2025","4870941","Cameron Seldon","WR","Virginia Tech","ACC","rushing","CAR","7"
"2025","4870941","Cameron Seldon","WR","Virginia Tech","ACC","rushing","LONG","9"
"2025","4870941","Cameron Seldon","WR","Virginia Tech","ACC","rushing","TD","0"
"2025","4870941","Cameron Seldon","WR","Virginia Tech","ACC","rushing","YDS","28"
"2025","4870941","Cameron Seldon","WR","Virginia Tech","ACC","rushing","YPC","4.0"
"2025","4870944","Chris Peal","DB","Syracuse","ACC","defensive","PD","7"
"2025","4870944","Chris Peal","DB","Syracuse","ACC","defensive","QB HUR","0"
"2025","4870944","Chris Peal","DB","Syracuse","ACC","defensive","SACKS","0"
"2025","4870944","Chris Peal","DB","Syracuse","ACC","defensive","SOLO","27"
"2025","4870944","Chris Peal","DB","Syracuse","ACC","defensive","TD","0"
"2025","4870944","Chris Peal","DB","Syracuse","ACC","defensive","TFL","2"
"2025","4870944","Chris Peal","DB","Syracuse","ACC","defensive","TOT","39"
"2025","4870952","Lucas Simmons","OL","Florida State","ACC","defensive","PD","0"
"2025","4870952","Lucas Simmons","OL","Florida State","ACC","defensive","QB HUR","0"
"2025","4870952","Lucas Simmons","OL","Florida State","ACC","defensive","SACKS","0"
"2025","4870952","Lucas Simmons","OL","Florida State","ACC","defensive","SOLO","0"
"2025","4870952","Lucas Simmons","OL","Florida State","ACC","defensive","TD","0"
"2025","4870952","Lucas Simmons","OL","Florida State","ACC","defensive","TFL","0"
"2025","4870952","Lucas Simmons","OL","Florida State","ACC","defensive","TOT","1"
"2025","4870954","Randy Pittman","TE","Florida State","ACC","passing","ATT","1"
"2025","4870954","Randy Pittman","TE","Florida State","ACC","passing","COMPLETIONS","1"
"2025","4870954","Randy Pittman","TE","Florida State","ACC","passing","INT","0"
"2025","4870954","Randy Pittman","TE","Florida State","ACC","passing","PCT","1.000"
"2025","4870954","Randy Pittman","TE","Florida State","ACC","passing","TD","1"
"2025","4870954","Randy Pittman","TE","Florida State","ACC","passing","YDS","4"
"2025","4870954","Randy Pittman","TE","Florida State","ACC","passing","YPA","4.0"
"2025","4870954","Randy Pittman","TE","Florida State","ACC","receiving","LONG","35"
"2025","4870954","Randy Pittman","TE","Florida State","ACC","receiving","REC","23"
"2025","4870954","Randy Pittman","TE","Florida State","ACC","receiving","TD","2"
"2025","4870954","Randy Pittman","TE","Florida State","ACC","receiving","YDS","208"
"2025","4870954","Randy Pittman","TE","Florida State","ACC","receiving","YPR","9.0"
"2025","4870954","Randy Pittman","TE","Florida State","ACC","rushing","CAR","7"
"2025","4870954","Randy Pittman","TE","Florida State","ACC","rushing","LONG","14"
"2025","4870954","Randy Pittman","TE","Florida State","ACC","rushing","TD","3"
"2025","4870954","Randy Pittman","TE","Florida State","ACC","rushing","YDS","37"
"2025","4870954","Randy Pittman","TE","Florida State","ACC","rushing","YPC","5.3"
"2025","4870955","Samuel Singleton","RB","Florida State","ACC","kickReturns","AVG","16.5"
"2025","4870955","Samuel Singleton","RB","Florida State","ACC","kickReturns","LONG","18"
"2025","4870955","Samuel Singleton","RB","Florida State","ACC","kickReturns","NO","2"
"2025","4870955","Samuel Singleton","RB","Florida State","ACC","kickReturns","TD","0"
"2025","4870955","Samuel Singleton","RB","Florida State","ACC","kickReturns","YDS","33"
"2025","4870955","Samuel Singleton","RB","Florida State","ACC","receiving","LONG","16"
"2025","4870955","Samuel Singleton","RB","Florida State","ACC","receiving","REC","1"
"2025","4870955","Samuel Singleton","RB","Florida State","ACC","receiving","TD","0"
"2025","4870955","Samuel Singleton","RB","Florida State","ACC","receiving","YDS","16"
"2025","4870955","Samuel Singleton","RB","Florida State","ACC","receiving","YPR","16.0"
"2025","4870955","Samuel Singleton","RB","Florida State","ACC","rushing","CAR","51"
"2025","4870955","Samuel Singleton","RB","Florida State","ACC","rushing","LONG","53"
"2025","4870955","Samuel Singleton","RB","Florida State","ACC","rushing","TD","4"
"2025","4870955","Samuel Singleton","RB","Florida State","ACC","rushing","YDS","360"
"2025","4870955","Samuel Singleton","RB","Florida State","ACC","rushing","YPC","7.1"
"2025","4870988","Avieon Terrell","CB","Clemson","ACC","defensive","PD","8"
"2025","4870988","Avieon Terrell","CB","Clemson","ACC","defensive","QB HUR","0"
"2025","4870988","Avieon Terrell","CB","Clemson","ACC","defensive","SACKS","3"
"2025","4870988","Avieon Terrell","CB","Clemson","ACC","defensive","SOLO","30"
"2025","4870988","Avieon Terrell","CB","Clemson","ACC","defensive","TD","0"
"2025","4870988","Avieon Terrell","CB","Clemson","ACC","defensive","TFL","4.5"
"2025","4870988","Avieon Terrell","CB","Clemson","ACC","defensive","TOT","48"
"2025","4870988","Avieon Terrell","CB","Clemson","ACC","fumbles","FUM","0"
"2025","4870988","Avieon Terrell","CB","Clemson","ACC","fumbles","LOST","0"
"2025","4870988","Avieon Terrell","CB","Clemson","ACC","fumbles","REC","1"
"2025","4871001","Jaedn Skeete","WR","Boston College","ACC","fumbles","FUM","1"
"2025","4871001","Jaedn Skeete","WR","Boston College","ACC","fumbles","LOST","0"
"2025","4871001","Jaedn Skeete","WR","Boston College","ACC","fumbles","REC","0"
"2025","4871001","Jaedn Skeete","WR","Boston College","ACC","receiving","LONG","22"
"2025","4871001","Jaedn Skeete","WR","Boston College","ACC","receiving","REC","13"
"2025","4871001","Jaedn Skeete","WR","Boston College","ACC","receiving","TD","3"
"2025","4871001","Jaedn Skeete","WR","Boston College","ACC","receiving","YDS","140"
"2025","4871001","Jaedn Skeete","WR","Boston College","ACC","receiving","YPR","10.8"
"2025","4871007","Keith Sampson","DL","Florida State","ACC","defensive","PD","0"
"2025","4871007","Keith Sampson","DL","Florida State","ACC","defensive","QB HUR","1"
"2025","4871007","Keith Sampson","DL","Florida State","ACC","defensive","SACKS","0"
"2025","4871007","Keith Sampson","DL","Florida State","ACC","defensive","SOLO","3"
"2025","4871007","Keith Sampson","DL","Florida State","ACC","defensive","TD","0"
"2025","4871007","Keith Sampson","DL","Florida State","ACC","defensive","TFL","1.5"
"2025","4871007","Keith Sampson","DL","Florida State","ACC","defensive","TOT","11"
"2025","4871030","Jayden Wayne","LB","California","ACC","defensive","PD","0"
"2025","4871030","Jayden Wayne","LB","California","ACC","defensive","QB HUR","5"
"2025","4871030","Jayden Wayne","LB","California","ACC","defensive","SACKS","3.0"
"2025","4871030","Jayden Wayne","LB","California","ACC","defensive","SOLO","9"
"2025","4871030","Jayden Wayne","LB","California","ACC","defensive","TD","0"
"2025","4871030","Jayden Wayne","LB","California","ACC","defensive","TFL","4.5"
"2025","4871030","Jayden Wayne","LB","California","ACC","defensive","TOT","26"
"2025","4871030","Jayden Wayne","LB","California","ACC","fumbles","FUM","1"
"2025","4871030","Jayden Wayne","LB","California","ACC","fumbles","LOST","0"
"2025","4871030","Jayden Wayne","LB","California","ACC","fumbles","REC","0"
"2025","4871030","Jayden Wayne","LB","California","ACC","kickReturns","AVG","-20.0"
"2025","4871030","Jayden Wayne","LB","California","ACC","kickReturns","LONG","-20"
"2025","4871030","Jayden Wayne","LB","California","ACC","kickReturns","NO","1"
"2025","4871030","Jayden Wayne","LB","California","ACC","kickReturns","TD","0"
"2025","4871030","Jayden Wayne","LB","California","ACC","kickReturns","YDS","-20"
"2025","4871041","Isaiah Shirley","DE","NC State","ACC","defensive","PD","0"
"2025","4871041","Isaiah Shirley","DE","NC State","ACC","defensive","QB HUR","2"
"2025","4871041","Isaiah Shirley","DE","NC State","ACC","defensive","SACKS","0"
"2025","4871041","Isaiah Shirley","DE","NC State","ACC","defensive","SOLO","5"
"2025","4871041","Isaiah Shirley","DE","NC State","ACC","defensive","TD","1"
"2025","4871041","Isaiah Shirley","DE","NC State","ACC","defensive","TFL","1"
"2025","4871041","Isaiah Shirley","DE","NC State","ACC","defensive","TOT","15"
"2025","4871041","Isaiah Shirley","DE","NC State","ACC","interceptions","AVG","41.0"
"2025","4871041","Isaiah Shirley","DE","NC State","ACC","interceptions","INT","1"
"2025","4871041","Isaiah Shirley","DE","NC State","ACC","interceptions","TD","1"
"2025","4871041","Isaiah Shirley","DE","NC State","ACC","interceptions","YDS","41"
"2025","4871053","Daylan Smothers","RB","NC State","ACC","defensive","PD","0"
"2025","4871053","Daylan Smothers","RB","NC State","ACC","defensive","QB HUR","0"
"2025","4871053","Daylan Smothers","RB","NC State","ACC","defensive","SACKS","0"
"2025","4871053","Daylan Smothers","RB","NC State","ACC","defensive","SOLO","2"
"2025","4871053","Daylan Smothers","RB","NC State","ACC","defensive","TD","0"
"2025","4871053","Daylan Smothers","RB","NC State","ACC","defensive","TFL","0"
"2025","4871053","Daylan Smothers","RB","NC State","ACC","defensive","TOT","2"
"2025","4871053","Daylan Smothers","RB","NC State","ACC","passing","ATT","1"
"2025","4871053","Daylan Smothers","RB","NC State","ACC","passing","COMPLETIONS","1"
"2025","4871053","Daylan Smothers","RB","NC State","ACC","passing","INT","0"
"2025","4871053","Daylan Smothers","RB","NC State","ACC","passing","PCT","1.000"
"2025","4871053","Daylan Smothers","RB","NC State","ACC","passing","TD","0"
"2025","4871053","Daylan Smothers","RB","NC State","ACC","passing","YDS","-4"
"2025","4871053","Daylan Smothers","RB","NC State","ACC","passing","YPA","-4.0"
"2025","4871053","Daylan Smothers","RB","NC State","ACC","receiving","LONG","24"
"2025","4871053","Daylan Smothers","RB","NC State","ACC","receiving","REC","37"
"2025","4871053","Daylan Smothers","RB","NC State","ACC","receiving","TD","1"
"2025","4871053","Daylan Smothers","RB","NC State","ACC","receiving","YDS","189"
"2025","4871053","Daylan Smothers","RB","NC State","ACC","receiving","YPR","5.1"
"2025","4871053","Daylan Smothers","RB","NC State","ACC","rushing","CAR","160"
"2025","4871053","Daylan Smothers","RB","NC State","ACC","rushing","LONG","65"
"2025","4871053","Daylan Smothers","RB","NC State","ACC","rushing","TD","6"
"2025","4871053","Daylan Smothers","RB","NC State","ACC","rushing","YDS","939"
"2025","4871053","Daylan Smothers","RB","NC State","ACC","rushing","YPC","5.9"
"2025","4871060","William Spencer","DT","SMU","ACC","defensive","PD","0"
"2025","4871060","William Spencer","DT","SMU","ACC","defensive","QB HUR","0"
"2025","4871060","William Spencer","DT","SMU","ACC","defensive","SACKS","0"
"2025","4871060","William Spencer","DT","SMU","ACC","defensive","SOLO","5"
"2025","4871060","William Spencer","DT","SMU","ACC","defensive","TD","0"
"2025","4871060","William Spencer","DT","SMU","ACC","defensive","TFL","2"
"2025","4871060","William Spencer","DT","SMU","ACC","defensive","TOT","11"
"2025","4871063","Peter Woods","DT","Clemson","ACC","defensive","PD","1"
"2025","4871063","Peter Woods","DT","Clemson","ACC","defensive","QB HUR","3"
"2025","4871063","Peter Woods","DT","Clemson","ACC","defensive","SACKS","1.5"
"2025","4871063","Peter Woods","DT","Clemson","ACC","defensive","SOLO","9"
"2025","4871063","Peter Woods","DT","Clemson","ACC","defensive","TD","0"
"2025","4871063","Peter Woods","DT","Clemson","ACC","defensive","TFL","2.5"
"2025","4871063","Peter Woods","DT","Clemson","ACC","defensive","TOT","29"
"2025","4871063","Peter Woods","DT","Clemson","ACC","fumbles","FUM","1"
"2025","4871063","Peter Woods","DT","Clemson","ACC","fumbles","LOST","0"
"2025","4871063","Peter Woods","DT","Clemson","ACC","fumbles","REC","0"
"2025","4871063","Peter Woods","DT","Clemson","ACC","rushing","CAR","8"
"2025","4871063","Peter Woods","DT","Clemson","ACC","rushing","LONG","5"
"2025","4871063","Peter Woods","DT","Clemson","ACC","rushing","TD","2"
"2025","4871063","Peter Woods","DT","Clemson","ACC","rushing","YDS","15"
"2025","4871063","Peter Woods","DT","Clemson","ACC","rushing","YPC","1.9"
"2025","4871072","Trey Wilson","DE","SMU","ACC","defensive","PD","0"
"2025","4871072","Trey Wilson","DE","SMU","ACC","defensive","QB HUR","2"
"2025","4871072","Trey Wilson","DE","SMU","ACC","defensive","SACKS","0"
"2025","4871072","Trey Wilson","DE","SMU","ACC","defensive","SOLO","2"
"2025","4871072","Trey Wilson","DE","SMU","ACC","defensive","TD","0"
"2025","4871072","Trey Wilson","DE","SMU","ACC","defensive","TFL","0"
"2025","4871072","Trey Wilson","DE","SMU","ACC","defensive","TOT","3"
"2025","4871085","Jasiah Wagoner","DB","California","ACC","defensive","PD","0"
"2025","4871085","Jasiah Wagoner","DB","California","ACC","defensive","QB HUR","1"
"2025","4871085","Jasiah Wagoner","DB","California","ACC","defensive","SACKS","0"
"2025","4871085","Jasiah Wagoner","DB","California","ACC","defensive","SOLO","15"
"2025","4871085","Jasiah Wagoner","DB","California","ACC","defensive","TD","0"
"2025","4871085","Jasiah Wagoner","DB","California","ACC","defensive","TFL","0.5"
"2025","4871085","Jasiah Wagoner","DB","California","ACC","defensive","TOT","28"
"2025","4871101","Savion Riley","DB","Georgia Tech","ACC","defensive","PD","0"
"2025","4871101","Savion Riley","DB","Georgia Tech","ACC","defensive","QB HUR","0"
"2025","4871101","Savion Riley","DB","Georgia Tech","ACC","defensive","SACKS","0"
"2025","4871101","Savion Riley","DB","Georgia Tech","ACC","defensive","SOLO","2"
"2025","4871101","Savion Riley","DB","Georgia Tech","ACC","defensive","TD","0"
"2025","4871101","Savion Riley","DB","Georgia Tech","ACC","defensive","TFL","0"
"2025","4871101","Savion Riley","DB","Georgia Tech","ACC","defensive","TOT","3"
"2025","4871148","Jaylin Lucas","RB","Florida State","ACC","fumbles","FUM","1"
"2025","4871148","Jaylin Lucas","RB","Florida State","ACC","fumbles","LOST","1"
"2025","4871148","Jaylin Lucas","RB","Florida State","ACC","fumbles","REC","0"
"2025","4871148","Jaylin Lucas","RB","Florida State","ACC","kickReturns","AVG","24.6"
"2025","4871148","Jaylin Lucas","RB","Florida State","ACC","kickReturns","LONG","39"
"2025","4871148","Jaylin Lucas","RB","Florida State","ACC","kickReturns","NO","9"
"2025","4871148","Jaylin Lucas","RB","Florida State","ACC","kickReturns","TD","0"
"2025","4871148","Jaylin Lucas","RB","Florida State","ACC","kickReturns","YDS","221"
"2025","4871148","Jaylin Lucas","RB","Florida State","ACC","puntReturns","AVG","6.0"
"2025","4871148","Jaylin Lucas","RB","Florida State","ACC","puntReturns","LONG","21"
"2025","4871148","Jaylin Lucas","RB","Florida State","ACC","puntReturns","NO","3"
"2025","4871148","Jaylin Lucas","RB","Florida State","ACC","puntReturns","TD","0"
"2025","4871148","Jaylin Lucas","RB","Florida State","ACC","puntReturns","YDS","18"
"2025","4871148","Jaylin Lucas","RB","Florida State","ACC","receiving","LONG","64"
"2025","4871148","Jaylin Lucas","RB","Florida State","ACC","receiving","REC","11"
"2025","4871148","Jaylin Lucas","RB","Florida State","ACC","receiving","TD","0"
"2025","4871148","Jaylin Lucas","RB","Florida State","ACC","receiving","YDS","88"
"2025","4871148","Jaylin Lucas","RB","Florida State","ACC","receiving","YPR","8.0"
"2025","4871148","Jaylin Lucas","RB","Florida State","ACC","rushing","CAR","27"
"2025","4871148","Jaylin Lucas","RB","Florida State","ACC","rushing","LONG","26"
"2025","4871148","Jaylin Lucas","RB","Florida State","ACC","rushing","TD","0"
"2025","4871148","Jaylin Lucas","RB","Florida State","ACC","rushing","YDS","160"
"2025","4871148","Jaylin Lucas","RB","Florida State","ACC","rushing","YPC","5.9"
"2025","4871220","Will Bettridge","PK","Virginia","ACC","kicking","FGA","30"
"2025","4871220","Will Bettridge","PK","Virginia","ACC","kicking","FGM","24"
"2025","4871220","Will Bettridge","PK","Virginia","ACC","kicking","LONG","47"
"2025","4871220","Will Bettridge","PK","Virginia","ACC","kicking","PCT","0.800"
"2025","4871220","Will Bettridge","PK","Virginia","ACC","kicking","PTS","121"
"2025","4871220","Will Bettridge","PK","Virginia","ACC","kicking","XPA","49"
"2025","4871220","Will Bettridge","PK","Virginia","ACC","kicking","XPM","49"
"2025","4871708","Luke McLaughlin","WR","Boston College","ACC","defensive","PD","0"
"2025","4871708","Luke McLaughlin","WR","Boston College","ACC","defensive","QB HUR","0"
"2025","4871708","Luke McLaughlin","WR","Boston College","ACC","defensive","SACKS","0"
"2025","4871708","Luke McLaughlin","WR","Boston College","ACC","defensive","SOLO","1"
"2025","4871708","Luke McLaughlin","WR","Boston College","ACC","defensive","TD","0"
"2025","4871708","Luke McLaughlin","WR","Boston College","ACC","defensive","TFL","0"
"2025","4871708","Luke McLaughlin","WR","Boston College","ACC","defensive","TOT","1"
"2025","4871708","Luke McLaughlin","WR","Boston College","ACC","receiving","LONG","39"
"2025","4871708","Luke McLaughlin","WR","Boston College","ACC","receiving","REC","5"
"2025","4871708","Luke McLaughlin","WR","Boston College","ACC","receiving","TD","0"
"2025","4871708","Luke McLaughlin","WR","Boston College","ACC","receiving","YDS","72"
"2025","4871708","Luke McLaughlin","WR","Boston College","ACC","receiving","YPR","14.4"
"2025","4872478","Joseph Adedire","DE","NC State","ACC","defensive","PD","0"
"2025","4872478","Joseph Adedire","DE","NC State","ACC","defensive","QB HUR","0"
"2025","4872478","Joseph Adedire","DE","NC State","ACC","defensive","SACKS","1"
"2025","4872478","Joseph Adedire","DE","NC State","ACC","defensive","SOLO","2"
"2025","4872478","Joseph Adedire","DE","NC State","ACC","defensive","TD","0"
"2025","4872478","Joseph Adedire","DE","NC State","ACC","defensive","TFL","2"
"2025","4872478","Joseph Adedire","DE","NC State","ACC","defensive","TOT","6"
"2025","4873276","Zach Jackson","WR","Clemson","ACC","receiving","LONG","-3"
"2025","4873276","Zach Jackson","WR","Clemson","ACC","receiving","REC","1"
"2025","4873276","Zach Jackson","WR","Clemson","ACC","receiving","TD","0"
"2025","4873276","Zach Jackson","WR","Clemson","ACC","receiving","YDS","-3"
"2025","4873276","Zach Jackson","WR","Clemson","ACC","receiving","YPR","-3.0"
"2025","4873284","Tre Freeman","LB","Duke","ACC","defensive","PD","3"
"2025","4873284","Tre Freeman","LB","Duke","ACC","defensive","QB HUR","1"
"2025","4873284","Tre Freeman","LB","Duke","ACC","defensive","SACKS","1.0"
"2025","4873284","Tre Freeman","LB","Duke","ACC","defensive","SOLO","23"
"2025","4873284","Tre Freeman","LB","Duke","ACC","defensive","TD","1"
"2025","4873284","Tre Freeman","LB","Duke","ACC","defensive","TFL","4.0"
"2025","4873284","Tre Freeman","LB","Duke","ACC","defensive","TOT","52"
"2025","4873284","Tre Freeman","LB","Duke","ACC","interceptions","AVG","42.5"
"2025","4873284","Tre Freeman","LB","Duke","ACC","interceptions","INT","2"
"2025","4873284","Tre Freeman","LB","Duke","ACC","interceptions","TD","1"
"2025","4873284","Tre Freeman","LB","Duke","ACC","interceptions","YDS","85"
"2025","4873442","Xavier Brown","RB","Virginia","ACC","defensive","PD","0"
"2025","4873442","Xavier Brown","RB","Virginia","ACC","defensive","QB HUR","0"
"2025","4873442","Xavier Brown","RB","Virginia","ACC","defensive","SACKS","0"
"2025","4873442","Xavier Brown","RB","Virginia","ACC","defensive","SOLO","1"
"2025","4873442","Xavier Brown","RB","Virginia","ACC","defensive","TD","0"
"2025","4873442","Xavier Brown","RB","Virginia","ACC","defensive","TFL","0"
"2025","4873442","Xavier Brown","RB","Virginia","ACC","defensive","TOT","1"
"2025","4873442","Xavier Brown","RB","Virginia","ACC","receiving","LONG","15"
"2025","4873442","Xavier Brown","RB","Virginia","ACC","receiving","REC","5"
"2025","4873442","Xavier Brown","RB","Virginia","ACC","receiving","TD","1"
"2025","4873442","Xavier Brown","RB","Virginia","ACC","receiving","YDS","36"
"2025","4873442","Xavier Brown","RB","Virginia","ACC","receiving","YPR","7.2"
"2025","4873442","Xavier Brown","RB","Virginia","ACC","rushing","CAR","51"
"2025","4873442","Xavier Brown","RB","Virginia","ACC","rushing","LONG","20"
"2025","4873442","Xavier Brown","RB","Virginia","ACC","rushing","TD","1"
"2025","4873442","Xavier Brown","RB","Virginia","ACC","rushing","YDS","241"
"2025","4873442","Xavier Brown","RB","Virginia","ACC","rushing","YPC","4.7"
"2025","4873443","Keyshawn Burgos","DL","Virginia Tech","ACC","defensive","PD","0"
"2025","4873443","Keyshawn Burgos","DL","Virginia Tech","ACC","defensive","QB HUR","0"
"2025","4873443","Keyshawn Burgos","DL","Virginia Tech","ACC","defensive","SACKS","0"
"2025","4873443","Keyshawn Burgos","DL","Virginia Tech","ACC","defensive","SOLO","0"
"2025","4873443","Keyshawn Burgos","DL","Virginia Tech","ACC","defensive","TD","0"
"2025","4873443","Keyshawn Burgos","DL","Virginia Tech","ACC","defensive","TFL","0"
"2025","4873443","Keyshawn Burgos","DL","Virginia Tech","ACC","defensive","TOT","4"
"2025","4873609","Daylon Gordon","RB","Georgia Tech","ACC","defensive","PD","0"
"2025","4873609","Daylon Gordon","RB","Georgia Tech","ACC","defensive","QB HUR","0"
"2025","4873609","Daylon Gordon","RB","Georgia Tech","ACC","defensive","SACKS","0"
"2025","4873609","Daylon Gordon","RB","Georgia Tech","ACC","defensive","SOLO","4"
"2025","4873609","Daylon Gordon","RB","Georgia Tech","ACC","defensive","TD","0"
"2025","4873609","Daylon Gordon","RB","Georgia Tech","ACC","defensive","TFL","0"
"2025","4873609","Daylon Gordon","RB","Georgia Tech","ACC","defensive","TOT","6"
"2025","4873609","Daylon Gordon","RB","Georgia Tech","ACC","kickReturns","AVG","13.0"
"2025","4873609","Daylon Gordon","RB","Georgia Tech","ACC","kickReturns","LONG","13"
"2025","4873609","Daylon Gordon","RB","Georgia Tech","ACC","kickReturns","NO","1"
"2025","4873609","Daylon Gordon","RB","Georgia Tech","ACC","kickReturns","TD","0"
"2025","4873609","Daylon Gordon","RB","Georgia Tech","ACC","kickReturns","YDS","13"
"2025","4873609","Daylon Gordon","RB","Georgia Tech","ACC","receiving","LONG","4"
"2025","4873609","Daylon Gordon","RB","Georgia Tech","ACC","receiving","REC","1"
"2025","4873609","Daylon Gordon","RB","Georgia Tech","ACC","receiving","TD","0"
"2025","4873609","Daylon Gordon","RB","Georgia Tech","ACC","receiving","YDS","4"
"2025","4873609","Daylon Gordon","RB","Georgia Tech","ACC","receiving","YPR","4.0"
"2025","4873609","Daylon Gordon","RB","Georgia Tech","ACC","rushing","CAR","4"
"2025","4873609","Daylon Gordon","RB","Georgia Tech","ACC","rushing","LONG","47"
"2025","4873609","Daylon Gordon","RB","Georgia Tech","ACC","rushing","TD","1"
"2025","4873609","Daylon Gordon","RB","Georgia Tech","ACC","rushing","YDS","63"
"2025","4873609","Daylon Gordon","RB","Georgia Tech","ACC","rushing","YPC","15.8"
"2025","4873701","Isaiah Brown-Murray","CB","Virginia Tech","ACC","defensive","PD","5"
"2025","4873701","Isaiah Brown-Murray","CB","Virginia Tech","ACC","defensive","QB HUR","0"
"2025","4873701","Isaiah Brown-Murray","CB","Virginia Tech","ACC","defensive","SACKS","0"
"2025","4873701","Isaiah Brown-Murray","CB","Virginia Tech","ACC","defensive","SOLO","29"
"2025","4873701","Isaiah Brown-Murray","CB","Virginia Tech","ACC","defensive","TD","0"
"2025","4873701","Isaiah Brown-Murray","CB","Virginia Tech","ACC","defensive","TFL","2.0"
"2025","4873701","Isaiah Brown-Murray","CB","Virginia Tech","ACC","defensive","TOT","39"
"2025","4873701","Isaiah Brown-Murray","CB","Virginia Tech","ACC","interceptions","AVG","11.0"
"2025","4873701","Isaiah Brown-Murray","CB","Virginia Tech","ACC","interceptions","INT","1"
"2025","4873701","Isaiah Brown-Murray","CB","Virginia Tech","ACC","interceptions","TD","0"
"2025","4873701","Isaiah Brown-Murray","CB","Virginia Tech","ACC","interceptions","YDS","11"
"2025","4873708","Caden Noonkester","P","NC State","ACC","fumbles","FUM","0"
"2025","4873708","Caden Noonkester","P","NC State","ACC","fumbles","LOST","0"
"2025","4873708","Caden Noonkester","P","NC State","ACC","fumbles","REC","1"
"2025","4873708","Caden Noonkester","P","NC State","ACC","punting","In 20","23"
"2025","4873708","Caden Noonkester","P","NC State","ACC","punting","LONG","66"
"2025","4873708","Caden Noonkester","P","NC State","ACC","punting","NO","56"
"2025","4873708","Caden Noonkester","P","NC State","ACC","punting","TB","4"
"2025","4873708","Caden Noonkester","P","NC State","ACC","punting","YDS","2433"
"2025","4873708","Caden Noonkester","P","NC State","ACC","punting","YPP","43.4"
"2025","4874358","Zach Lohavichan","DL","Wake Forest","ACC","defensive","PD","2"
"2025","4874358","Zach Lohavichan","DL","Wake Forest","ACC","defensive","QB HUR","7"
"2025","4874358","Zach Lohavichan","DL","Wake Forest","ACC","defensive","SACKS","0"
"2025","4874358","Zach Lohavichan","DL","Wake Forest","ACC","defensive","SOLO","11"
"2025","4874358","Zach Lohavichan","DL","Wake Forest","ACC","defensive","TD","0"
"2025","4874358","Zach Lohavichan","DL","Wake Forest","ACC","defensive","TFL","5.5"
"2025","4874358","Zach Lohavichan","DL","Wake Forest","ACC","defensive","TOT","25"
"2025","4874436","Jack Stonehouse","P","Syracuse","ACC","punting","In 20","14"
"2025","4874436","Jack Stonehouse","P","Syracuse","ACC","punting","LONG","64"
"2025","4874436","Jack Stonehouse","P","Syracuse","ACC","punting","NO","60"
"2025","4874436","Jack Stonehouse","P","Syracuse","ACC","punting","TB","6"
"2025","4874436","Jack Stonehouse","P","Syracuse","ACC","punting","YDS","2787"
"2025","4874436","Jack Stonehouse","P","Syracuse","ACC","punting","YPP","46.5"
"2025","4874626","Blake Burris","DT","SMU","ACC","defensive","PD","1"
"2025","4874626","Blake Burris","DT","SMU","ACC","defensive","QB HUR","0"
"2025","4874626","Blake Burris","DT","SMU","ACC","defensive","SACKS","0"
"2025","4874626","Blake Burris","DT","SMU","ACC","defensive","SOLO","1"
"2025","4874626","Blake Burris","DT","SMU","ACC","defensive","TD","0"
"2025","4874626","Blake Burris","DT","SMU","ACC","defensive","TFL","0"
"2025","4874626","Blake Burris","DT","SMU","ACC","defensive","TOT","2"
"2025","4875123","Vincent Anthony","DE","Duke","ACC","defensive","PD","2"
"2025","4875123","Vincent Anthony","DE","Duke","ACC","defensive","QB HUR","4"
"2025","4875123","Vincent Anthony","DE","Duke","ACC","defensive","SACKS","7.0"
"2025","4875123","Vincent Anthony","DE","Duke","ACC","defensive","SOLO","20"
"2025","4875123","Vincent Anthony","DE","Duke","ACC","defensive","TD","0"
"2025","4875123","Vincent Anthony","DE","Duke","ACC","defensive","TFL","13.0"
"2025","4875123","Vincent Anthony","DE","Duke","ACC","defensive","TOT","34"
"2025","4875128","Lex Thomas","QB","NC State","ACC","passing","ATT","7"
"2025","4875128","Lex Thomas","QB","NC State","ACC","passing","COMPLETIONS","2"
"2025","4875128","Lex Thomas","QB","NC State","ACC","passing","INT","0"
"2025","4875128","Lex Thomas","QB","NC State","ACC","passing","PCT","0.286"
"2025","4875128","Lex Thomas","QB","NC State","ACC","passing","TD","0"
"2025","4875128","Lex Thomas","QB","NC State","ACC","passing","YDS","18"
"2025","4875128","Lex Thomas","QB","NC State","ACC","passing","YPA","2.6"
"2025","4875272","Trond Grizzell","WR","California","ACC","fumbles","FUM","1"
"2025","4875272","Trond Grizzell","WR","California","ACC","fumbles","LOST","0"
"2025","4875272","Trond Grizzell","WR","California","ACC","fumbles","REC","0"
"2025","4875272","Trond Grizzell","WR","California","ACC","receiving","LONG","35"
"2025","4875272","Trond Grizzell","WR","California","ACC","receiving","REC","55"
"2025","4875272","Trond Grizzell","WR","California","ACC","receiving","TD","1"
"2025","4875272","Trond Grizzell","WR","California","ACC","receiving","YDS","788"
"2025","4875272","Trond Grizzell","WR","California","ACC","receiving","YPR","14.3"
"2025","4875315","Emmet Kenney","PK","Stanford","ACC","kicking","FGA","21"
"2025","4875315","Emmet Kenney","PK","Stanford","ACC","kicking","FGM","16"
"2025","4875315","Emmet Kenney","PK","Stanford","ACC","kicking","LONG","46"
"2025","4875315","Emmet Kenney","PK","Stanford","ACC","kicking","PCT","0.762"
"2025","4875315","Emmet Kenney","PK","Stanford","ACC","kicking","PTS","69"
"2025","4875315","Emmet Kenney","PK","Stanford","ACC","kicking","XPA","21"
"2025","4875315","Emmet Kenney","PK","Stanford","ACC","kicking","XPM","21"
"2025","4875381","Jordan van den Berg","DL","Georgia Tech","ACC","defensive","PD","0"
"2025","4875381","Jordan van den Berg","DL","Georgia Tech","ACC","defensive","QB HUR","4"
"2025","4875381","Jordan van den Berg","DL","Georgia Tech","ACC","defensive","SACKS","4.0"
"2025","4875381","Jordan van den Berg","DL","Georgia Tech","ACC","defensive","SOLO","21"
"2025","4875381","Jordan van den Berg","DL","Georgia Tech","ACC","defensive","TD","0"
"2025","4875381","Jordan van den Berg","DL","Georgia Tech","ACC","defensive","TFL","11.0"
"2025","4875381","Jordan van den Berg","DL","Georgia Tech","ACC","defensive","TOT","42"
"2025","4875464","Justin Agu","DB","Louisville","ACC","defensive","PD","0"
"2025","4875464","Justin Agu","DB","Louisville","ACC","defensive","QB HUR","0"
"2025","4875464","Justin Agu","DB","Louisville","ACC","defensive","SACKS","0"
"2025","4875464","Justin Agu","DB","Louisville","ACC","defensive","SOLO","4"
"2025","4875464","Justin Agu","DB","Louisville","ACC","defensive","TD","0"
"2025","4875464","Justin Agu","DB","Louisville","ACC","defensive","TFL","0"
"2025","4875464","Justin Agu","DB","Louisville","ACC","defensive","TOT","6"
"2025","4875613","Dean Patterson","WR","Georgia Tech","ACC","receiving","LONG","84"
"2025","4875613","Dean Patterson","WR","Georgia Tech","ACC","receiving","REC","8"
"2025","4875613","Dean Patterson","WR","Georgia Tech","ACC","receiving","TD","2"
"2025","4875613","Dean Patterson","WR","Georgia Tech","ACC","receiving","YDS","150"
"2025","4875613","Dean Patterson","WR","Georgia Tech","ACC","receiving","YPR","18.8"
"2025","4876056","Jeffrey Johnson","TE","California","ACC","receiving","LONG","20"
"2025","4876056","Jeffrey Johnson","TE","California","ACC","receiving","REC","3"
"2025","4876056","Jeffrey Johnson","TE","California","ACC","receiving","TD","0"
"2025","4876056","Jeffrey Johnson","TE","California","ACC","receiving","YDS","30"
"2025","4876056","Jeffrey Johnson","TE","California","ACC","receiving","YPR","10.0"
"2025","4876144","Tuna Altahir","RB","Stanford","ACC","rushing","CAR","15"
"2025","4876144","Tuna Altahir","RB","Stanford","ACC","rushing","LONG","9"
"2025","4876144","Tuna Altahir","RB","Stanford","ACC","rushing","TD","0"
"2025","4876144","Tuna Altahir","RB","Stanford","ACC","rushing","YDS","55"
"2025","4876144","Tuna Altahir","RB","Stanford","ACC","rushing","YPC","3.7"
"2025","4876485","Michael Bumpus","DL","Boston College","ACC","defensive","PD","1"
"2025","4876485","Michael Bumpus","DL","Boston College","ACC","defensive","QB HUR","0"
"2025","4876485","Michael Bumpus","DL","Boston College","ACC","defensive","SACKS","0"
"2025","4876485","Michael Bumpus","DL","Boston College","ACC","defensive","SOLO","2"
"2025","4876485","Michael Bumpus","DL","Boston College","ACC","defensive","TD","0"
"2025","4876485","Michael Bumpus","DL","Boston College","ACC","defensive","TFL","0"
"2025","4876485","Michael Bumpus","DL","Boston College","ACC","defensive","TOT","4"
"2025","4876608","McKale Boley","OL","Virginia","ACC","defensive","PD","1"
"2025","4876608","McKale Boley","OL","Virginia","ACC","defensive","QB HUR","1"
"2025","4876608","McKale Boley","OL","Virginia","ACC","defensive","SACKS","0"
"2025","4876608","McKale Boley","OL","Virginia","ACC","defensive","SOLO","1"
"2025","4876608","McKale Boley","OL","Virginia","ACC","defensive","TD","0"
"2025","4876608","McKale Boley","OL","Virginia","ACC","defensive","TFL","0"
"2025","4876608","McKale Boley","OL","Virginia","ACC","defensive","TOT","1"
"2025","4876720","Aidan Birr","PK","Georgia Tech","ACC","kicking","FGA","29"
"2025","4876720","Aidan Birr","PK","Georgia Tech","ACC","kicking","FGM","25"
"2025","4876720","Aidan Birr","PK","Georgia Tech","ACC","kicking","LONG","55"
"2025","4876720","Aidan Birr","PK","Georgia Tech","ACC","kicking","PCT","0.862"
"2025","4876720","Aidan Birr","PK","Georgia Tech","ACC","kicking","PTS","120"
"2025","4876720","Aidan Birr","PK","Georgia Tech","ACC","kicking","XPA","45"
"2025","4876720","Aidan Birr","PK","Georgia Tech","ACC","kicking","XPM","45"
"2025","4876915","Ashaad Williams","DB","Wake Forest","ACC","defensive","PD","1"
"2025","4876915","Ashaad Williams","DB","Wake Forest","ACC","defensive","QB HUR","0"
"2025","4876915","Ashaad Williams","DB","Wake Forest","ACC","defensive","SACKS","0"
"2025","4876915","Ashaad Williams","DB","Wake Forest","ACC","defensive","SOLO","3"
"2025","4876915","Ashaad Williams","DB","Wake Forest","ACC","defensive","TD","0"
"2025","4876915","Ashaad Williams","DB","Wake Forest","ACC","defensive","TFL","0"
"2025","4876915","Ashaad Williams","DB","Wake Forest","ACC","defensive","TOT","4"
"2025","4877252","Blake Ruffin","DB","Louisville","ACC","defensive","PD","0"
"2025","4877252","Blake Ruffin","DB","Louisville","ACC","defensive","QB HUR","0"
"2025","4877252","Blake Ruffin","DB","Louisville","ACC","defensive","SACKS","0"
"2025","4877252","Blake Ruffin","DB","Louisville","ACC","defensive","SOLO","5"
"2025","4877252","Blake Ruffin","DB","Louisville","ACC","defensive","TD","0"
"2025","4877252","Blake Ruffin","DB","Louisville","ACC","defensive","TFL","0"
"2025","4877252","Blake Ruffin","DB","Louisville","ACC","defensive","TOT","8"
"2025","4877252","Blake Ruffin","DB","Louisville","ACC","fumbles","FUM","0"
"2025","4877252","Blake Ruffin","DB","Louisville","ACC","fumbles","LOST","0"
"2025","4877252","Blake Ruffin","DB","Louisville","ACC","fumbles","REC","1"
"2025","4877376","Jayden Loving","DL","Wake Forest","ACC","defensive","PD","1"
"2025","4877376","Jayden Loving","DL","Wake Forest","ACC","defensive","QB HUR","5"
"2025","4877376","Jayden Loving","DL","Wake Forest","ACC","defensive","SACKS","2.5"
"2025","4877376","Jayden Loving","DL","Wake Forest","ACC","defensive","SOLO","15"
"2025","4877376","Jayden Loving","DL","Wake Forest","ACC","defensive","TD","0"
"2025","4877376","Jayden Loving","DL","Wake Forest","ACC","defensive","TFL","9.0"
"2025","4877376","Jayden Loving","DL","Wake Forest","ACC","defensive","TOT","44"
"2025","4877376","Jayden Loving","DL","Wake Forest","ACC","fumbles","FUM","0"
"2025","4877376","Jayden Loving","DL","Wake Forest","ACC","fumbles","LOST","0"
"2025","4877376","Jayden Loving","DL","Wake Forest","ACC","fumbles","REC","3"
"2025","4877558","Raphael Williams","WR","Pittsburgh","ACC","puntReturns","AVG","9.0"
"2025","4877558","Raphael Williams","WR","Pittsburgh","ACC","puntReturns","LONG","9"
"2025","4877558","Raphael Williams","WR","Pittsburgh","ACC","puntReturns","NO","1"
"2025","4877558","Raphael Williams","WR","Pittsburgh","ACC","puntReturns","TD","0"
"2025","4877558","Raphael Williams","WR","Pittsburgh","ACC","puntReturns","YDS","9"
"2025","4877558","Raphael Williams","WR","Pittsburgh","ACC","receiving","LONG","67"
"2025","4877558","Raphael Williams","WR","Pittsburgh","ACC","receiving","REC","52"
"2025","4877558","Raphael Williams","WR","Pittsburgh","ACC","receiving","TD","7"
"2025","4877558","Raphael Williams","WR","Pittsburgh","ACC","receiving","YDS","741"
"2025","4877558","Raphael Williams","WR","Pittsburgh","ACC","receiving","YPR","14.3"
"2025","4877558","Raphael Williams","WR","Pittsburgh","ACC","rushing","CAR","1"
"2025","4877558","Raphael Williams","WR","Pittsburgh","ACC","rushing","LONG","4"
"2025","4877558","Raphael Williams","WR","Pittsburgh","ACC","rushing","TD","0"
"2025","4877558","Raphael Williams","WR","Pittsburgh","ACC","rushing","YDS","4"
"2025","4877558","Raphael Williams","WR","Pittsburgh","ACC","rushing","YPC","4.0"
"2025","4878110","Rino Monteforte","LS","California","ACC","defensive","PD","0"
"2025","4878110","Rino Monteforte","LS","California","ACC","defensive","QB HUR","0"
"2025","4878110","Rino Monteforte","LS","California","ACC","defensive","SACKS","0"
"2025","4878110","Rino Monteforte","LS","California","ACC","defensive","SOLO","1"
"2025","4878110","Rino Monteforte","LS","California","ACC","defensive","TD","0"
"2025","4878110","Rino Monteforte","LS","California","ACC","defensive","TFL","0"
"2025","4878110","Rino Monteforte","LS","California","ACC","defensive","TOT","2"
"2025","4878213","Josiah Green","DT","Duke","ACC","defensive","PD","3"
"2025","4878213","Josiah Green","DT","Duke","ACC","defensive","QB HUR","2"
"2025","4878213","Josiah Green","DT","Duke","ACC","defensive","SACKS","3.5"
"2025","4878213","Josiah Green","DT","Duke","ACC","defensive","SOLO","9"
"2025","4878213","Josiah Green","DT","Duke","ACC","defensive","TD","0"
"2025","4878213","Josiah Green","DT","Duke","ACC","defensive","TFL","7.0"
"2025","4878213","Josiah Green","DT","Duke","ACC","defensive","TOT","38"
"2025","4878228","Jordan Washington","CB","Stanford","ACC","defensive","PD","2"
"2025","4878228","Jordan Washington","CB","Stanford","ACC","defensive","QB HUR","0"
"2025","4878228","Jordan Washington","CB","Stanford","ACC","defensive","SACKS","0"
"2025","4878228","Jordan Washington","CB","Stanford","ACC","defensive","SOLO","7"
"2025","4878228","Jordan Washington","CB","Stanford","ACC","defensive","TD","0"
"2025","4878228","Jordan Washington","CB","Stanford","ACC","defensive","TFL","0"
"2025","4878228","Jordan Washington","CB","Stanford","ACC","defensive","TOT","9"
"2025","4878824","Da'Metrius Weatherspoon","OL","Syracuse","ACC","defensive","PD","0"
"2025","4878824","Da'Metrius Weatherspoon","OL","Syracuse","ACC","defensive","QB HUR","0"
"2025","4878824","Da'Metrius Weatherspoon","OL","Syracuse","ACC","defensive","SACKS","0"
"2025","4878824","Da'Metrius Weatherspoon","OL","Syracuse","ACC","defensive","SOLO","1"
"2025","4878824","Da'Metrius Weatherspoon","OL","Syracuse","ACC","defensive","TD","0"
"2025","4878824","Da'Metrius Weatherspoon","OL","Syracuse","ACC","defensive","TFL","0"
"2025","4878824","Da'Metrius Weatherspoon","OL","Syracuse","ACC","defensive","TOT","1"
"2025","4879270","Kody Huisman","DL","Virginia Tech","ACC","defensive","PD","1"
"2025","4879270","Kody Huisman","DL","Virginia Tech","ACC","defensive","QB HUR","1"
"2025","4879270","Kody Huisman","DL","Virginia Tech","ACC","defensive","SACKS","0"
"2025","4879270","Kody Huisman","DL","Virginia Tech","ACC","defensive","SOLO","12"
"2025","4879270","Kody Huisman","DL","Virginia Tech","ACC","defensive","TD","0"
"2025","4879270","Kody Huisman","DL","Virginia Tech","ACC","defensive","TFL","1.5"
"2025","4879270","Kody Huisman","DL","Virginia Tech","ACC","defensive","TOT","39"
"2025","4879499","Tony Johnson","WR","Miami","ACC","defensive","PD","0"
"2025","4879499","Tony Johnson","WR","Miami","ACC","defensive","QB HUR","0"
"2025","4879499","Tony Johnson","WR","Miami","ACC","defensive","SACKS","0"
"2025","4879499","Tony Johnson","WR","Miami","ACC","defensive","SOLO","1"
"2025","4879499","Tony Johnson","WR","Miami","ACC","defensive","TD","0"
"2025","4879499","Tony Johnson","WR","Miami","ACC","defensive","TFL","0"
"2025","4879499","Tony Johnson","WR","Miami","ACC","defensive","TOT","1"
"2025","4879499","Tony Johnson","WR","Miami","ACC","receiving","LONG","51"
"2025","4879499","Tony Johnson","WR","Miami","ACC","receiving","REC","7"
"2025","4879499","Tony Johnson","WR","Miami","ACC","receiving","TD","0"
"2025","4879499","Tony Johnson","WR","Miami","ACC","receiving","YDS","162"
"2025","4879499","Tony Johnson","WR","Miami","ACC","receiving","YPR","23.1"
"2025","4879997","Curtis Cooper","LS","Duke","ACC","defensive","PD","0"
"2025","4879997","Curtis Cooper","LS","Duke","ACC","defensive","QB HUR","0"
"2025","4879997","Curtis Cooper","LS","Duke","ACC","defensive","SACKS","0"
"2025","4879997","Curtis Cooper","LS","Duke","ACC","defensive","SOLO","0"
"2025","4879997","Curtis Cooper","LS","Duke","ACC","defensive","TD","0"
"2025","4879997","Curtis Cooper","LS","Duke","ACC","defensive","TFL","0"
"2025","4879997","Curtis Cooper","LS","Duke","ACC","defensive","TOT","2"
"2025","4880083","Shai Kochav","LS","Louisville","ACC","defensive","PD","0"
"2025","4880083","Shai Kochav","LS","Louisville","ACC","defensive","QB HUR","0"
"2025","4880083","Shai Kochav","LS","Louisville","ACC","defensive","SACKS","0"
"2025","4880083","Shai Kochav","LS","Louisville","ACC","defensive","SOLO","2"
"2025","4880083","Shai Kochav","LS","Louisville","ACC","defensive","TD","0"
"2025","4880083","Shai Kochav","LS","Louisville","ACC","defensive","TFL","0"
"2025","4880083","Shai Kochav","LS","Louisville","ACC","defensive","TOT","2"
"2025","4880227","Nick Lapi","LB","Pittsburgh","ACC","defensive","PD","0"
"2025","4880227","Nick Lapi","LB","Pittsburgh","ACC","defensive","QB HUR","0"
"2025","4880227","Nick Lapi","LB","Pittsburgh","ACC","defensive","SACKS","1"
"2025","4880227","Nick Lapi","LB","Pittsburgh","ACC","defensive","SOLO","11"
"2025","4880227","Nick Lapi","LB","Pittsburgh","ACC","defensive","TD","0"
"2025","4880227","Nick Lapi","LB","Pittsburgh","ACC","defensive","TFL","3.0"
"2025","4880227","Nick Lapi","LB","Pittsburgh","ACC","defensive","TOT","16"
"2025","4880229","Caleb Junko","P","Pittsburgh","ACC","fumbles","FUM","1"
"2025","4880229","Caleb Junko","P","Pittsburgh","ACC","fumbles","LOST","1"
"2025","4880229","Caleb Junko","P","Pittsburgh","ACC","fumbles","REC","0"
"2025","4880229","Caleb Junko","P","Pittsburgh","ACC","punting","In 20","9"
"2025","4880229","Caleb Junko","P","Pittsburgh","ACC","punting","LONG","60"
"2025","4880229","Caleb Junko","P","Pittsburgh","ACC","punting","NO","51"
"2025","4880229","Caleb Junko","P","Pittsburgh","ACC","punting","TB","5"
"2025","4880229","Caleb Junko","P","Pittsburgh","ACC","punting","YDS","2253"
"2025","4880229","Caleb Junko","P","Pittsburgh","ACC","punting","YPP","44.2"
"2025","4880229","Caleb Junko","P","Pittsburgh","ACC","rushing","CAR","1"
"2025","4880229","Caleb Junko","P","Pittsburgh","ACC","rushing","LONG","0"
"2025","4880229","Caleb Junko","P","Pittsburgh","ACC","rushing","TD","0"
"2025","4880229","Caleb Junko","P","Pittsburgh","ACC","rushing","YDS","-6"
"2025","4880229","Caleb Junko","P","Pittsburgh","ACC","rushing","YPC","-6.0"
"2025","4880273","Kyle Louis","LB","Pittsburgh","ACC","defensive","PD","3"
"2025","4880273","Kyle Louis","LB","Pittsburgh","ACC","defensive","QB HUR","3"
"2025","4880273","Kyle Louis","LB","Pittsburgh","ACC","defensive","SACKS","3"
"2025","4880273","Kyle Louis","LB","Pittsburgh","ACC","defensive","SOLO","43"
"2025","4880273","Kyle Louis","LB","Pittsburgh","ACC","defensive","TD","0"
"2025","4880273","Kyle Louis","LB","Pittsburgh","ACC","defensive","TFL","8.0"
"2025","4880273","Kyle Louis","LB","Pittsburgh","ACC","defensive","TOT","79"
"2025","4880273","Kyle Louis","LB","Pittsburgh","ACC","fumbles","FUM","0"
"2025","4880273","Kyle Louis","LB","Pittsburgh","ACC","fumbles","LOST","0"
"2025","4880273","Kyle Louis","LB","Pittsburgh","ACC","fumbles","REC","2"
"2025","4880273","Kyle Louis","LB","Pittsburgh","ACC","interceptions","AVG","10.5"
"2025","4880273","Kyle Louis","LB","Pittsburgh","ACC","interceptions","INT","2"
"2025","4880273","Kyle Louis","LB","Pittsburgh","ACC","interceptions","TD","0"
"2025","4880273","Kyle Louis","LB","Pittsburgh","ACC","interceptions","YDS","21"
"2025","4880279","P.J. Prioleau","RB","Virginia Tech","ACC","kickReturns","AVG","19.9"
"2025","4880279","P.J. Prioleau","RB","Virginia Tech","ACC","kickReturns","LONG","32"
"2025","4880279","P.J. Prioleau","RB","Virginia Tech","ACC","kickReturns","NO","17"
"2025","4880279","P.J. Prioleau","RB","Virginia Tech","ACC","kickReturns","TD","0"
"2025","4880279","P.J. Prioleau","RB","Virginia Tech","ACC","kickReturns","YDS","339"
"2025","4880279","P.J. Prioleau","RB","Virginia Tech","ACC","puntReturns","AVG","24.0"
"2025","4880279","P.J. Prioleau","RB","Virginia Tech","ACC","puntReturns","LONG","24"
"2025","4880279","P.J. Prioleau","RB","Virginia Tech","ACC","puntReturns","NO","1"
"2025","4880279","P.J. Prioleau","RB","Virginia Tech","ACC","puntReturns","TD","0"
"2025","4880279","P.J. Prioleau","RB","Virginia Tech","ACC","puntReturns","YDS","24"
"2025","4880279","P.J. Prioleau","RB","Virginia Tech","ACC","receiving","LONG","24"
"2025","4880279","P.J. Prioleau","RB","Virginia Tech","ACC","receiving","REC","13"
"2025","4880279","P.J. Prioleau","RB","Virginia Tech","ACC","receiving","TD","0"
"2025","4880279","P.J. Prioleau","RB","Virginia Tech","ACC","receiving","YDS","90"
"2025","4880279","P.J. Prioleau","RB","Virginia Tech","ACC","receiving","YPR","6.9"
"2025","4880279","P.J. Prioleau","RB","Virginia Tech","ACC","rushing","CAR","13"
"2025","4880279","P.J. Prioleau","RB","Virginia Tech","ACC","rushing","LONG","16"
"2025","4880279","P.J. Prioleau","RB","Virginia Tech","ACC","rushing","TD","0"
"2025","4880279","P.J. Prioleau","RB","Virginia Tech","ACC","rushing","YDS","59"
"2025","4880279","P.J. Prioleau","RB","Virginia Tech","ACC","rushing","YPC","4.5"
"2025","4880287","Nick Veltsistas","P","Virginia Tech","ACC","punting","In 20","16"
"2025","4880287","Nick Veltsistas","P","Virginia Tech","ACC","punting","LONG","68"
"2025","4880287","Nick Veltsistas","P","Virginia Tech","ACC","punting","NO","47"
"2025","4880287","Nick Veltsistas","P","Virginia Tech","ACC","punting","TB","4"
"2025","4880287","Nick Veltsistas","P","Virginia Tech","ACC","punting","YDS","2133"
"2025","4880287","Nick Veltsistas","P","Virginia Tech","ACC","punting","YPP","45.4"
"2025","4880347","Bert Auburn","PK","Miami","ACC","kicking","FGA","1"
"2025","4880347","Bert Auburn","PK","Miami","ACC","kicking","FGM","1"
"2025","4880347","Bert Auburn","PK","Miami","ACC","kicking","LONG","31"
"2025","4880347","Bert Auburn","PK","Miami","ACC","kicking","PCT","1.000"
"2025","4880347","Bert Auburn","PK","Miami","ACC","kicking","PTS","11"
"2025","4880347","Bert Auburn","PK","Miami","ACC","kicking","XPA","8"
"2025","4880347","Bert Auburn","PK","Miami","ACC","kicking","XPM","8"
"2025","4880893","John Love","PK","Virginia Tech","ACC","kicking","FGA","20"
"2025","4880893","John Love","PK","Virginia Tech","ACC","kicking","FGM","15"
"2025","4880893","John Love","PK","Virginia Tech","ACC","kicking","LONG","56"
"2025","4880893","John Love","PK","Virginia Tech","ACC","kicking","PCT","0.750"
"2025","4880893","John Love","PK","Virginia Tech","ACC","kicking","PTS","70"
"2025","4880893","John Love","PK","Virginia Tech","ACC","kicking","XPA","25"
"2025","4880893","John Love","PK","Virginia Tech","ACC","kicking","XPM","25"
"2025","4882122","Sterling Berkhalter","WR","Wake Forest","ACC","defensive","PD","0"
"2025","4882122","Sterling Berkhalter","WR","Wake Forest","ACC","defensive","QB HUR","0"
"2025","4882122","Sterling Berkhalter","WR","Wake Forest","ACC","defensive","SACKS","0"
"2025","4882122","Sterling Berkhalter","WR","Wake Forest","ACC","defensive","SOLO","1"
"2025","4882122","Sterling Berkhalter","WR","Wake Forest","ACC","defensive","TD","0"
"2025","4882122","Sterling Berkhalter","WR","Wake Forest","ACC","defensive","TFL","0"
"2025","4882122","Sterling Berkhalter","WR","Wake Forest","ACC","defensive","TOT","1"
"2025","4882122","Sterling Berkhalter","WR","Wake Forest","ACC","receiving","LONG","51"
"2025","4882122","Sterling Berkhalter","WR","Wake Forest","ACC","receiving","REC","30"
"2025","4882122","Sterling Berkhalter","WR","Wake Forest","ACC","receiving","TD","2"
"2025","4882122","Sterling Berkhalter","WR","Wake Forest","ACC","receiving","YDS","416"
"2025","4882122","Sterling Berkhalter","WR","Wake Forest","ACC","receiving","YPR","13.9"
"2025","4883102","Shamus Florio","PK","Boston College","ACC","punting","In 20","14"
"2025","4883102","Shamus Florio","PK","Boston College","ACC","punting","LONG","63"
"2025","4883102","Shamus Florio","PK","Boston College","ACC","punting","NO","49"
"2025","4883102","Shamus Florio","PK","Boston College","ACC","punting","TB","1"
"2025","4883102","Shamus Florio","PK","Boston College","ACC","punting","YDS","1943"
"2025","4883102","Shamus Florio","PK","Boston College","ACC","punting","YPP","39.7"
"2025","4883114","Ben Mann","LS","Boston College","ACC","defensive","PD","0"
"2025","4883114","Ben Mann","LS","Boston College","ACC","defensive","QB HUR","0"
"2025","4883114","Ben Mann","LS","Boston College","ACC","defensive","SACKS","0"
"2025","4883114","Ben Mann","LS","Boston College","ACC","defensive","SOLO","1"
"2025","4883114","Ben Mann","LS","Boston College","ACC","defensive","TD","0"
"2025","4883114","Ben Mann","LS","Boston College","ACC","defensive","TFL","0"
"2025","4883114","Ben Mann","LS","Boston College","ACC","defensive","TOT","3"
"2025","4888723","Wesley Grimes","WR","NC State","ACC","defensive","PD","0"
"2025","4888723","Wesley Grimes","WR","NC State","ACC","defensive","QB HUR","0"
"2025","4888723","Wesley Grimes","WR","NC State","ACC","defensive","SACKS","0"
"2025","4888723","Wesley Grimes","WR","NC State","ACC","defensive","SOLO","2"
"2025","4888723","Wesley Grimes","WR","NC State","ACC","defensive","TD","0"
"2025","4888723","Wesley Grimes","WR","NC State","ACC","defensive","TFL","0"
"2025","4888723","Wesley Grimes","WR","NC State","ACC","defensive","TOT","2"
"2025","4888723","Wesley Grimes","WR","NC State","ACC","fumbles","FUM","1"
"2025","4888723","Wesley Grimes","WR","NC State","ACC","fumbles","LOST","0"
"2025","4888723","Wesley Grimes","WR","NC State","ACC","fumbles","REC","0"
"2025","4888723","Wesley Grimes","WR","NC State","ACC","receiving","LONG","48"
"2025","4888723","Wesley Grimes","WR","NC State","ACC","receiving","REC","31"
"2025","4888723","Wesley Grimes","WR","NC State","ACC","receiving","TD","3"
"2025","4888723","Wesley Grimes","WR","NC State","ACC","receiving","YDS","458"
"2025","4888723","Wesley Grimes","WR","NC State","ACC","receiving","YPR","14.8"
"2025","4888723","Wesley Grimes","WR","NC State","ACC","rushing","CAR","1"
"2025","4888723","Wesley Grimes","WR","NC State","ACC","rushing","LONG","0"
"2025","4888723","Wesley Grimes","WR","NC State","ACC","rushing","TD","0"
"2025","4888723","Wesley Grimes","WR","NC State","ACC","rushing","YDS","-3"
"2025","4888723","Wesley Grimes","WR","NC State","ACC","rushing","YPC","-3.0"
"2025","4890180","Philip Florenzo","LS","Clemson","ACC","defensive","PD","0"
"2025","4890180","Philip Florenzo","LS","Clemson","ACC","defensive","QB HUR","0"
"2025","4890180","Philip Florenzo","LS","Clemson","ACC","defensive","SACKS","0"
"2025","4890180","Philip Florenzo","LS","Clemson","ACC","defensive","SOLO","2"
"2025","4890180","Philip Florenzo","LS","Clemson","ACC","defensive","TD","0"
"2025","4890180","Philip Florenzo","LS","Clemson","ACC","defensive","TFL","0"
"2025","4890180","Philip Florenzo","LS","Clemson","ACC","defensive","TOT","2"
"2025","4890322","Zae Smith","DL","California","ACC","defensive","PD","0"
"2025","4890322","Zae Smith","DL","California","ACC","defensive","QB HUR","2"
"2025","4890322","Zae Smith","DL","California","ACC","defensive","SACKS","0"
"2025","4890322","Zae Smith","DL","California","ACC","defensive","SOLO","2"
"2025","4890322","Zae Smith","DL","California","ACC","defensive","TD","0"
"2025","4890322","Zae Smith","DL","California","ACC","defensive","TFL","1"
"2025","4890322","Zae Smith","DL","California","ACC","defensive","TOT","5"
"2025","4891194","Palaie Faoa","LB","Boston College","ACC","defensive","PD","0"
"2025","4891194","Palaie Faoa","LB","Boston College","ACC","defensive","QB HUR","0"
"2025","4891194","Palaie Faoa","LB","Boston College","ACC","defensive","SACKS","0"
"2025","4891194","Palaie Faoa","LB","Boston College","ACC","defensive","SOLO","3"
"2025","4891194","Palaie Faoa","LB","Boston College","ACC","defensive","TD","0"
"2025","4891194","Palaie Faoa","LB","Boston College","ACC","defensive","TFL","0"
"2025","4891194","Palaie Faoa","LB","Boston College","ACC","defensive","TOT","3"
"2025","4893815","JaMario Clements","RB","Wake Forest","ACC","receiving","LONG","7"
"2025","4893815","JaMario Clements","RB","Wake Forest","ACC","receiving","REC","2"
"2025","4893815","JaMario Clements","RB","Wake Forest","ACC","receiving","TD","0"
"2025","4893815","JaMario Clements","RB","Wake Forest","ACC","receiving","YDS","7"
"2025","4893815","JaMario Clements","RB","Wake Forest","ACC","receiving","YPR","3.5"
"2025","4893815","JaMario Clements","RB","Wake Forest","ACC","rushing","CAR","22"
"2025","4893815","JaMario Clements","RB","Wake Forest","ACC","rushing","LONG","9"
"2025","4893815","JaMario Clements","RB","Wake Forest","ACC","rushing","TD","0"
"2025","4893815","JaMario Clements","RB","Wake Forest","ACC","rushing","YDS","63"
"2025","4893815","JaMario Clements","RB","Wake Forest","ACC","rushing","YPC","2.9"
"2025","4896021","Chris Victor","LB","California","ACC","defensive","PD","0"
"2025","4896021","Chris Victor","LB","California","ACC","defensive","QB HUR","4"
"2025","4896021","Chris Victor","LB","California","ACC","defensive","SACKS","3"
"2025","4896021","Chris Victor","LB","California","ACC","defensive","SOLO","10"
"2025","4896021","Chris Victor","LB","California","ACC","defensive","TD","0"
"2025","4896021","Chris Victor","LB","California","ACC","defensive","TFL","5"
"2025","4896021","Chris Victor","LB","California","ACC","defensive","TOT","24"
"2025","4897443","Harrison Taggart","LB","California","ACC","defensive","PD","1"
"2025","4897443","Harrison Taggart","LB","California","ACC","defensive","QB HUR","1"
"2025","4897443","Harrison Taggart","LB","California","ACC","defensive","SACKS","0"
"2025","4897443","Harrison Taggart","LB","California","ACC","defensive","SOLO","14"
"2025","4897443","Harrison Taggart","LB","California","ACC","defensive","TD","0"
"2025","4897443","Harrison Taggart","LB","California","ACC","defensive","TFL","2"
"2025","4897443","Harrison Taggart","LB","California","ACC","defensive","TOT","38"
"2025","4898018","Josh Sapp","TE","Clemson","ACC","defensive","PD","0"
"2025","4898018","Josh Sapp","TE","Clemson","ACC","defensive","QB HUR","0"
"2025","4898018","Josh Sapp","TE","Clemson","ACC","defensive","SACKS","0"
"2025","4898018","Josh Sapp","TE","Clemson","ACC","defensive","SOLO","1"
"2025","4898018","Josh Sapp","TE","Clemson","ACC","defensive","TD","0"
"2025","4898018","Josh Sapp","TE","Clemson","ACC","defensive","TFL","0"
"2025","4898018","Josh Sapp","TE","Clemson","ACC","defensive","TOT","1"
"2025","4898018","Josh Sapp","TE","Clemson","ACC","receiving","LONG","32"
"2025","4898018","Josh Sapp","TE","Clemson","ACC","receiving","REC","11"
"2025","4898018","Josh Sapp","TE","Clemson","ACC","receiving","TD","0"
"2025","4898018","Josh Sapp","TE","Clemson","ACC","receiving","YDS","150"
"2025","4898018","Josh Sapp","TE","Clemson","ACC","receiving","YPR","13.6"
"2025","4899347","Stephiylan Green","DT","Clemson","ACC","defensive","PD","1"
"2025","4899347","Stephiylan Green","DT","Clemson","ACC","defensive","QB HUR","1"
"2025","4899347","Stephiylan Green","DT","Clemson","ACC","defensive","SACKS","2.5"
"2025","4899347","Stephiylan Green","DT","Clemson","ACC","defensive","SOLO","6"
"2025","4899347","Stephiylan Green","DT","Clemson","ACC","defensive","TD","0"
"2025","4899347","Stephiylan Green","DT","Clemson","ACC","defensive","TFL","2.5"
"2025","4899347","Stephiylan Green","DT","Clemson","ACC","defensive","TOT","18"
"2025","4899348","K.J. Kirkland","DB","Florida State","ACC","defensive","PD","0"
"2025","4899348","K.J. Kirkland","DB","Florida State","ACC","defensive","QB HUR","1"
"2025","4899348","K.J. Kirkland","DB","Florida State","ACC","defensive","SACKS","1"
"2025","4899348","K.J. Kirkland","DB","Florida State","ACC","defensive","SOLO","10"
"2025","4899348","K.J. Kirkland","DB","Florida State","ACC","defensive","TD","0"
"2025","4899348","K.J. Kirkland","DB","Florida State","ACC","defensive","TFL","3.0"
"2025","4899348","K.J. Kirkland","DB","Florida State","ACC","defensive","TOT","31"
"2025","4899348","K.J. Kirkland","DB","Florida State","ACC","fumbles","FUM","1"
"2025","4899348","K.J. Kirkland","DB","Florida State","ACC","fumbles","LOST","1"
"2025","4899348","K.J. Kirkland","DB","Florida State","ACC","fumbles","REC","0"
"2025","4899348","K.J. Kirkland","DB","Florida State","ACC","puntReturns","AVG","25.0"
"2025","4899348","K.J. Kirkland","DB","Florida State","ACC","puntReturns","LONG","25"
"2025","4899348","K.J. Kirkland","DB","Florida State","ACC","puntReturns","NO","1"
"2025","4899348","K.J. Kirkland","DB","Florida State","ACC","puntReturns","TD","0"
"2025","4899348","K.J. Kirkland","DB","Florida State","ACC","puntReturns","YDS","25"
"2025","4899368","Kendrick Raphael","RB","California","ACC","fumbles","FUM","3"
"2025","4899368","Kendrick Raphael","RB","California","ACC","fumbles","LOST","2"
"2025","4899368","Kendrick Raphael","RB","California","ACC","fumbles","REC","0"
"2025","4899368","Kendrick Raphael","RB","California","ACC","receiving","LONG","42"
"2025","4899368","Kendrick Raphael","RB","California","ACC","receiving","REC","34"
"2025","4899368","Kendrick Raphael","RB","California","ACC","receiving","TD","1"
"2025","4899368","Kendrick Raphael","RB","California","ACC","receiving","YDS","245"
"2025","4899368","Kendrick Raphael","RB","California","ACC","receiving","YPR","7.2"
"2025","4899368","Kendrick Raphael","RB","California","ACC","rushing","CAR","233"
"2025","4899368","Kendrick Raphael","RB","California","ACC","rushing","LONG","33"
"2025","4899368","Kendrick Raphael","RB","California","ACC","rushing","TD","13"
"2025","4899368","Kendrick Raphael","RB","California","ACC","rushing","YDS","952"
"2025","4899368","Kendrick Raphael","RB","California","ACC","rushing","YPC","4.1"
"2025","4899369","Christopher Vizzina","QB","Clemson","ACC","fumbles","FUM","2"
"2025","4899369","Christopher Vizzina","QB","Clemson","ACC","fumbles","LOST","1"
"2025","4899369","Christopher Vizzina","QB","Clemson","ACC","fumbles","REC","0"
"2025","4899369","Christopher Vizzina","QB","Clemson","ACC","passing","ATT","71"
"2025","4899369","Christopher Vizzina","QB","Clemson","ACC","passing","COMPLETIONS","45"
"2025","4899369","Christopher Vizzina","QB","Clemson","ACC","passing","INT","1"
"2025","4899369","Christopher Vizzina","QB","Clemson","ACC","passing","PCT","0.634"
"2025","4899369","Christopher Vizzina","QB","Clemson","ACC","passing","TD","4"
"2025","4899369","Christopher Vizzina","QB","Clemson","ACC","passing","YDS","406"
"2025","4899369","Christopher Vizzina","QB","Clemson","ACC","passing","YPA","5.7"
"2025","4899369","Christopher Vizzina","QB","Clemson","ACC","rushing","CAR","25"
"2025","4899369","Christopher Vizzina","QB","Clemson","ACC","rushing","LONG","15"
"2025","4899369","Christopher Vizzina","QB","Clemson","ACC","rushing","TD","0"
"2025","4899369","Christopher Vizzina","QB","Clemson","ACC","rushing","YDS","41"
"2025","4899369","Christopher Vizzina","QB","Clemson","ACC","rushing","YPC","1.6"
"2025","4899472","Chris Culliver","WR","North Carolina","ACC","kickReturns","AVG","20.4"
"2025","4899472","Chris Culliver","WR","North Carolina","ACC","kickReturns","LONG","23"
"2025","4899472","Chris Culliver","WR","North Carolina","ACC","kickReturns","NO","5"
"2025","4899472","Chris Culliver","WR","North Carolina","ACC","kickReturns","TD","0"
"2025","4899472","Chris Culliver","WR","North Carolina","ACC","kickReturns","YDS","102"
"2025","4899472","Chris Culliver","WR","North Carolina","ACC","receiving","LONG","51"
"2025","4899472","Chris Culliver","WR","North Carolina","ACC","receiving","REC","5"
"2025","4899472","Chris Culliver","WR","North Carolina","ACC","receiving","TD","1"
"2025","4899472","Chris Culliver","WR","North Carolina","ACC","receiving","YDS","100"
"2025","4899472","Chris Culliver","WR","North Carolina","ACC","receiving","YPR","20.0"
"2025","4899477","Adonijah Green","DL","Louisville","ACC","defensive","PD","0"
"2025","4899477","Adonijah Green","DL","Louisville","ACC","defensive","QB HUR","4"
"2025","4899477","Adonijah Green","DL","Louisville","ACC","defensive","SACKS","4"
"2025","4899477","Adonijah Green","DL","Louisville","ACC","defensive","SOLO","11"
"2025","4899477","Adonijah Green","DL","Louisville","ACC","defensive","TD","1"
"2025","4899477","Adonijah Green","DL","Louisville","ACC","defensive","TFL","6"
"2025","4899477","Adonijah Green","DL","Louisville","ACC","defensive","TOT","31"
"2025","4899477","Adonijah Green","DL","Louisville","ACC","fumbles","FUM","0"
"2025","4899477","Adonijah Green","DL","Louisville","ACC","fumbles","LOST","0"
"2025","4899477","Adonijah Green","DL","Louisville","ACC","fumbles","REC","1"
"2025","4899477","Adonijah Green","DL","Louisville","ACC","puntReturns","AVG","14.0"
"2025","4899477","Adonijah Green","DL","Louisville","ACC","puntReturns","LONG","14"
"2025","4899477","Adonijah Green","DL","Louisville","ACC","puntReturns","NO","1"
"2025","4899477","Adonijah Green","DL","Louisville","ACC","puntReturns","TD","0"
"2025","4899477","Adonijah Green","DL","Louisville","ACC","puntReturns","YDS","14"
"2025","4899480","Blake Nichelson","LB","Florida State","ACC","defensive","PD","1"
"2025","4899480","Blake Nichelson","LB","Florida State","ACC","defensive","QB HUR","1"
"2025","4899480","Blake Nichelson","LB","Florida State","ACC","defensive","SACKS","1"
"2025","4899480","Blake Nichelson","LB","Florida State","ACC","defensive","SOLO","24"
"2025","4899480","Blake Nichelson","LB","Florida State","ACC","defensive","TD","0"
"2025","4899480","Blake Nichelson","LB","Florida State","ACC","defensive","TFL","6.5"
"2025","4899480","Blake Nichelson","LB","Florida State","ACC","defensive","TOT","43"
"2025","4899480","Blake Nichelson","LB","Florida State","ACC","fumbles","FUM","0"
"2025","4899480","Blake Nichelson","LB","Florida State","ACC","fumbles","LOST","0"
"2025","4899480","Blake Nichelson","LB","Florida State","ACC","fumbles","REC","1"
"2025","4899704","Jordan King","WR","California","ACC","receiving","LONG","38"
"2025","4899704","Jordan King","WR","California","ACC","receiving","REC","22"
"2025","4899704","Jordan King","WR","California","ACC","receiving","TD","2"
"2025","4899704","Jordan King","WR","California","ACC","receiving","YDS","267"
"2025","4899704","Jordan King","WR","California","ACC","receiving","YPR","12.1"
"2025","4900374","Isaiah Hastings","DL","Syracuse","ACC","defensive","PD","0"
"2025","4900374","Isaiah Hastings","DL","Syracuse","ACC","defensive","QB HUR","0"
"2025","4900374","Isaiah Hastings","DL","Syracuse","ACC","defensive","SACKS","0"
"2025","4900374","Isaiah Hastings","DL","Syracuse","ACC","defensive","SOLO","5"
"2025","4900374","Isaiah Hastings","DL","Syracuse","ACC","defensive","TD","0"
"2025","4900374","Isaiah Hastings","DL","Syracuse","ACC","defensive","TFL","1"
"2025","4900374","Isaiah Hastings","DL","Syracuse","ACC","defensive","TOT","7"
"2025","4900789","Cam Robertson","DE","SMU","ACC","defensive","PD","3"
"2025","4900789","Cam Robertson","DE","SMU","ACC","defensive","QB HUR","4"
"2025","4900789","Cam Robertson","DE","SMU","ACC","defensive","SACKS","5.0"
"2025","4900789","Cam Robertson","DE","SMU","ACC","defensive","SOLO","27"
"2025","4900789","Cam Robertson","DE","SMU","ACC","defensive","TD","0"
"2025","4900789","Cam Robertson","DE","SMU","ACC","defensive","TFL","10.0"
"2025","4900789","Cam Robertson","DE","SMU","ACC","defensive","TOT","52"
"2025","4900789","Cam Robertson","DE","SMU","ACC","fumbles","FUM","0"
"2025","4900789","Cam Robertson","DE","SMU","ACC","fumbles","LOST","0"
"2025","4900789","Cam Robertson","DE","SMU","ACC","fumbles","REC","1"
"2025","4900905","Jalil Martin","DB","Syracuse","ACC","defensive","PD","0"
"2025","4900905","Jalil Martin","DB","Syracuse","ACC","defensive","QB HUR","0"
"2025","4900905","Jalil Martin","DB","Syracuse","ACC","defensive","SACKS","0"
"2025","4900905","Jalil Martin","DB","Syracuse","ACC","defensive","SOLO","3"
"2025","4900905","Jalil Martin","DB","Syracuse","ACC","defensive","TD","0"
"2025","4900905","Jalil Martin","DB","Syracuse","ACC","defensive","TFL","0"
"2025","4900905","Jalil Martin","DB","Syracuse","ACC","defensive","TOT","6"
"2025","4901423","Terrell Jones","DL","Virginia","ACC","defensive","PD","0"
"2025","4901423","Terrell Jones","DL","Virginia","ACC","defensive","QB HUR","1"
"2025","4901423","Terrell Jones","DL","Virginia","ACC","defensive","SACKS","0"
"2025","4901423","Terrell Jones","DL","Virginia","ACC","defensive","SOLO","0"
"2025","4901423","Terrell Jones","DL","Virginia","ACC","defensive","TD","0"
"2025","4901423","Terrell Jones","DL","Virginia","ACC","defensive","TFL","0"
"2025","4901423","Terrell Jones","DL","Virginia","ACC","defensive","TOT","4"
"2025","4905601","Gavin Gibson","DB","North Carolina","ACC","defensive","PD","3"
"2025","4905601","Gavin Gibson","DB","North Carolina","ACC","defensive","QB HUR","1"
"2025","4905601","Gavin Gibson","DB","North Carolina","ACC","defensive","SACKS","0"
"2025","4905601","Gavin Gibson","DB","North Carolina","ACC","defensive","SOLO","25"
"2025","4905601","Gavin Gibson","DB","North Carolina","ACC","defensive","TD","0"
"2025","4905601","Gavin Gibson","DB","North Carolina","ACC","defensive","TFL","3"
"2025","4905601","Gavin Gibson","DB","North Carolina","ACC","defensive","TOT","37"
"2025","4905601","Gavin Gibson","DB","North Carolina","ACC","fumbles","FUM","0"
"2025","4905601","Gavin Gibson","DB","North Carolina","ACC","fumbles","LOST","0"
"2025","4905601","Gavin Gibson","DB","North Carolina","ACC","fumbles","REC","1"
"2025","4910229","Michael Crounse","OL","Boston College","ACC","defensive","PD","0"
"2025","4910229","Michael Crounse","OL","Boston College","ACC","defensive","QB HUR","0"
"2025","4910229","Michael Crounse","OL","Boston College","ACC","defensive","SACKS","0"
"2025","4910229","Michael Crounse","OL","Boston College","ACC","defensive","SOLO","1"
"2025","4910229","Michael Crounse","OL","Boston College","ACC","defensive","TD","0"
"2025","4910229","Michael Crounse","OL","Boston College","ACC","defensive","TFL","0"
"2025","4910229","Michael Crounse","OL","Boston College","ACC","defensive","TOT","1"
"2025","4910239","Justus Ross-Simmons","WR","Syracuse","ACC","receiving","LONG","53"
"2025","4910239","Justus Ross-Simmons","WR","Syracuse","ACC","receiving","REC","20"
"2025","4910239","Justus Ross-Simmons","WR","Syracuse","ACC","receiving","TD","5"
"2025","4910239","Justus Ross-Simmons","WR","Syracuse","ACC","receiving","YDS","312"
"2025","4910239","Justus Ross-Simmons","WR","Syracuse","ACC","receiving","YPR","15.6"
"2025","4910711","Justin Holmes","TE","Pittsburgh","ACC","fumbles","FUM","2"
"2025","4910711","Justin Holmes","TE","Pittsburgh","ACC","fumbles","LOST","0"
"2025","4910711","Justin Holmes","TE","Pittsburgh","ACC","fumbles","REC","0"
"2025","4910711","Justin Holmes","TE","Pittsburgh","ACC","receiving","LONG","23"
"2025","4910711","Justin Holmes","TE","Pittsburgh","ACC","receiving","REC","28"
"2025","4910711","Justin Holmes","TE","Pittsburgh","ACC","receiving","TD","4"
"2025","4910711","Justin Holmes","TE","Pittsburgh","ACC","receiving","YDS","301"
"2025","4910711","Justin Holmes","TE","Pittsburgh","ACC","receiving","YPR","10.8"
"2025","4911300","Bryce Robinson","LS","Virginia","ACC","defensive","PD","0"
"2025","4911300","Bryce Robinson","LS","Virginia","ACC","defensive","QB HUR","0"
"2025","4911300","Bryce Robinson","LS","Virginia","ACC","defensive","SACKS","0"
"2025","4911300","Bryce Robinson","LS","Virginia","ACC","defensive","SOLO","2"
"2025","4911300","Bryce Robinson","LS","Virginia","ACC","defensive","TD","0"
"2025","4911300","Bryce Robinson","LS","Virginia","ACC","defensive","TFL","0"
"2025","4911300","Bryce Robinson","LS","Virginia","ACC","defensive","TOT","2"
"2025","4912052","Justin Joly","TE","NC State","ACC","defensive","PD","0"
"2025","4912052","Justin Joly","TE","NC State","ACC","defensive","QB HUR","0"
"2025","4912052","Justin Joly","TE","NC State","ACC","defensive","SACKS","0"
"2025","4912052","Justin Joly","TE","NC State","ACC","defensive","SOLO","2"
"2025","4912052","Justin Joly","TE","NC State","ACC","defensive","TD","0"
"2025","4912052","Justin Joly","TE","NC State","ACC","defensive","TFL","0"
"2025","4912052","Justin Joly","TE","NC State","ACC","defensive","TOT","2"
"2025","4912052","Justin Joly","TE","NC State","ACC","receiving","LONG","59"
"2025","4912052","Justin Joly","TE","NC State","ACC","receiving","REC","49"
"2025","4912052","Justin Joly","TE","NC State","ACC","receiving","TD","7"
"2025","4912052","Justin Joly","TE","NC State","ACC","receiving","YDS","489"
"2025","4912052","Justin Joly","TE","NC State","ACC","receiving","YPR","10.0"
"2025","4912130","Trell Harris","WR","Virginia","ACC","receiving","LONG","75"
"2025","4912130","Trell Harris","WR","Virginia","ACC","receiving","REC","59"
"2025","4912130","Trell Harris","WR","Virginia","ACC","receiving","TD","5"
"2025","4912130","Trell Harris","WR","Virginia","ACC","receiving","YDS","847"
"2025","4912130","Trell Harris","WR","Virginia","ACC","receiving","YPR","14.4"
"2025","4912224","Fisher Camac","DE","Virginia","ACC","defensive","PD","4"
"2025","4912224","Fisher Camac","DE","Virginia","ACC","defensive","QB HUR","2"
"2025","4912224","Fisher Camac","DE","Virginia","ACC","defensive","SACKS","3.5"
"2025","4912224","Fisher Camac","DE","Virginia","ACC","defensive","SOLO","21"
"2025","4912224","Fisher Camac","DE","Virginia","ACC","defensive","TD","0"
"2025","4912224","Fisher Camac","DE","Virginia","ACC","defensive","TFL","5.5"
"2025","4912224","Fisher Camac","DE","Virginia","ACC","defensive","TOT","44"
"2025","4912224","Fisher Camac","DE","Virginia","ACC","fumbles","FUM","0"
"2025","4912224","Fisher Camac","DE","Virginia","ACC","fumbles","LOST","0"
"2025","4912224","Fisher Camac","DE","Virginia","ACC","fumbles","REC","1"
"2025","4912334","David Chapeau","PK","Louisville","ACC","punting","In 20","15"
"2025","4912334","David Chapeau","PK","Louisville","ACC","punting","LONG","62"
"2025","4912334","David Chapeau","PK","Louisville","ACC","punting","NO","42"
"2025","4912334","David Chapeau","PK","Louisville","ACC","punting","TB","3"
"2025","4912334","David Chapeau","PK","Louisville","ACC","punting","YDS","1673"
"2025","4912334","David Chapeau","PK","Louisville","ACC","punting","YPP","39.8"
"2025","4912334","David Chapeau","PK","Louisville","ACC","rushing","CAR","1"
"2025","4912334","David Chapeau","PK","Louisville","ACC","rushing","LONG","3"
"2025","4912334","David Chapeau","PK","Louisville","ACC","rushing","TD","0"
"2025","4912334","David Chapeau","PK","Louisville","ACC","rushing","YDS","3"
"2025","4912334","David Chapeau","PK","Louisville","ACC","rushing","YPC","3.0"
"2025","4914482","Charlie Mirer","QB","Stanford","ACC","passing","ATT","3"
"2025","4914482","Charlie Mirer","QB","Stanford","ACC","passing","COMPLETIONS","2"
"2025","4914482","Charlie Mirer","QB","Stanford","ACC","passing","INT","0"
"2025","4914482","Charlie Mirer","QB","Stanford","ACC","passing","PCT","0.667"
"2025","4914482","Charlie Mirer","QB","Stanford","ACC","passing","TD","1"
"2025","4914482","Charlie Mirer","QB","Stanford","ACC","passing","YDS","22"
"2025","4914482","Charlie Mirer","QB","Stanford","ACC","passing","YPA","7.3"
"2025","4914482","Charlie Mirer","QB","Stanford","ACC","rushing","CAR","2"
"2025","4914482","Charlie Mirer","QB","Stanford","ACC","rushing","LONG","30"
"2025","4914482","Charlie Mirer","QB","Stanford","ACC","rushing","TD","0"
"2025","4914482","Charlie Mirer","QB","Stanford","ACC","rushing","YDS","23"
"2025","4914482","Charlie Mirer","QB","Stanford","ACC","rushing","YPC","11.5"
"2025","4914980","Cole Turner","WR","Clemson","ACC","defensive","PD","0"
"2025","4914980","Cole Turner","WR","Clemson","ACC","defensive","QB HUR","0"
"2025","4914980","Cole Turner","WR","Clemson","ACC","defensive","SACKS","0"
"2025","4914980","Cole Turner","WR","Clemson","ACC","defensive","SOLO","1"
"2025","4914980","Cole Turner","WR","Clemson","ACC","defensive","TD","0"
"2025","4914980","Cole Turner","WR","Clemson","ACC","defensive","TFL","0"
"2025","4914980","Cole Turner","WR","Clemson","ACC","defensive","TOT","1"
"2025","4914980","Cole Turner","WR","Clemson","ACC","receiving","LONG","23"
"2025","4914980","Cole Turner","WR","Clemson","ACC","receiving","REC","16"
"2025","4914980","Cole Turner","WR","Clemson","ACC","receiving","TD","0"
"2025","4914980","Cole Turner","WR","Clemson","ACC","receiving","YDS","144"
"2025","4914980","Cole Turner","WR","Clemson","ACC","receiving","YPR","9.0"
"2025","4914980","Cole Turner","WR","Clemson","ACC","rushing","CAR","1"
"2025","4914980","Cole Turner","WR","Clemson","ACC","rushing","LONG","0"
"2025","4914980","Cole Turner","WR","Clemson","ACC","rushing","TD","0"
"2025","4914980","Cole Turner","WR","Clemson","ACC","rushing","YDS","-2"
"2025","4914980","Cole Turner","WR","Clemson","ACC","rushing","YPC","-2.0"
"2025","4916238","Jaelyn Davis-Robinson","CB","SMU","ACC","defensive","PD","3"
"2025","4916238","Jaelyn Davis-Robinson","CB","SMU","ACC","defensive","QB HUR","0"
"2025","4916238","Jaelyn Davis-Robinson","CB","SMU","ACC","defensive","SACKS","0"
"2025","4916238","Jaelyn Davis-Robinson","CB","SMU","ACC","defensive","SOLO","22"
"2025","4916238","Jaelyn Davis-Robinson","CB","SMU","ACC","defensive","TD","0"
"2025","4916238","Jaelyn Davis-Robinson","CB","SMU","ACC","defensive","TFL","0"
"2025","4916238","Jaelyn Davis-Robinson","CB","SMU","ACC","defensive","TOT","26"
"2025","4916238","Jaelyn Davis-Robinson","CB","SMU","ACC","interceptions","AVG","0.0"
"2025","4916238","Jaelyn Davis-Robinson","CB","SMU","ACC","interceptions","INT","2"
"2025","4916238","Jaelyn Davis-Robinson","CB","SMU","ACC","interceptions","TD","0"
"2025","4916238","Jaelyn Davis-Robinson","CB","SMU","ACC","interceptions","YDS","0"
"2025","4916306","Bobby Golden","WR","Louisville","ACC","kickReturns","AVG","8.0"
"2025","4916306","Bobby Golden","WR","Louisville","ACC","kickReturns","LONG","8"
"2025","4916306","Bobby Golden","WR","Louisville","ACC","kickReturns","NO","1"
"2025","4916306","Bobby Golden","WR","Louisville","ACC","kickReturns","TD","0"
"2025","4916306","Bobby Golden","WR","Louisville","ACC","kickReturns","YDS","8"
"2025","4916306","Bobby Golden","WR","Louisville","ACC","puntReturns","AVG","4.5"
"2025","4916306","Bobby Golden","WR","Louisville","ACC","puntReturns","LONG","7"
"2025","4916306","Bobby Golden","WR","Louisville","ACC","puntReturns","NO","2"
"2025","4916306","Bobby Golden","WR","Louisville","ACC","puntReturns","TD","0"
"2025","4916306","Bobby Golden","WR","Louisville","ACC","puntReturns","YDS","9"
"2025","4916996","Ahmad Moten","DL","Miami","ACC","defensive","PD","0"
"2025","4916996","Ahmad Moten","DL","Miami","ACC","defensive","QB HUR","4"
"2025","4916996","Ahmad Moten","DL","Miami","ACC","defensive","SACKS","4.5"
"2025","4916996","Ahmad Moten","DL","Miami","ACC","defensive","SOLO","20"
"2025","4916996","Ahmad Moten","DL","Miami","ACC","defensive","TD","0"
"2025","4916996","Ahmad Moten","DL","Miami","ACC","defensive","TFL","9.0"
"2025","4916996","Ahmad Moten","DL","Miami","ACC","defensive","TOT","31"
"2025","4917046","Jaivion Green","S","Stanford","ACC","defensive","PD","6"
"2025","4917046","Jaivion Green","S","Stanford","ACC","defensive","QB HUR","1"
"2025","4917046","Jaivion Green","S","Stanford","ACC","defensive","SACKS","0"
"2025","4917046","Jaivion Green","S","Stanford","ACC","defensive","SOLO","24"
"2025","4917046","Jaivion Green","S","Stanford","ACC","defensive","TD","1"
"2025","4917046","Jaivion Green","S","Stanford","ACC","defensive","TFL","2.5"
"2025","4917046","Jaivion Green","S","Stanford","ACC","defensive","TOT","38"
"2025","4917046","Jaivion Green","S","Stanford","ACC","fumbles","FUM","0"
"2025","4917046","Jaivion Green","S","Stanford","ACC","fumbles","LOST","0"
"2025","4917046","Jaivion Green","S","Stanford","ACC","fumbles","REC","2"
"2025","4917119","Devin Alves","WR","Virginia Tech","ACC","receiving","LONG","19"
"2025","4917119","Devin Alves","WR","Virginia Tech","ACC","receiving","REC","3"
"2025","4917119","Devin Alves","WR","Virginia Tech","ACC","receiving","TD","1"
"2025","4917119","Devin Alves","WR","Virginia Tech","ACC","receiving","YDS","45"
"2025","4917119","Devin Alves","WR","Virginia Tech","ACC","receiving","YPR","15.0"
"2025","4917124","Isaiah Farris","DB","Boston College","ACC","defensive","PD","6"
"2025","4917124","Isaiah Farris","DB","Boston College","ACC","defensive","QB HUR","0"
"2025","4917124","Isaiah Farris","DB","Boston College","ACC","defensive","SACKS","0"
"2025","4917124","Isaiah Farris","DB","Boston College","ACC","defensive","SOLO","21"
"2025","4917124","Isaiah Farris","DB","Boston College","ACC","defensive","TD","0"
"2025","4917124","Isaiah Farris","DB","Boston College","ACC","defensive","TFL","0"
"2025","4917124","Isaiah Farris","DB","Boston College","ACC","defensive","TOT","28"
"2025","4917124","Isaiah Farris","DB","Boston College","ACC","fumbles","FUM","0"
"2025","4917124","Isaiah Farris","DB","Boston College","ACC","fumbles","LOST","0"
"2025","4917124","Isaiah Farris","DB","Boston College","ACC","fumbles","REC","1"
"2025","4917124","Isaiah Farris","DB","Boston College","ACC","puntReturns","AVG","9.8"
"2025","4917124","Isaiah Farris","DB","Boston College","ACC","puntReturns","LONG","21"
"2025","4917124","Isaiah Farris","DB","Boston College","ACC","puntReturns","NO","8"
"2025","4917124","Isaiah Farris","DB","Boston College","ACC","puntReturns","TD","0"
"2025","4917124","Isaiah Farris","DB","Boston College","ACC","puntReturns","YDS","78"
"2025","4917323","Elhadj Fall","DL","Virginia Tech","ACC","defensive","PD","0"
"2025","4917323","Elhadj Fall","DL","Virginia Tech","ACC","defensive","QB HUR","2"
"2025","4917323","Elhadj Fall","DL","Virginia Tech","ACC","defensive","SACKS","2.5"
"2025","4917323","Elhadj Fall","DL","Virginia Tech","ACC","defensive","SOLO","10"
"2025","4917323","Elhadj Fall","DL","Virginia Tech","ACC","defensive","TD","0"
"2025","4917323","Elhadj Fall","DL","Virginia Tech","ACC","defensive","TFL","3.5"
"2025","4917323","Elhadj Fall","DL","Virginia Tech","ACC","defensive","TOT","25"
"2025","4917353","Jabari Mack","DB","Louisville","ACC","defensive","PD","2"
"2025","4917353","Jabari Mack","DB","Louisville","ACC","defensive","QB HUR","0"
"2025","4917353","Jabari Mack","DB","Louisville","ACC","defensive","SACKS","0"
"2025","4917353","Jabari Mack","DB","Louisville","ACC","defensive","SOLO","18"
"2025","4917353","Jabari Mack","DB","Louisville","ACC","defensive","TD","0"
"2025","4917353","Jabari Mack","DB","Louisville","ACC","defensive","TFL","0"
"2025","4917353","Jabari Mack","DB","Louisville","ACC","defensive","TOT","34"
"2025","4917353","Jabari Mack","DB","Louisville","ACC","interceptions","AVG","0.0"
"2025","4917353","Jabari Mack","DB","Louisville","ACC","interceptions","INT","2"
"2025","4917353","Jabari Mack","DB","Louisville","ACC","interceptions","TD","0"
"2025","4917353","Jabari Mack","DB","Louisville","ACC","interceptions","YDS","0"
"2025","4917354","Hezekiah Masses","DB","California","ACC","defensive","PD","12"
"2025","4917354","Hezekiah Masses","DB","California","ACC","defensive","QB HUR","0"
"2025","4917354","Hezekiah Masses","DB","California","ACC","defensive","SACKS","0"
"2025","4917354","Hezekiah Masses","DB","California","ACC","defensive","SOLO","31"
"2025","4917354","Hezekiah Masses","DB","California","ACC","defensive","TD","0"
"2025","4917354","Hezekiah Masses","DB","California","ACC","defensive","TFL","1"
"2025","4917354","Hezekiah Masses","DB","California","ACC","defensive","TOT","47"
"2025","4917354","Hezekiah Masses","DB","California","ACC","interceptions","AVG","18.2"
"2025","4917354","Hezekiah Masses","DB","California","ACC","interceptions","INT","5"
"2025","4917354","Hezekiah Masses","DB","California","ACC","interceptions","TD","0"
"2025","4917354","Hezekiah Masses","DB","California","ACC","interceptions","YDS","91"
"2025","4917372","Antwone Santiago","LB","Virginia Tech","ACC","defensive","PD","0"
"2025","4917372","Antwone Santiago","LB","Virginia Tech","ACC","defensive","QB HUR","1"
"2025","4917372","Antwone Santiago","LB","Virginia Tech","ACC","defensive","SACKS","0"
"2025","4917372","Antwone Santiago","LB","Virginia Tech","ACC","defensive","SOLO","4"
"2025","4917372","Antwone Santiago","LB","Virginia Tech","ACC","defensive","TD","0"
"2025","4917372","Antwone Santiago","LB","Virginia Tech","ACC","defensive","TFL","1"
"2025","4917372","Antwone Santiago","LB","Virginia Tech","ACC","defensive","TOT","9"
"2025","4917490","Nuer Gatkuoth","DL","Wake Forest","ACC","defensive","PD","0"
"2025","4917490","Nuer Gatkuoth","DL","Wake Forest","ACC","defensive","QB HUR","8"
"2025","4917490","Nuer Gatkuoth","DL","Wake Forest","ACC","defensive","SACKS","6"
"2025","4917490","Nuer Gatkuoth","DL","Wake Forest","ACC","defensive","SOLO","17"
"2025","4917490","Nuer Gatkuoth","DL","Wake Forest","ACC","defensive","TD","0"
"2025","4917490","Nuer Gatkuoth","DL","Wake Forest","ACC","defensive","TFL","8.5"
"2025","4917490","Nuer Gatkuoth","DL","Wake Forest","ACC","defensive","TOT","39"
"2025","4917490","Nuer Gatkuoth","DL","Wake Forest","ACC","interceptions","AVG","0.0"
"2025","4917490","Nuer Gatkuoth","DL","Wake Forest","ACC","interceptions","INT","1"
"2025","4917490","Nuer Gatkuoth","DL","Wake Forest","ACC","interceptions","TD","0"
"2025","4917490","Nuer Gatkuoth","DL","Wake Forest","ACC","interceptions","YDS","0"
"2025","4917490","Nuer Gatkuoth","DL","Wake Forest","ACC","kickReturns","AVG","0.0"
"2025","4917490","Nuer Gatkuoth","DL","Wake Forest","ACC","kickReturns","LONG","0"
"2025","4917490","Nuer Gatkuoth","DL","Wake Forest","ACC","kickReturns","NO","1"
"2025","4917490","Nuer Gatkuoth","DL","Wake Forest","ACC","kickReturns","TD","0"
"2025","4917490","Nuer Gatkuoth","DL","Wake Forest","ACC","kickReturns","YDS","0"
"2025","4917620","T.J. Bush","LB","California","ACC","defensive","PD","1"
"2025","4917620","T.J. Bush","LB","California","ACC","defensive","QB HUR","4"
"2025","4917620","T.J. Bush","LB","California","ACC","defensive","SACKS","4.5"
"2025","4917620","T.J. Bush","LB","California","ACC","defensive","SOLO","16"
"2025","4917620","T.J. Bush","LB","California","ACC","defensive","TD","0"
"2025","4917620","T.J. Bush","LB","California","ACC","defensive","TFL","10.5"
"2025","4917620","T.J. Bush","LB","California","ACC","defensive","TOT","39"
"2025","4917622","Brandon Miyazono","LB","SMU","ACC","defensive","PD","8"
"2025","4917622","Brandon Miyazono","LB","SMU","ACC","defensive","QB HUR","0"
"2025","4917622","Brandon Miyazono","LB","SMU","ACC","defensive","SACKS","2"
"2025","4917622","Brandon Miyazono","LB","SMU","ACC","defensive","SOLO","22"
"2025","4917622","Brandon Miyazono","LB","SMU","ACC","defensive","TD","0"
"2025","4917622","Brandon Miyazono","LB","SMU","ACC","defensive","TFL","4.5"
"2025","4917622","Brandon Miyazono","LB","SMU","ACC","defensive","TOT","44"
"2025","4917622","Brandon Miyazono","LB","SMU","ACC","interceptions","AVG","0.0"
"2025","4917622","Brandon Miyazono","LB","SMU","ACC","interceptions","INT","1"
"2025","4917622","Brandon Miyazono","LB","SMU","ACC","interceptions","TD","0"
"2025","4917622","Brandon Miyazono","LB","SMU","ACC","interceptions","YDS","0"
"2025","4917944","Chris Marable Jr.","DL","Boston College","ACC","defensive","PD","1"
"2025","4917944","Chris Marable Jr.","DL","Boston College","ACC","defensive","QB HUR","1"
"2025","4917944","Chris Marable Jr.","DL","Boston College","ACC","defensive","SACKS","0.5"
"2025","4917944","Chris Marable Jr.","DL","Boston College","ACC","defensive","SOLO","15"
"2025","4917944","Chris Marable Jr.","DL","Boston College","ACC","defensive","TD","0"
"2025","4917944","Chris Marable Jr.","DL","Boston College","ACC","defensive","TFL","0.5"
"2025","4917944","Chris Marable Jr.","DL","Boston College","ACC","defensive","TOT","22"
"2025","4917980","Ronan Hanafin","DB","Clemson","ACC","defensive","PD","4"
"2025","4917980","Ronan Hanafin","DB","Clemson","ACC","defensive","QB HUR","0"
"2025","4917980","Ronan Hanafin","DB","Clemson","ACC","defensive","SACKS","0"
"2025","4917980","Ronan Hanafin","DB","Clemson","ACC","defensive","SOLO","47"
"2025","4917980","Ronan Hanafin","DB","Clemson","ACC","defensive","TD","0"
"2025","4917980","Ronan Hanafin","DB","Clemson","ACC","defensive","TFL","2"
"2025","4917980","Ronan Hanafin","DB","Clemson","ACC","defensive","TOT","64"
"2025","4917980","Ronan Hanafin","DB","Clemson","ACC","interceptions","AVG","13.0"
"2025","4917980","Ronan Hanafin","DB","Clemson","ACC","interceptions","INT","1"
"2025","4917980","Ronan Hanafin","DB","Clemson","ACC","interceptions","TD","0"
"2025","4917980","Ronan Hanafin","DB","Clemson","ACC","interceptions","YDS","13"
"2025","4918106","Joseph Mupoyi","DL","North Carolina","ACC","defensive","PD","0"
"2025","4918106","Joseph Mupoyi","DL","North Carolina","ACC","defensive","QB HUR","1"
"2025","4918106","Joseph Mupoyi","DL","North Carolina","ACC","defensive","SACKS","0"
"2025","4918106","Joseph Mupoyi","DL","North Carolina","ACC","defensive","SOLO","2"
"2025","4918106","Joseph Mupoyi","DL","North Carolina","ACC","defensive","TD","0"
"2025","4918106","Joseph Mupoyi","DL","North Carolina","ACC","defensive","TFL","0"
"2025","4918106","Joseph Mupoyi","DL","North Carolina","ACC","defensive","TOT","6"
"2025","4918417","Ayden Greene","WR","Virginia Tech","ACC","defensive","PD","0"
"2025","4918417","Ayden Greene","WR","Virginia Tech","ACC","defensive","QB HUR","0"
"2025","4918417","Ayden Greene","WR","Virginia Tech","ACC","defensive","SACKS","0"
"2025","4918417","Ayden Greene","WR","Virginia Tech","ACC","defensive","SOLO","2"
"2025","4918417","Ayden Greene","WR","Virginia Tech","ACC","defensive","TD","0"
"2025","4918417","Ayden Greene","WR","Virginia Tech","ACC","defensive","TFL","0"
"2025","4918417","Ayden Greene","WR","Virginia Tech","ACC","defensive","TOT","2"
"2025","4918417","Ayden Greene","WR","Virginia Tech","ACC","receiving","LONG","67"
"2025","4918417","Ayden Greene","WR","Virginia Tech","ACC","receiving","REC","31"
"2025","4918417","Ayden Greene","WR","Virginia Tech","ACC","receiving","TD","3"
"2025","4918417","Ayden Greene","WR","Virginia Tech","ACC","receiving","YDS","516"
"2025","4918417","Ayden Greene","WR","Virginia Tech","ACC","receiving","YPR","16.6"
"2025","4918434","Justin Cryer","LB","Florida State","ACC","defensive","PD","0"
"2025","4918434","Justin Cryer","LB","Florida State","ACC","defensive","QB HUR","3"
"2025","4918434","Justin Cryer","LB","Florida State","ACC","defensive","SACKS","1"
"2025","4918434","Justin Cryer","LB","Florida State","ACC","defensive","SOLO","15"
"2025","4918434","Justin Cryer","LB","Florida State","ACC","defensive","TD","0"
"2025","4918434","Justin Cryer","LB","Florida State","ACC","defensive","TFL","5.0"
"2025","4918434","Justin Cryer","LB","Florida State","ACC","defensive","TOT","43"
"2025","4919038","Ethan O'Connor","DB","Miami","ACC","defensive","PD","5"
"2025","4919038","Ethan O'Connor","DB","Miami","ACC","defensive","QB HUR","0"
"2025","4919038","Ethan O'Connor","DB","Miami","ACC","defensive","SACKS","0"
"2025","4919038","Ethan O'Connor","DB","Miami","ACC","defensive","SOLO","22"
"2025","4919038","Ethan O'Connor","DB","Miami","ACC","defensive","TD","0"
"2025","4919038","Ethan O'Connor","DB","Miami","ACC","defensive","TFL","3.5"
"2025","4919038","Ethan O'Connor","DB","Miami","ACC","defensive","TOT","28"
"2025","4920136","Aycen Stevens","DL","Virginia Tech","ACC","defensive","PD","0"
"2025","4920136","Aycen Stevens","DL","Virginia Tech","ACC","defensive","QB HUR","1"
"2025","4920136","Aycen Stevens","DL","Virginia Tech","ACC","defensive","SACKS","0"
"2025","4920136","Aycen Stevens","DL","Virginia Tech","ACC","defensive","SOLO","3"
"2025","4920136","Aycen Stevens","DL","Virginia Tech","ACC","defensive","TD","0"
"2025","4920136","Aycen Stevens","DL","Virginia Tech","ACC","defensive","TFL","0.5"
"2025","4920136","Aycen Stevens","DL","Virginia Tech","ACC","defensive","TOT","14"
"2025","4920140","Nathan Leacock","WR","North Carolina","ACC","fumbles","FUM","1"
"2025","4920140","Nathan Leacock","WR","North Carolina","ACC","fumbles","LOST","1"
"2025","4920140","Nathan Leacock","WR","North Carolina","ACC","fumbles","REC","0"
"2025","4920140","Nathan Leacock","WR","North Carolina","ACC","receiving","LONG","18"
"2025","4920140","Nathan Leacock","WR","North Carolina","ACC","receiving","REC","5"
"2025","4920140","Nathan Leacock","WR","North Carolina","ACC","receiving","TD","0"
"2025","4920140","Nathan Leacock","WR","North Carolina","ACC","receiving","YDS","48"
"2025","4920140","Nathan Leacock","WR","North Carolina","ACC","receiving","YPR","9.6"
"2025","4920140","Nathan Leacock","WR","North Carolina","ACC","rushing","CAR","1"
"2025","4920140","Nathan Leacock","WR","North Carolina","ACC","rushing","LONG","6"
"2025","4920140","Nathan Leacock","WR","North Carolina","ACC","rushing","TD","0"
"2025","4920140","Nathan Leacock","WR","North Carolina","ACC","rushing","YDS","6"
"2025","4920140","Nathan Leacock","WR","North Carolina","ACC","rushing","YPC","6.0"
"2025","4920148","Robert Billings","S","Clemson","ACC","defensive","PD","0"
"2025","4920148","Robert Billings","S","Clemson","ACC","defensive","QB HUR","1"
"2025","4920148","Robert Billings","S","Clemson","ACC","defensive","SACKS","0"
"2025","4920148","Robert Billings","S","Clemson","ACC","defensive","SOLO","2"
"2025","4920148","Robert Billings","S","Clemson","ACC","defensive","TD","0"
"2025","4920148","Robert Billings","S","Clemson","ACC","defensive","TFL","0"
"2025","4920148","Robert Billings","S","Clemson","ACC","defensive","TOT","3"
"2025","4920148","Robert Billings","S","Clemson","ACC","puntReturns","AVG","1.0"
"2025","4920148","Robert Billings","S","Clemson","ACC","puntReturns","LONG","1"
"2025","4920148","Robert Billings","S","Clemson","ACC","puntReturns","NO","1"
"2025","4920148","Robert Billings","S","Clemson","ACC","puntReturns","TD","0"
"2025","4920148","Robert Billings","S","Clemson","ACC","puntReturns","YDS","1"
"2025","4920153","William Watson III","QB","Virginia Tech","ACC","fumbles","FUM","2"
"2025","4920153","William Watson III","QB","Virginia Tech","ACC","fumbles","LOST","2"
"2025","4920153","William Watson III","QB","Virginia Tech","ACC","fumbles","REC","0"
"2025","4920153","William Watson III","QB","Virginia Tech","ACC","passing","ATT","4"
"2025","4920153","William Watson III","QB","Virginia Tech","ACC","passing","COMPLETIONS","2"
"2025","4920153","William Watson III","QB","Virginia Tech","ACC","passing","INT","0"
"2025","4920153","William Watson III","QB","Virginia Tech","ACC","passing","PCT","0.500"
"2025","4920153","William Watson III","QB","Virginia Tech","ACC","passing","TD","0"
"2025","4920153","William Watson III","QB","Virginia Tech","ACC","passing","YDS","77"
"2025","4920153","William Watson III","QB","Virginia Tech","ACC","passing","YPA","19.3"
"2025","4920153","William Watson III","QB","Virginia Tech","ACC","rushing","CAR","9"
"2025","4920153","William Watson III","QB","Virginia Tech","ACC","rushing","LONG","14"
"2025","4920153","William Watson III","QB","Virginia Tech","ACC","rushing","TD","1"
"2025","4920153","William Watson III","QB","Virginia Tech","ACC","rushing","YDS","22"
"2025","4920153","William Watson III","QB","Virginia Tech","ACC","rushing","YPC","2.4"
"2025","4920158","Brock Glenn","QB","Florida State","ACC","fumbles","FUM","1"
"2025","4920158","Brock Glenn","QB","Florida State","ACC","fumbles","LOST","1"
"2025","4920158","Brock Glenn","QB","Florida State","ACC","fumbles","REC","0"
"2025","4920158","Brock Glenn","QB","Florida State","ACC","passing","ATT","10"
"2025","4920158","Brock Glenn","QB","Florida State","ACC","passing","COMPLETIONS","6"
"2025","4920158","Brock Glenn","QB","Florida State","ACC","passing","INT","0"
"2025","4920158","Brock Glenn","QB","Florida State","ACC","passing","PCT","0.600"
"2025","4920158","Brock Glenn","QB","Florida State","ACC","passing","TD","2"
"2025","4920158","Brock Glenn","QB","Florida State","ACC","passing","YDS","69"
"2025","4920158","Brock Glenn","QB","Florida State","ACC","passing","YPA","6.9"
"2025","4920158","Brock Glenn","QB","Florida State","ACC","rushing","CAR","7"
"2025","4920158","Brock Glenn","QB","Florida State","ACC","rushing","LONG","15"
"2025","4920158","Brock Glenn","QB","Florida State","ACC","rushing","TD","0"
"2025","4920158","Brock Glenn","QB","Florida State","ACC","rushing","YDS","43"
"2025","4920158","Brock Glenn","QB","Florida State","ACC","rushing","YPC","6.1"
"2025","4920227","Giovanni Lopez","QB","North Carolina","ACC","defensive","PD","0"
"2025","4920227","Giovanni Lopez","QB","North Carolina","ACC","defensive","QB HUR","0"
"2025","4920227","Giovanni Lopez","QB","North Carolina","ACC","defensive","SACKS","0"
"2025","4920227","Giovanni Lopez","QB","North Carolina","ACC","defensive","SOLO","1"
"2025","4920227","Giovanni Lopez","QB","North Carolina","ACC","defensive","TD","0"
"2025","4920227","Giovanni Lopez","QB","North Carolina","ACC","defensive","TFL","0"
"2025","4920227","Giovanni Lopez","QB","North Carolina","ACC","defensive","TOT","1"
"2025","4920227","Giovanni Lopez","QB","North Carolina","ACC","fumbles","FUM","3"
"2025","4920227","Giovanni Lopez","QB","North Carolina","ACC","fumbles","LOST","2"
"2025","4920227","Giovanni Lopez","QB","North Carolina","ACC","fumbles","REC","0"
"2025","4920227","Giovanni Lopez","QB","North Carolina","ACC","passing","ATT","261"
"2025","4920227","Giovanni Lopez","QB","North Carolina","ACC","passing","COMPLETIONS","170"
"2025","4920227","Giovanni Lopez","QB","North Carolina","ACC","passing","INT","5"
"2025","4920227","Giovanni Lopez","QB","North Carolina","ACC","passing","PCT","0.651"
"2025","4920227","Giovanni Lopez","QB","North Carolina","ACC","passing","TD","10"
"2025","4920227","Giovanni Lopez","QB","North Carolina","ACC","passing","YDS","1747"
"2025","4920227","Giovanni Lopez","QB","North Carolina","ACC","passing","YPA","6.7"
"2025","4920227","Giovanni Lopez","QB","North Carolina","ACC","receiving","LONG","0"
"2025","4920227","Giovanni Lopez","QB","North Carolina","ACC","receiving","REC","0"
"2025","4920227","Giovanni Lopez","QB","North Carolina","ACC","receiving","TD","0"
"2025","4920227","Giovanni Lopez","QB","North Carolina","ACC","receiving","YDS","-6"
"2025","4920227","Giovanni Lopez","QB","North Carolina","ACC","receiving","YPR","0"
"2025","4920227","Giovanni Lopez","QB","North Carolina","ACC","rushing","CAR","86"
"2025","4920227","Giovanni Lopez","QB","North Carolina","ACC","rushing","LONG","17"
"2025","4920227","Giovanni Lopez","QB","North Carolina","ACC","rushing","TD","3"
"2025","4920227","Giovanni Lopez","QB","North Carolina","ACC","rushing","YDS","133"
"2025","4920227","Giovanni Lopez","QB","North Carolina","ACC","rushing","YPC","1.5"
"2025","4921118","Thomas Williams","CB","Virginia Tech","ACC","defensive","PD","6"
"2025","4921118","Thomas Williams","CB","Virginia Tech","ACC","defensive","QB HUR","0"
"2025","4921118","Thomas Williams","CB","Virginia Tech","ACC","defensive","SACKS","0"
"2025","4921118","Thomas Williams","CB","Virginia Tech","ACC","defensive","SOLO","21"
"2025","4921118","Thomas Williams","CB","Virginia Tech","ACC","defensive","TD","0"
"2025","4921118","Thomas Williams","CB","Virginia Tech","ACC","defensive","TFL","0.5"
"2025","4921118","Thomas Williams","CB","Virginia Tech","ACC","defensive","TOT","32"
"2025","4921118","Thomas Williams","CB","Virginia Tech","ACC","fumbles","FUM","0"
"2025","4921118","Thomas Williams","CB","Virginia Tech","ACC","fumbles","LOST","0"
"2025","4921118","Thomas Williams","CB","Virginia Tech","ACC","fumbles","REC","1"
"2025","4921118","Thomas Williams","CB","Virginia Tech","ACC","kickReturns","AVG","21.0"
"2025","4921118","Thomas Williams","CB","Virginia Tech","ACC","kickReturns","LONG","27"
"2025","4921118","Thomas Williams","CB","Virginia Tech","ACC","kickReturns","NO","4"
"2025","4921118","Thomas Williams","CB","Virginia Tech","ACC","kickReturns","TD","0"
"2025","4921118","Thomas Williams","CB","Virginia Tech","ACC","kickReturns","YDS","84"
"2025","4921230","Ryan Carretta","OL","Pittsburgh","ACC","defensive","PD","0"
"2025","4921230","Ryan Carretta","OL","Pittsburgh","ACC","defensive","QB HUR","0"
"2025","4921230","Ryan Carretta","OL","Pittsburgh","ACC","defensive","SACKS","0"
"2025","4921230","Ryan Carretta","OL","Pittsburgh","ACC","defensive","SOLO","1"
"2025","4921230","Ryan Carretta","OL","Pittsburgh","ACC","defensive","TD","0"
"2025","4921230","Ryan Carretta","OL","Pittsburgh","ACC","defensive","TFL","0"
"2025","4921230","Ryan Carretta","OL","Pittsburgh","ACC","defensive","TOT","1"
"2025","4921269","Kaleb Spencer","LB","Virginia Tech","ACC","defensive","PD","1"
"2025","4921269","Kaleb Spencer","LB","Virginia Tech","ACC","defensive","QB HUR","0"
"2025","4921269","Kaleb Spencer","LB","Virginia Tech","ACC","defensive","SACKS","0.5"
"2025","4921269","Kaleb Spencer","LB","Virginia Tech","ACC","defensive","SOLO","31"
"2025","4921269","Kaleb Spencer","LB","Virginia Tech","ACC","defensive","TD","0"
"2025","4921269","Kaleb Spencer","LB","Virginia Tech","ACC","defensive","TFL","9.0"
"2025","4921269","Kaleb Spencer","LB","Virginia Tech","ACC","defensive","TOT","67"
"2025","4921271","Tyler Thompson","LB","North Carolina","ACC","defensive","PD","1"
"2025","4921271","Tyler Thompson","LB","North Carolina","ACC","defensive","QB HUR","1"
"2025","4921271","Tyler Thompson","LB","North Carolina","ACC","defensive","SACKS","7"
"2025","4921271","Tyler Thompson","LB","North Carolina","ACC","defensive","SOLO","17"
"2025","4921271","Tyler Thompson","LB","North Carolina","ACC","defensive","TD","0"
"2025","4921271","Tyler Thompson","LB","North Carolina","ACC","defensive","TFL","7.5"
"2025","4921271","Tyler Thompson","LB","North Carolina","ACC","defensive","TOT","26"
"2025","4921273","Billy Walton III","DE","SMU","ACC","defensive","PD","0"
"2025","4921273","Billy Walton III","DE","SMU","ACC","defensive","QB HUR","0"
"2025","4921273","Billy Walton III","DE","SMU","ACC","defensive","SACKS","2"
"2025","4921273","Billy Walton III","DE","SMU","ACC","defensive","SOLO","2"
"2025","4921273","Billy Walton III","DE","SMU","ACC","defensive","TD","0"
"2025","4921273","Billy Walton III","DE","SMU","ACC","defensive","TFL","2"
"2025","4921273","Billy Walton III","DE","SMU","ACC","defensive","TOT","6"
"2025","4921302","Braylon Johnson","DB","Wake Forest","ACC","defensive","PD","4"
"2025","4921302","Braylon Johnson","DB","Wake Forest","ACC","defensive","QB HUR","1"
"2025","4921302","Braylon Johnson","DB","Wake Forest","ACC","defensive","SACKS","0.5"
"2025","4921302","Braylon Johnson","DB","Wake Forest","ACC","defensive","SOLO","17"
"2025","4921302","Braylon Johnson","DB","Wake Forest","ACC","defensive","TD","0"
"2025","4921302","Braylon Johnson","DB","Wake Forest","ACC","defensive","TFL","0.5"
"2025","4921302","Braylon Johnson","DB","Wake Forest","ACC","defensive","TOT","38"
"2025","4921322","Zion Taylor","WR","Georgia Tech","ACC","receiving","LONG","45"
"2025","4921322","Zion Taylor","WR","Georgia Tech","ACC","receiving","REC","11"
"2025","4921322","Zion Taylor","WR","Georgia Tech","ACC","receiving","TD","1"
"2025","4921322","Zion Taylor","WR","Georgia Tech","ACC","receiving","YDS","129"
"2025","4921322","Zion Taylor","WR","Georgia Tech","ACC","receiving","YPR","11.7"
"2025","4921325","Travon West","DB","Wake Forest","ACC","defensive","PD","2"
"2025","4921325","Travon West","DB","Wake Forest","ACC","defensive","QB HUR","0"
"2025","4921325","Travon West","DB","Wake Forest","ACC","defensive","SACKS","0"
"2025","4921325","Travon West","DB","Wake Forest","ACC","defensive","SOLO","13"
"2025","4921325","Travon West","DB","Wake Forest","ACC","defensive","TD","0"
"2025","4921325","Travon West","DB","Wake Forest","ACC","defensive","TFL","0"
"2025","4921325","Travon West","DB","Wake Forest","ACC","defensive","TOT","31"
"2025","4921436","Josiah Griffin","DL","Boston College","ACC","defensive","PD","1"
"2025","4921436","Josiah Griffin","DL","Boston College","ACC","defensive","QB HUR","0"
"2025","4921436","Josiah Griffin","DL","Boston College","ACC","defensive","SACKS","0"
"2025","4921436","Josiah Griffin","DL","Boston College","ACC","defensive","SOLO","0"
"2025","4921436","Josiah Griffin","DL","Boston College","ACC","defensive","TD","0"
"2025","4921436","Josiah Griffin","DL","Boston College","ACC","defensive","TFL","0"
"2025","4921436","Josiah Griffin","DL","Boston College","ACC","defensive","TOT","1"
"2025","4921436","Josiah Griffin","DL","Boston College","ACC","interceptions","AVG","0.0"
"2025","4921436","Josiah Griffin","DL","Boston College","ACC","interceptions","INT","1"
"2025","4921436","Josiah Griffin","DL","Boston College","ACC","interceptions","TD","0"
"2025","4921436","Josiah Griffin","DL","Boston College","ACC","interceptions","YDS","0"
"2025","4921442","Jaeden Moore","DL","Pittsburgh","ACC","defensive","PD","0"
"2025","4921442","Jaeden Moore","DL","Pittsburgh","ACC","defensive","QB HUR","1"
"2025","4921442","Jaeden Moore","DL","Pittsburgh","ACC","defensive","SACKS","0"
"2025","4921442","Jaeden Moore","DL","Pittsburgh","ACC","defensive","SOLO","0"
"2025","4921442","Jaeden Moore","DL","Pittsburgh","ACC","defensive","TD","0"
"2025","4921442","Jaeden Moore","DL","Pittsburgh","ACC","defensive","TFL","0"
"2025","4921442","Jaeden Moore","DL","Pittsburgh","ACC","defensive","TOT","2"
"2025","4921443","Simione Pale","OL","Stanford","ACC","defensive","PD","0"
"2025","4921443","Simione Pale","OL","Stanford","ACC","defensive","QB HUR","0"
"2025","4921443","Simione Pale","OL","Stanford","ACC","defensive","SACKS","0"
"2025","4921443","Simione Pale","OL","Stanford","ACC","defensive","SOLO","0"
"2025","4921443","Simione Pale","OL","Stanford","ACC","defensive","TD","0"
"2025","4921443","Simione Pale","OL","Stanford","ACC","defensive","TFL","0"
"2025","4921443","Simione Pale","OL","Stanford","ACC","defensive","TOT","1"
"2025","4921446","KP Price","DB","Boston College","ACC","defensive","PD","0"
"2025","4921446","KP Price","DB","Boston College","ACC","defensive","QB HUR","3"
"2025","4921446","KP Price","DB","Boston College","ACC","defensive","SACKS","0"
"2025","4921446","KP Price","DB","Boston College","ACC","defensive","SOLO","65"
"2025","4921446","KP Price","DB","Boston College","ACC","defensive","TD","0"
"2025","4921446","KP Price","DB","Boston College","ACC","defensive","TFL","3"
"2025","4921446","KP Price","DB","Boston College","ACC","defensive","TOT","93"
"2025","4921446","KP Price","DB","Boston College","ACC","fumbles","FUM","0"
"2025","4921446","KP Price","DB","Boston College","ACC","fumbles","LOST","0"
"2025","4921446","KP Price","DB","Boston College","ACC","fumbles","REC","1"
"2025","4921446","KP Price","DB","Boston College","ACC","interceptions","AVG","24.0"
"2025","4921446","KP Price","DB","Boston College","ACC","interceptions","INT","2"
"2025","4921446","KP Price","DB","Boston College","ACC","interceptions","TD","0"
"2025","4921446","KP Price","DB","Boston College","ACC","interceptions","YDS","48"
"2025","4921457","Daiquan White","DB","Georgia Tech","ACC","defensive","PD","2"
"2025","4921457","Daiquan White","DB","Georgia Tech","ACC","defensive","QB HUR","0"
"2025","4921457","Daiquan White","DB","Georgia Tech","ACC","defensive","SACKS","0"
"2025","4921457","Daiquan White","DB","Georgia Tech","ACC","defensive","SOLO","12"
"2025","4921457","Daiquan White","DB","Georgia Tech","ACC","defensive","TD","0"
"2025","4921457","Daiquan White","DB","Georgia Tech","ACC","defensive","TFL","2"
"2025","4921457","Daiquan White","DB","Georgia Tech","ACC","defensive","TOT","16"
"2025","4921457","Daiquan White","DB","Georgia Tech","ACC","kickReturns","AVG","-1.0"
"2025","4921457","Daiquan White","DB","Georgia Tech","ACC","kickReturns","LONG","-1"
"2025","4921457","Daiquan White","DB","Georgia Tech","ACC","kickReturns","NO","1"
"2025","4921457","Daiquan White","DB","Georgia Tech","ACC","kickReturns","TD","0"
"2025","4921457","Daiquan White","DB","Georgia Tech","ACC","kickReturns","YDS","-1"
"2025","4921499","Shelton Lewis","CB","Clemson","ACC","defensive","PD","1"
"2025","4921499","Shelton Lewis","CB","Clemson","ACC","defensive","QB HUR","0"
"2025","4921499","Shelton Lewis","CB","Clemson","ACC","defensive","SACKS","0"
"2025","4921499","Shelton Lewis","CB","Clemson","ACC","defensive","SOLO","6"
"2025","4921499","Shelton Lewis","CB","Clemson","ACC","defensive","TD","0"
"2025","4921499","Shelton Lewis","CB","Clemson","ACC","defensive","TFL","0"
"2025","4921499","Shelton Lewis","CB","Clemson","ACC","defensive","TOT","8"
"2025","4921501","Jaden Milliner-Jones","S","SMU","ACC","defensive","PD","0"
"2025","4921501","Jaden Milliner-Jones","S","SMU","ACC","defensive","QB HUR","0"
"2025","4921501","Jaden Milliner-Jones","S","SMU","ACC","defensive","SACKS","0"
"2025","4921501","Jaden Milliner-Jones","S","SMU","ACC","defensive","SOLO","12"
"2025","4921501","Jaden Milliner-Jones","S","SMU","ACC","defensive","TD","0"
"2025","4921501","Jaden Milliner-Jones","S","SMU","ACC","defensive","TFL","0"
"2025","4921501","Jaden Milliner-Jones","S","SMU","ACC","defensive","TOT","17"
"2025","4921504","Dante Lovett","CB","Virginia Tech","ACC","defensive","PD","0"
"2025","4921504","Dante Lovett","CB","Virginia Tech","ACC","defensive","QB HUR","0"
"2025","4921504","Dante Lovett","CB","Virginia Tech","ACC","defensive","SACKS","0"
"2025","4921504","Dante Lovett","CB","Virginia Tech","ACC","defensive","SOLO","3"
"2025","4921504","Dante Lovett","CB","Virginia Tech","ACC","defensive","TD","0"
"2025","4921504","Dante Lovett","CB","Virginia Tech","ACC","defensive","TFL","0"
"2025","4921504","Dante Lovett","CB","Virginia Tech","ACC","defensive","TOT","6"
"2025","4922981","Rasheem Biles","LB","Pittsburgh","ACC","defensive","PD","4"
"2025","4922981","Rasheem Biles","LB","Pittsburgh","ACC","defensive","QB HUR","4"
"2025","4922981","Rasheem Biles","LB","Pittsburgh","ACC","defensive","SACKS","4.5"
"2025","4922981","Rasheem Biles","LB","Pittsburgh","ACC","defensive","SOLO","39"
"2025","4922981","Rasheem Biles","LB","Pittsburgh","ACC","defensive","TD","3"
"2025","4922981","Rasheem Biles","LB","Pittsburgh","ACC","defensive","TFL","17.0"
"2025","4922981","Rasheem Biles","LB","Pittsburgh","ACC","defensive","TOT","100"
"2025","4922981","Rasheem Biles","LB","Pittsburgh","ACC","fumbles","FUM","0"
"2025","4922981","Rasheem Biles","LB","Pittsburgh","ACC","fumbles","LOST","0"
"2025","4922981","Rasheem Biles","LB","Pittsburgh","ACC","fumbles","REC","1"
"2025","4922981","Rasheem Biles","LB","Pittsburgh","ACC","interceptions","AVG","42.5"
"2025","4922981","Rasheem Biles","LB","Pittsburgh","ACC","interceptions","INT","2"
"2025","4922981","Rasheem Biles","LB","Pittsburgh","ACC","interceptions","TD","2"
"2025","4922981","Rasheem Biles","LB","Pittsburgh","ACC","interceptions","YDS","85"
"2025","4922987","Takye Heath","WR","Virginia Tech","ACC","receiving","LONG","44"
"2025","4922987","Takye Heath","WR","Virginia Tech","ACC","receiving","REC","22"
"2025","4922987","Takye Heath","WR","Virginia Tech","ACC","receiving","TD","3"
"2025","4922987","Takye Heath","WR","Virginia Tech","ACC","receiving","YDS","200"
"2025","4922987","Takye Heath","WR","Virginia Tech","ACC","receiving","YPR","9.1"
"2025","4922987","Takye Heath","WR","Virginia Tech","ACC","rushing","CAR","1"
"2025","4922987","Takye Heath","WR","Virginia Tech","ACC","rushing","LONG","5"
"2025","4922987","Takye Heath","WR","Virginia Tech","ACC","rushing","TD","0"
"2025","4922987","Takye Heath","WR","Virginia Tech","ACC","rushing","YDS","5"
"2025","4922987","Takye Heath","WR","Virginia Tech","ACC","rushing","YPC","5.0"
"2025","4923030","Jesse Anderson","DB","Pittsburgh","ACC","defensive","PD","0"
"2025","4923030","Jesse Anderson","DB","Pittsburgh","ACC","defensive","QB HUR","0"
"2025","4923030","Jesse Anderson","DB","Pittsburgh","ACC","defensive","SACKS","0"
"2025","4923030","Jesse Anderson","DB","Pittsburgh","ACC","defensive","SOLO","2"
"2025","4923030","Jesse Anderson","DB","Pittsburgh","ACC","defensive","TD","0"
"2025","4923030","Jesse Anderson","DB","Pittsburgh","ACC","defensive","TFL","0"
"2025","4923030","Jesse Anderson","DB","Pittsburgh","ACC","defensive","TOT","2"
"2025","4923041","David Anderson","DT","Duke","ACC","defensive","PD","1"
"2025","4923041","David Anderson","DT","Duke","ACC","defensive","QB HUR","1"
"2025","4923041","David Anderson","DT","Duke","ACC","defensive","SACKS","0"
"2025","4923041","David Anderson","DT","Duke","ACC","defensive","SOLO","3"
"2025","4923041","David Anderson","DT","Duke","ACC","defensive","TD","0"
"2025","4923041","David Anderson","DT","Duke","ACC","defensive","TFL","0.5"
"2025","4923041","David Anderson","DT","Duke","ACC","defensive","TOT","9"
"2025","4923041","David Anderson","DT","Duke","ACC","fumbles","FUM","0"
"2025","4923041","David Anderson","DT","Duke","ACC","fumbles","LOST","0"
"2025","4923041","David Anderson","DT","Duke","ACC","fumbles","REC","1"
"2025","4923043","Jamal Anderson","LB","Clemson","ACC","defensive","PD","0"
"2025","4923043","Jamal Anderson","LB","Clemson","ACC","defensive","QB HUR","0"
"2025","4923043","Jamal Anderson","LB","Clemson","ACC","defensive","SACKS","0"
"2025","4923043","Jamal Anderson","LB","Clemson","ACC","defensive","SOLO","3"
"2025","4923043","Jamal Anderson","LB","Clemson","ACC","defensive","TD","0"
"2025","4923043","Jamal Anderson","LB","Clemson","ACC","defensive","TFL","2"
"2025","4923043","Jamal Anderson","LB","Clemson","ACC","defensive","TOT","5"
"2025","4923044","Jordan Bass","S","Virginia Tech","ACC","defensive","PD","0"
"2025","4923044","Jordan Bass","S","Virginia Tech","ACC","defensive","QB HUR","1"
"2025","4923044","Jordan Bass","S","Virginia Tech","ACC","defensive","SACKS","0"
"2025","4923044","Jordan Bass","S","Virginia Tech","ACC","defensive","SOLO","10"
"2025","4923044","Jordan Bass","S","Virginia Tech","ACC","defensive","TD","0"
"2025","4923044","Jordan Bass","S","Virginia Tech","ACC","defensive","TFL","1.0"
"2025","4923044","Jordan Bass","S","Virginia Tech","ACC","defensive","TOT","21"
"2025","4923046","Keyjuan Brown","RB","Louisville","ACC","defensive","PD","0"
"2025","4923046","Keyjuan Brown","RB","Louisville","ACC","defensive","QB HUR","0"
"2025","4923046","Keyjuan Brown","RB","Louisville","ACC","defensive","SACKS","0"
"2025","4923046","Keyjuan Brown","RB","Louisville","ACC","defensive","SOLO","1"
"2025","4923046","Keyjuan Brown","RB","Louisville","ACC","defensive","TD","0"
"2025","4923046","Keyjuan Brown","RB","Louisville","ACC","defensive","TFL","0"
"2025","4923046","Keyjuan Brown","RB","Louisville","ACC","defensive","TOT","2"
"2025","4923046","Keyjuan Brown","RB","Louisville","ACC","fumbles","FUM","1"
"2025","4923046","Keyjuan Brown","RB","Louisville","ACC","fumbles","LOST","0"
"2025","4923046","Keyjuan Brown","RB","Louisville","ACC","fumbles","REC","0"
"2025","4923046","Keyjuan Brown","RB","Louisville","ACC","kickReturns","AVG","65.0"
"2025","4923046","Keyjuan Brown","RB","Louisville","ACC","kickReturns","LONG","65"
"2025","4923046","Keyjuan Brown","RB","Louisville","ACC","kickReturns","NO","1"
"2025","4923046","Keyjuan Brown","RB","Louisville","ACC","kickReturns","TD","0"
"2025","4923046","Keyjuan Brown","RB","Louisville","ACC","kickReturns","YDS","65"
"2025","4923046","Keyjuan Brown","RB","Louisville","ACC","receiving","LONG","38"
"2025","4923046","Keyjuan Brown","RB","Louisville","ACC","receiving","REC","12"
"2025","4923046","Keyjuan Brown","RB","Louisville","ACC","receiving","TD","0"
"2025","4923046","Keyjuan Brown","RB","Louisville","ACC","receiving","YDS","118"
"2025","4923046","Keyjuan Brown","RB","Louisville","ACC","receiving","YPR","9.8"
"2025","4923046","Keyjuan Brown","RB","Louisville","ACC","rushing","CAR","96"
"2025","4923046","Keyjuan Brown","RB","Louisville","ACC","rushing","LONG","67"
"2025","4923046","Keyjuan Brown","RB","Louisville","ACC","rushing","TD","6"
"2025","4923046","Keyjuan Brown","RB","Louisville","ACC","rushing","YDS","704"
"2025","4923046","Keyjuan Brown","RB","Louisville","ACC","rushing","YPC","7.3"
"2025","4923057","Connor Cox","TE","North Carolina","ACC","receiving","LONG","9"
"2025","4923057","Connor Cox","TE","North Carolina","ACC","receiving","REC","5"
"2025","4923057","Connor Cox","TE","North Carolina","ACC","receiving","TD","0"
"2025","4923057","Connor Cox","TE","North Carolina","ACC","receiving","YDS","21"
"2025","4923057","Connor Cox","TE","North Carolina","ACC","receiving","YPR","4.2"
"2025","4923059","Jeremiah Coney","RB","Virginia Tech","ACC","receiving","LONG","9"
"2025","4923059","Jeremiah Coney","RB","Virginia Tech","ACC","receiving","REC","3"
"2025","4923059","Jeremiah Coney","RB","Virginia Tech","ACC","receiving","TD","0"
"2025","4923059","Jeremiah Coney","RB","Virginia Tech","ACC","receiving","YDS","15"
"2025","4923059","Jeremiah Coney","RB","Virginia Tech","ACC","receiving","YPR","5.0"
"2025","4923059","Jeremiah Coney","RB","Virginia Tech","ACC","rushing","CAR","8"
"2025","4923059","Jeremiah Coney","RB","Virginia Tech","ACC","rushing","LONG","21"
"2025","4923059","Jeremiah Coney","RB","Virginia Tech","ACC","rushing","TD","0"
"2025","4923059","Jeremiah Coney","RB","Virginia Tech","ACC","rushing","YDS","47"
"2025","4923059","Jeremiah Coney","RB","Virginia Tech","ACC","rushing","YPC","5.9"
"2025","4923220","Carter Davis","DB","Boston College","ACC","defensive","PD","2"
"2025","4923220","Carter Davis","DB","Boston College","ACC","defensive","QB HUR","0"
"2025","4923220","Carter Davis","DB","Boston College","ACC","defensive","SACKS","1"
"2025","4923220","Carter Davis","DB","Boston College","ACC","defensive","SOLO","34"
"2025","4923220","Carter Davis","DB","Boston College","ACC","defensive","TD","0"
"2025","4923220","Carter Davis","DB","Boston College","ACC","defensive","TFL","1.5"
"2025","4923220","Carter Davis","DB","Boston College","ACC","defensive","TOT","59"
"2025","4923278","Leon Griffin III","S","Duke","ACC","defensive","PD","0"
"2025","4923278","Leon Griffin III","S","Duke","ACC","defensive","QB HUR","0"
"2025","4923278","Leon Griffin III","S","Duke","ACC","defensive","SACKS","0"
"2025","4923278","Leon Griffin III","S","Duke","ACC","defensive","SOLO","0"
"2025","4923278","Leon Griffin III","S","Duke","ACC","defensive","TD","0"
"2025","4923278","Leon Griffin III","S","Duke","ACC","defensive","TFL","0"
"2025","4923278","Leon Griffin III","S","Duke","ACC","defensive","TOT","1"
"2025","4923294","Kendall Johnson","LB","Duke","ACC","defensive","PD","2"
"2025","4923294","Kendall Johnson","LB","Duke","ACC","defensive","QB HUR","4"
"2025","4923294","Kendall Johnson","LB","Duke","ACC","defensive","SACKS","1"
"2025","4923294","Kendall Johnson","LB","Duke","ACC","defensive","SOLO","20"
"2025","4923294","Kendall Johnson","LB","Duke","ACC","defensive","TD","0"
"2025","4923294","Kendall Johnson","LB","Duke","ACC","defensive","TFL","3.0"
"2025","4923294","Kendall Johnson","LB","Duke","ACC","defensive","TOT","37"
"2025","4923295","Kenny Johnson","WR","Pittsburgh","ACC","defensive","PD","0"
"2025","4923295","Kenny Johnson","WR","Pittsburgh","ACC","defensive","QB HUR","0"
"2025","4923295","Kenny Johnson","WR","Pittsburgh","ACC","defensive","SACKS","0"
"2025","4923295","Kenny Johnson","WR","Pittsburgh","ACC","defensive","SOLO","0"
"2025","4923295","Kenny Johnson","WR","Pittsburgh","ACC","defensive","TD","1"
"2025","4923295","Kenny Johnson","WR","Pittsburgh","ACC","defensive","TFL","0"
"2025","4923295","Kenny Johnson","WR","Pittsburgh","ACC","defensive","TOT","0"
"2025","4923295","Kenny Johnson","WR","Pittsburgh","ACC","fumbles","FUM","2"
"2025","4923295","Kenny Johnson","WR","Pittsburgh","ACC","fumbles","LOST","2"
"2025","4923295","Kenny Johnson","WR","Pittsburgh","ACC","fumbles","REC","0"
"2025","4923295","Kenny Johnson","WR","Pittsburgh","ACC","kickReturns","AVG","31.8"
"2025","4923295","Kenny Johnson","WR","Pittsburgh","ACC","kickReturns","LONG","78"
"2025","4923295","Kenny Johnson","WR","Pittsburgh","ACC","kickReturns","NO","5"
"2025","4923295","Kenny Johnson","WR","Pittsburgh","ACC","kickReturns","TD","0"
"2025","4923295","Kenny Johnson","WR","Pittsburgh","ACC","kickReturns","YDS","159"
"2025","4923295","Kenny Johnson","WR","Pittsburgh","ACC","puntReturns","AVG","12.8"
"2025","4923295","Kenny Johnson","WR","Pittsburgh","ACC","puntReturns","LONG","66"
"2025","4923295","Kenny Johnson","WR","Pittsburgh","ACC","puntReturns","NO","14"
"2025","4923295","Kenny Johnson","WR","Pittsburgh","ACC","puntReturns","TD","1"
"2025","4923295","Kenny Johnson","WR","Pittsburgh","ACC","puntReturns","YDS","179"
"2025","4923295","Kenny Johnson","WR","Pittsburgh","ACC","receiving","LONG","42"
"2025","4923295","Kenny Johnson","WR","Pittsburgh","ACC","receiving","REC","47"
"2025","4923295","Kenny Johnson","WR","Pittsburgh","ACC","receiving","TD","5"
"2025","4923295","Kenny Johnson","WR","Pittsburgh","ACC","receiving","YDS","658"
"2025","4923295","Kenny Johnson","WR","Pittsburgh","ACC","receiving","YPR","14.0"
"2025","4923295","Kenny Johnson","WR","Pittsburgh","ACC","rushing","CAR","2"
"2025","4923295","Kenny Johnson","WR","Pittsburgh","ACC","rushing","LONG","9"
"2025","4923295","Kenny Johnson","WR","Pittsburgh","ACC","rushing","TD","0"
"2025","4923295","Kenny Johnson","WR","Pittsburgh","ACC","rushing","YDS","3"
"2025","4923295","Kenny Johnson","WR","Pittsburgh","ACC","rushing","YPC","1.5"
"2025","4923298","Peyton Jones","RB","Duke","ACC","kickReturns","AVG","21.8"
"2025","4923298","Peyton Jones","RB","Duke","ACC","kickReturns","LONG","29"
"2025","4923298","Peyton Jones","RB","Duke","ACC","kickReturns","NO","4"
"2025","4923298","Peyton Jones","RB","Duke","ACC","kickReturns","TD","0"
"2025","4923298","Peyton Jones","RB","Duke","ACC","kickReturns","YDS","87"
"2025","4923298","Peyton Jones","RB","Duke","ACC","receiving","LONG","13"
"2025","4923298","Peyton Jones","RB","Duke","ACC","receiving","REC","3"
"2025","4923298","Peyton Jones","RB","Duke","ACC","receiving","TD","0"
"2025","4923298","Peyton Jones","RB","Duke","ACC","receiving","YDS","23"
"2025","4923298","Peyton Jones","RB","Duke","ACC","receiving","YPR","7.7"
"2025","4923298","Peyton Jones","RB","Duke","ACC","rushing","CAR","10"
"2025","4923298","Peyton Jones","RB","Duke","ACC","rushing","LONG","8"
"2025","4923298","Peyton Jones","RB","Duke","ACC","rushing","TD","1"
"2025","4923298","Peyton Jones","RB","Duke","ACC","rushing","YDS","34"
"2025","4923298","Peyton Jones","RB","Duke","ACC","rushing","YPC","3.4"
"2025","4923299","Emmanuel Karnley","CB","Virginia","ACC","defensive","PD","8"
"2025","4923299","Emmanuel Karnley","CB","Virginia","ACC","defensive","QB HUR","0"
"2025","4923299","Emmanuel Karnley","CB","Virginia","ACC","defensive","SACKS","0"
"2025","4923299","Emmanuel Karnley","CB","Virginia","ACC","defensive","SOLO","20"
"2025","4923299","Emmanuel Karnley","CB","Virginia","ACC","defensive","TD","0"
"2025","4923299","Emmanuel Karnley","CB","Virginia","ACC","defensive","TFL","2"
"2025","4923299","Emmanuel Karnley","CB","Virginia","ACC","defensive","TOT","26"
"2025","4923299","Emmanuel Karnley","CB","Virginia","ACC","interceptions","AVG","0.0"
"2025","4923299","Emmanuel Karnley","CB","Virginia","ACC","interceptions","INT","1"
"2025","4923299","Emmanuel Karnley","CB","Virginia","ACC","interceptions","TD","0"
"2025","4923299","Emmanuel Karnley","CB","Virginia","ACC","interceptions","YDS","0"
"2025","4924141","Misun Kelley","DB","Clemson","ACC","defensive","PD","1"
"2025","4924141","Misun Kelley","DB","Clemson","ACC","defensive","QB HUR","1"
"2025","4924141","Misun Kelley","DB","Clemson","ACC","defensive","SACKS","0"
"2025","4924141","Misun Kelley","DB","Clemson","ACC","defensive","SOLO","9"
"2025","4924141","Misun Kelley","DB","Clemson","ACC","defensive","TD","0"
"2025","4924141","Misun Kelley","DB","Clemson","ACC","defensive","TFL","0"
"2025","4924141","Misun Kelley","DB","Clemson","ACC","defensive","TOT","17"
"2025","4924149","Kerrington Lee","DL","Wake Forest","ACC","defensive","PD","0"
"2025","4924149","Kerrington Lee","DL","Wake Forest","ACC","defensive","QB HUR","0"
"2025","4924149","Kerrington Lee","DL","Wake Forest","ACC","defensive","SACKS","0"
"2025","4924149","Kerrington Lee","DL","Wake Forest","ACC","defensive","SOLO","0"
"2025","4924149","Kerrington Lee","DL","Wake Forest","ACC","defensive","TD","0"
"2025","4924149","Kerrington Lee","DL","Wake Forest","ACC","defensive","TFL","0"
"2025","4924149","Kerrington Lee","DL","Wake Forest","ACC","defensive","TOT","1"
"2025","4941016","Zyian Moultrie-Goddard","LB","Syracuse","ACC","defensive","PD","0"
"2025","4941016","Zyian Moultrie-Goddard","LB","Syracuse","ACC","defensive","QB HUR","0"
"2025","4941016","Zyian Moultrie-Goddard","LB","Syracuse","ACC","defensive","SACKS","0"
"2025","4941016","Zyian Moultrie-Goddard","LB","Syracuse","ACC","defensive","SOLO","7"
"2025","4941016","Zyian Moultrie-Goddard","LB","Syracuse","ACC","defensive","TD","0"
"2025","4941016","Zyian Moultrie-Goddard","LB","Syracuse","ACC","defensive","TFL","1"
"2025","4941016","Zyian Moultrie-Goddard","LB","Syracuse","ACC","defensive","TOT","10"
"2025","4941019","Abdul Muhammad","S","SMU","ACC","defensive","PD","0"
"2025","4941019","Abdul Muhammad","S","SMU","ACC","defensive","QB HUR","1"
"2025","4941019","Abdul Muhammad","S","SMU","ACC","defensive","SACKS","0"
"2025","4941019","Abdul Muhammad","S","SMU","ACC","defensive","SOLO","7"
"2025","4941019","Abdul Muhammad","S","SMU","ACC","defensive","TD","0"
"2025","4941019","Abdul Muhammad","S","SMU","ACC","defensive","TFL","0"
"2025","4941019","Abdul Muhammad","S","SMU","ACC","defensive","TOT","8"
"2025","4950549","Jordan Sanford","DB","California","ACC","defensive","PD","0"
"2025","4950549","Jordan Sanford","DB","California","ACC","defensive","QB HUR","0"
"2025","4950549","Jordan Sanford","DB","California","ACC","defensive","SACKS","0"
"2025","4950549","Jordan Sanford","DB","California","ACC","defensive","SOLO","4"
"2025","4950549","Jordan Sanford","DB","California","ACC","defensive","TD","0"
"2025","4950549","Jordan Sanford","DB","California","ACC","defensive","TFL","0"
"2025","4950549","Jordan Sanford","DB","California","ACC","defensive","TOT","10"
"2025","4950559","Branden Strozier","CB","Clemson","ACC","defensive","PD","5"
"2025","4950559","Branden Strozier","CB","Clemson","ACC","defensive","QB HUR","0"
"2025","4950559","Branden Strozier","CB","Clemson","ACC","defensive","SACKS","0"
"2025","4950559","Branden Strozier","CB","Clemson","ACC","defensive","SOLO","14"
"2025","4950559","Branden Strozier","CB","Clemson","ACC","defensive","TD","0"
"2025","4950559","Branden Strozier","CB","Clemson","ACC","defensive","TFL","1"
"2025","4950559","Branden Strozier","CB","Clemson","ACC","defensive","TOT","21"
"2025","4954446","Zachary Tobe","DB","Georgia Tech","ACC","defensive","PD","2"
"2025","4954446","Zachary Tobe","DB","Georgia Tech","ACC","defensive","QB HUR","0"
"2025","4954446","Zachary Tobe","DB","Georgia Tech","ACC","defensive","SACKS","0"
"2025","4954446","Zachary Tobe","DB","Georgia Tech","ACC","defensive","SOLO","17"
"2025","4954446","Zachary Tobe","DB","Georgia Tech","ACC","defensive","TD","0"
"2025","4954446","Zachary Tobe","DB","Georgia Tech","ACC","defensive","TFL","0"
"2025","4954446","Zachary Tobe","DB","Georgia Tech","ACC","defensive","TOT","30"
"2025","4954446","Zachary Tobe","DB","Georgia Tech","ACC","fumbles","FUM","0"
"2025","4954446","Zachary Tobe","DB","Georgia Tech","ACC","fumbles","LOST","0"
"2025","4954446","Zachary Tobe","DB","Georgia Tech","ACC","fumbles","REC","1"
"2025","4954450","Semaj Turner","DE","Duke","ACC","defensive","PD","0"
"2025","4954450","Semaj Turner","DE","Duke","ACC","defensive","QB HUR","1"
"2025","4954450","Semaj Turner","DE","Duke","ACC","defensive","SACKS","0"
"2025","4954450","Semaj Turner","DE","Duke","ACC","defensive","SOLO","1"
"2025","4954450","Semaj Turner","DE","Duke","ACC","defensive","TD","0"
"2025","4954450","Semaj Turner","DE","Duke","ACC","defensive","TFL","0"
"2025","4954450","Semaj Turner","DE","Duke","ACC","defensive","TOT","6"
"2025","4954451","Rushuan Tongue","DB","Wake Forest","ACC","defensive","PD","1"
"2025","4954451","Rushuan Tongue","DB","Wake Forest","ACC","defensive","QB HUR","0"
"2025","4954451","Rushuan Tongue","DB","Wake Forest","ACC","defensive","SACKS","0"
"2025","4954451","Rushuan Tongue","DB","Wake Forest","ACC","defensive","SOLO","2"
"2025","4954451","Rushuan Tongue","DB","Wake Forest","ACC","defensive","TD","0"
"2025","4954451","Rushuan Tongue","DB","Wake Forest","ACC","defensive","TFL","0"
"2025","4954451","Rushuan Tongue","DB","Wake Forest","ACC","defensive","TOT","4"
"2025","4954453","Cade Uluave","LB","California","ACC","defensive","PD","4"
"2025","4954453","Cade Uluave","LB","California","ACC","defensive","QB HUR","4"
"2025","4954453","Cade Uluave","LB","California","ACC","defensive","SACKS","3"
"2025","4954453","Cade Uluave","LB","California","ACC","defensive","SOLO","42"
"2025","4954453","Cade Uluave","LB","California","ACC","defensive","TD","0"
"2025","4954453","Cade Uluave","LB","California","ACC","defensive","TFL","12.0"
"2025","4954453","Cade Uluave","LB","California","ACC","defensive","TOT","97"
"2025","4954454","Tyler Walton","DL","Wake Forest","ACC","defensive","PD","1"
"2025","4954454","Tyler Walton","DL","Wake Forest","ACC","defensive","QB HUR","2"
"2025","4954454","Tyler Walton","DL","Wake Forest","ACC","defensive","SACKS","0"
"2025","4954454","Tyler Walton","DL","Wake Forest","ACC","defensive","SOLO","7"
"2025","4954454","Tyler Walton","DL","Wake Forest","ACC","defensive","TD","0"
"2025","4954454","Tyler Walton","DL","Wake Forest","ACC","defensive","TFL","0"
"2025","4954454","Tyler Walton","DL","Wake Forest","ACC","defensive","TOT","16"
"2025","4954505","Tre Williams","LB","Stanford","ACC","defensive","PD","0"
"2025","4954505","Tre Williams","LB","Stanford","ACC","defensive","QB HUR","0"
"2025","4954505","Tre Williams","LB","Stanford","ACC","defensive","SACKS","0"
"2025","4954505","Tre Williams","LB","Stanford","ACC","defensive","SOLO","1"
"2025","4954505","Tre Williams","LB","Stanford","ACC","defensive","TD","0"
"2025","4954505","Tre Williams","LB","Stanford","ACC","defensive","TFL","0"
"2025","4954505","Tre Williams","LB","Stanford","ACC","defensive","TOT","2"
"2025","4954509","Caleb Woodson","LB","Virginia Tech","ACC","defensive","PD","1"
"2025","4954509","Caleb Woodson","LB","Virginia Tech","ACC","defensive","QB HUR","1"
"2025","4954509","Caleb Woodson","LB","Virginia Tech","ACC","defensive","SACKS","0"
"2025","4954509","Caleb Woodson","LB","Virginia Tech","ACC","defensive","SOLO","26"
"2025","4954509","Caleb Woodson","LB","Virginia Tech","ACC","defensive","TD","0"
"2025","4954509","Caleb Woodson","LB","Virginia Tech","ACC","defensive","TFL","2.5"
"2025","4954509","Caleb Woodson","LB","Virginia Tech","ACC","defensive","TOT","57"
"2025","4954511","Krystian Williams","CB","Virginia Tech","ACC","defensive","PD","1"
"2025","4954511","Krystian Williams","CB","Virginia Tech","ACC","defensive","QB HUR","0"
"2025","4954511","Krystian Williams","CB","Virginia Tech","ACC","defensive","SACKS","0"
"2025","4954511","Krystian Williams","CB","Virginia Tech","ACC","defensive","SOLO","3"
"2025","4954511","Krystian Williams","CB","Virginia Tech","ACC","defensive","TD","0"
"2025","4954511","Krystian Williams","CB","Virginia Tech","ACC","defensive","TFL","0"
"2025","4954511","Krystian Williams","CB","Virginia Tech","ACC","defensive","TOT","4"
"2025","4972253","Zack Myers","S","NC State","ACC","defensive","PD","0"
"2025","4972253","Zack Myers","S","NC State","ACC","defensive","QB HUR","0"
"2025","4972253","Zack Myers","S","NC State","ACC","defensive","SACKS","0"
"2025","4972253","Zack Myers","S","NC State","ACC","defensive","SOLO","3"
"2025","4972253","Zack Myers","S","NC State","ACC","defensive","TD","0"
"2025","4972253","Zack Myers","S","NC State","ACC","defensive","TFL","0"
"2025","4972253","Zack Myers","S","NC State","ACC","defensive","TOT","4"
"2025","5004520","David Clement","TE","Syracuse","ACC","defensive","PD","0"
"2025","5004520","David Clement","TE","Syracuse","ACC","defensive","QB HUR","0"
"2025","5004520","David Clement","TE","Syracuse","ACC","defensive","SACKS","0"
"2025","5004520","David Clement","TE","Syracuse","ACC","defensive","SOLO","1"
"2025","5004520","David Clement","TE","Syracuse","ACC","defensive","TD","0"
"2025","5004520","David Clement","TE","Syracuse","ACC","defensive","TFL","0"
"2025","5004520","David Clement","TE","Syracuse","ACC","defensive","TOT","1"
"2025","5004520","David Clement","TE","Syracuse","ACC","receiving","LONG","18"
"2025","5004520","David Clement","TE","Syracuse","ACC","receiving","REC","3"
"2025","5004520","David Clement","TE","Syracuse","ACC","receiving","TD","0"
"2025","5004520","David Clement","TE","Syracuse","ACC","receiving","YDS","30"
"2025","5004520","David Clement","TE","Syracuse","ACC","receiving","YPR","10.0"
"2025","5008017","Benjamin Hall","RB","North Carolina","ACC","kickReturns","AVG","24.0"
"2025","5008017","Benjamin Hall","RB","North Carolina","ACC","kickReturns","LONG","24"
"2025","5008017","Benjamin Hall","RB","North Carolina","ACC","kickReturns","NO","1"
"2025","5008017","Benjamin Hall","RB","North Carolina","ACC","kickReturns","TD","0"
"2025","5008017","Benjamin Hall","RB","North Carolina","ACC","kickReturns","YDS","24"
"2025","5008017","Benjamin Hall","RB","North Carolina","ACC","receiving","LONG","14"
"2025","5008017","Benjamin Hall","RB","North Carolina","ACC","receiving","REC","8"
"2025","5008017","Benjamin Hall","RB","North Carolina","ACC","receiving","TD","0"
"2025","5008017","Benjamin Hall","RB","North Carolina","ACC","receiving","YDS","34"
"2025","5008017","Benjamin Hall","RB","North Carolina","ACC","receiving","YPR","4.3"
"2025","5008017","Benjamin Hall","RB","North Carolina","ACC","rushing","CAR","71"
"2025","5008017","Benjamin Hall","RB","North Carolina","ACC","rushing","LONG","18"
"2025","5008017","Benjamin Hall","RB","North Carolina","ACC","rushing","TD","2"
"2025","5008017","Benjamin Hall","RB","North Carolina","ACC","rushing","YDS","274"
"2025","5008017","Benjamin Hall","RB","North Carolina","ACC","rushing","YPC","3.9"
"2025","5026719","Rashard Perry","DL","Syracuse","ACC","defensive","PD","0"
"2025","5026719","Rashard Perry","DL","Syracuse","ACC","defensive","QB HUR","0"
"2025","5026719","Rashard Perry","DL","Syracuse","ACC","defensive","SACKS","0"
"2025","5026719","Rashard Perry","DL","Syracuse","ACC","defensive","SOLO","2"
"2025","5026719","Rashard Perry","DL","Syracuse","ACC","defensive","TD","0"
"2025","5026719","Rashard Perry","DL","Syracuse","ACC","defensive","TFL","0.5"
"2025","5026719","Rashard Perry","DL","Syracuse","ACC","defensive","TOT","4"
"2025","5026719","Rashard Perry","DL","Syracuse","ACC","fumbles","FUM","0"
"2025","5026719","Rashard Perry","DL","Syracuse","ACC","fumbles","LOST","0"
"2025","5026719","Rashard Perry","DL","Syracuse","ACC","fumbles","REC","1"
"2025","5031157","Reed Harris","WR","Boston College","ACC","defensive","PD","0"
"2025","5031157","Reed Harris","WR","Boston College","ACC","defensive","QB HUR","0"
"2025","5031157","Reed Harris","WR","Boston College","ACC","defensive","SACKS","0"
"2025","5031157","Reed Harris","WR","Boston College","ACC","defensive","SOLO","1"
"2025","5031157","Reed Harris","WR","Boston College","ACC","defensive","TD","0"
"2025","5031157","Reed Harris","WR","Boston College","ACC","defensive","TFL","0"
"2025","5031157","Reed Harris","WR","Boston College","ACC","defensive","TOT","1"
"2025","5031157","Reed Harris","WR","Boston College","ACC","receiving","LONG","57"
"2025","5031157","Reed Harris","WR","Boston College","ACC","receiving","REC","39"
"2025","5031157","Reed Harris","WR","Boston College","ACC","receiving","TD","5"
"2025","5031157","Reed Harris","WR","Boston College","ACC","receiving","YDS","673"
"2025","5031157","Reed Harris","WR","Boston College","ACC","receiving","YPR","17.3"
"2025","5031157","Reed Harris","WR","Boston College","ACC","rushing","CAR","1"
"2025","5031157","Reed Harris","WR","Boston College","ACC","rushing","LONG","0"
"2025","5031157","Reed Harris","WR","Boston College","ACC","rushing","TD","0"
"2025","5031157","Reed Harris","WR","Boston College","ACC","rushing","YDS","-4"
"2025","5031157","Reed Harris","WR","Boston College","ACC","rushing","YPC","-4.0"
"2025","5042882","Jason Abbey","DL","Virginia Tech","ACC","defensive","PD","0"
"2025","5042882","Jason Abbey","DL","Virginia Tech","ACC","defensive","QB HUR","0"
"2025","5042882","Jason Abbey","DL","Virginia Tech","ACC","defensive","SACKS","2"
"2025","5042882","Jason Abbey","DL","Virginia Tech","ACC","defensive","SOLO","7"
"2025","5042882","Jason Abbey","DL","Virginia Tech","ACC","defensive","TD","0"
"2025","5042882","Jason Abbey","DL","Virginia Tech","ACC","defensive","TFL","2"
"2025","5042882","Jason Abbey","DL","Virginia Tech","ACC","defensive","TOT","17"
"2025","5054378","Davaughn Patterson","DB","Wake Forest","ACC","defensive","PD","9"
"2025","5054378","Davaughn Patterson","DB","Wake Forest","ACC","defensive","QB HUR","4"
"2025","5054378","Davaughn Patterson","DB","Wake Forest","ACC","defensive","SACKS","0"
"2025","5054378","Davaughn Patterson","DB","Wake Forest","ACC","defensive","SOLO","35"
"2025","5054378","Davaughn Patterson","DB","Wake Forest","ACC","defensive","TD","0"
"2025","5054378","Davaughn Patterson","DB","Wake Forest","ACC","defensive","TFL","4.0"
"2025","5054378","Davaughn Patterson","DB","Wake Forest","ACC","defensive","TOT","80"
"2025","5070545","Serigne Tounkara","LB","California","ACC","defensive","PD","0"
"2025","5070545","Serigne Tounkara","LB","California","ACC","defensive","QB HUR","0"
"2025","5070545","Serigne Tounkara","LB","California","ACC","defensive","SACKS","0"
"2025","5070545","Serigne Tounkara","LB","California","ACC","defensive","SOLO","0"
"2025","5070545","Serigne Tounkara","LB","California","ACC","defensive","TD","0"
"2025","5070545","Serigne Tounkara","LB","California","ACC","defensive","TFL","0"
"2025","5070545","Serigne Tounkara","LB","California","ACC","defensive","TOT","1"
"2025","5075536","Shadarian Harrison","DB","Pittsburgh","ACC","defensive","PD","3"
"2025","5075536","Shadarian Harrison","DB","Pittsburgh","ACC","defensive","QB HUR","0"
"2025","5075536","Shadarian Harrison","DB","Pittsburgh","ACC","defensive","SACKS","0"
"2025","5075536","Shadarian Harrison","DB","Pittsburgh","ACC","defensive","SOLO","17"
"2025","5075536","Shadarian Harrison","DB","Pittsburgh","ACC","defensive","TD","0"
"2025","5075536","Shadarian Harrison","DB","Pittsburgh","ACC","defensive","TFL","0"
"2025","5075536","Shadarian Harrison","DB","Pittsburgh","ACC","defensive","TOT","29"
"2025","5075536","Shadarian Harrison","DB","Pittsburgh","ACC","interceptions","AVG","0.0"
"2025","5075536","Shadarian Harrison","DB","Pittsburgh","ACC","interceptions","INT","1"
"2025","5075536","Shadarian Harrison","DB","Pittsburgh","ACC","interceptions","TD","0"
"2025","5075536","Shadarian Harrison","DB","Pittsburgh","ACC","interceptions","YDS","0"
"2025","5075566","Kelvon Mcbride","LB","NC State","ACC","defensive","PD","0"
"2025","5075566","Kelvon Mcbride","LB","NC State","ACC","defensive","QB HUR","0"
"2025","5075566","Kelvon Mcbride","LB","NC State","ACC","defensive","SACKS","0"
"2025","5075566","Kelvon Mcbride","LB","NC State","ACC","defensive","SOLO","2"
"2025","5075566","Kelvon Mcbride","LB","NC State","ACC","defensive","TD","0"
"2025","5075566","Kelvon Mcbride","LB","NC State","ACC","defensive","TFL","0"
"2025","5075566","Kelvon Mcbride","LB","NC State","ACC","defensive","TOT","5"
"2025","5075800","Emory Williams","QB","Miami","ACC","fumbles","FUM","1"
"2025","5075800","Emory Williams","QB","Miami","ACC","fumbles","LOST","0"
"2025","5075800","Emory Williams","QB","Miami","ACC","fumbles","REC","0"
"2025","5075800","Emory Williams","QB","Miami","ACC","passing","ATT","19"
"2025","5075800","Emory Williams","QB","Miami","ACC","passing","COMPLETIONS","13"
"2025","5075800","Emory Williams","QB","Miami","ACC","passing","INT","0"
"2025","5075800","Emory Williams","QB","Miami","ACC","passing","PCT","0.684"
"2025","5075800","Emory Williams","QB","Miami","ACC","passing","TD","0"
"2025","5075800","Emory Williams","QB","Miami","ACC","passing","YDS","156"
"2025","5075800","Emory Williams","QB","Miami","ACC","passing","YPA","8.2"
"2025","5075800","Emory Williams","QB","Miami","ACC","rushing","CAR","4"
"2025","5075800","Emory Williams","QB","Miami","ACC","rushing","LONG","10"
"2025","5075800","Emory Williams","QB","Miami","ACC","rushing","TD","0"
"2025","5075800","Emory Williams","QB","Miami","ACC","rushing","YDS","19"
"2025","5075800","Emory Williams","QB","Miami","ACC","rushing","YPC","4.8"
"2025","5075806","Shymeik Jones","DL","Georgia Tech","ACC","defensive","PD","1"
"2025","5075806","Shymeik Jones","DL","Georgia Tech","ACC","defensive","QB HUR","0"
"2025","5075806","Shymeik Jones","DL","Georgia Tech","ACC","defensive","SACKS","0"
"2025","5075806","Shymeik Jones","DL","Georgia Tech","ACC","defensive","SOLO","1"
"2025","5075806","Shymeik Jones","DL","Georgia Tech","ACC","defensive","TD","0"
"2025","5075806","Shymeik Jones","DL","Georgia Tech","ACC","defensive","TFL","0"
"2025","5075806","Shymeik Jones","DL","Georgia Tech","ACC","defensive","TOT","4"
"2025","5075960","Quindarrius Jones","DB","Florida State","ACC","defensive","PD","1"
"2025","5075960","Quindarrius Jones","DB","Florida State","ACC","defensive","QB HUR","0"
"2025","5075960","Quindarrius Jones","DB","Florida State","ACC","defensive","SACKS","0"
"2025","5075960","Quindarrius Jones","DB","Florida State","ACC","defensive","SOLO","3"
"2025","5075960","Quindarrius Jones","DB","Florida State","ACC","defensive","TD","0"
"2025","5075960","Quindarrius Jones","DB","Florida State","ACC","defensive","TFL","1"
"2025","5075960","Quindarrius Jones","DB","Florida State","ACC","defensive","TOT","7"
"2025","5076108","Alex Kilgore","LB","SMU","ACC","defensive","PD","2"
"2025","5076108","Alex Kilgore","LB","SMU","ACC","defensive","QB HUR","0"
"2025","5076108","Alex Kilgore","LB","SMU","ACC","defensive","SACKS","0"
"2025","5076108","Alex Kilgore","LB","SMU","ACC","defensive","SOLO","31"
"2025","5076108","Alex Kilgore","LB","SMU","ACC","defensive","TD","1"
"2025","5076108","Alex Kilgore","LB","SMU","ACC","defensive","TFL","3.5"
"2025","5076108","Alex Kilgore","LB","SMU","ACC","defensive","TOT","60"
"2025","5076108","Alex Kilgore","LB","SMU","ACC","interceptions","AVG","5.0"
"2025","5076108","Alex Kilgore","LB","SMU","ACC","interceptions","INT","2"
"2025","5076108","Alex Kilgore","LB","SMU","ACC","interceptions","TD","1"
"2025","5076108","Alex Kilgore","LB","SMU","ACC","interceptions","YDS","10"
"2025","5077204","Michael Short","LB","Virginia Tech","ACC","defensive","PD","1"
"2025","5077204","Michael Short","LB","Virginia Tech","ACC","defensive","QB HUR","0"
"2025","5077204","Michael Short","LB","Virginia Tech","ACC","defensive","SACKS","1"
"2025","5077204","Michael Short","LB","Virginia Tech","ACC","defensive","SOLO","7"
"2025","5077204","Michael Short","LB","Virginia Tech","ACC","defensive","TD","0"
"2025","5077204","Michael Short","LB","Virginia Tech","ACC","defensive","TFL","4.0"
"2025","5077204","Michael Short","LB","Virginia Tech","ACC","defensive","TOT","22"
"2025","5077248","Braylan Lovelace","LB","Pittsburgh","ACC","defensive","PD","2"
"2025","5077248","Braylan Lovelace","LB","Pittsburgh","ACC","defensive","QB HUR","6"
"2025","5077248","Braylan Lovelace","LB","Pittsburgh","ACC","defensive","SACKS","1"
"2025","5077248","Braylan Lovelace","LB","Pittsburgh","ACC","defensive","SOLO","41"
"2025","5077248","Braylan Lovelace","LB","Pittsburgh","ACC","defensive","TD","1"
"2025","5077248","Braylan Lovelace","LB","Pittsburgh","ACC","defensive","TFL","5.5"
"2025","5077248","Braylan Lovelace","LB","Pittsburgh","ACC","defensive","TOT","79"
"2025","5077248","Braylan Lovelace","LB","Pittsburgh","ACC","interceptions","AVG","50.5"
"2025","5077248","Braylan Lovelace","LB","Pittsburgh","ACC","interceptions","INT","2"
"2025","5077248","Braylan Lovelace","LB","Pittsburgh","ACC","interceptions","TD","1"
"2025","5077248","Braylan Lovelace","LB","Pittsburgh","ACC","interceptions","YDS","101"
"2025","5077267","Luke Mergott","LB","Duke","ACC","defensive","PD","3"
"2025","5077267","Luke Mergott","LB","Duke","ACC","defensive","QB HUR","9"
"2025","5077267","Luke Mergott","LB","Duke","ACC","defensive","SACKS","1.5"
"2025","5077267","Luke Mergott","LB","Duke","ACC","defensive","SOLO","48"
"2025","5077267","Luke Mergott","LB","Duke","ACC","defensive","TD","0"
"2025","5077267","Luke Mergott","LB","Duke","ACC","defensive","TFL","7.5"
"2025","5077267","Luke Mergott","LB","Duke","ACC","defensive","TOT","91"
"2025","5077267","Luke Mergott","LB","Duke","ACC","fumbles","FUM","0"
"2025","5077267","Luke Mergott","LB","Duke","ACC","fumbles","LOST","0"
"2025","5077267","Luke Mergott","LB","Duke","ACC","fumbles","REC","2"
"2025","5077267","Luke Mergott","LB","Duke","ACC","interceptions","AVG","0.0"
"2025","5077267","Luke Mergott","LB","Duke","ACC","interceptions","INT","2"
"2025","5077267","Luke Mergott","LB","Duke","ACC","interceptions","TD","0"
"2025","5077267","Luke Mergott","LB","Duke","ACC","interceptions","YDS","0"
"2025","5077304","Zeke Moore","TE","Boston College","ACC","defensive","PD","0"
"2025","5077304","Zeke Moore","TE","Boston College","ACC","defensive","QB HUR","0"
"2025","5077304","Zeke Moore","TE","Boston College","ACC","defensive","SACKS","0"
"2025","5077304","Zeke Moore","TE","Boston College","ACC","defensive","SOLO","1"
"2025","5077304","Zeke Moore","TE","Boston College","ACC","defensive","TD","0"
"2025","5077304","Zeke Moore","TE","Boston College","ACC","defensive","TFL","0"
"2025","5077304","Zeke Moore","TE","Boston College","ACC","defensive","TOT","1"
"2025","5077304","Zeke Moore","TE","Boston College","ACC","kickReturns","AVG","12.0"
"2025","5077304","Zeke Moore","TE","Boston College","ACC","kickReturns","LONG","14"
"2025","5077304","Zeke Moore","TE","Boston College","ACC","kickReturns","NO","2"
"2025","5077304","Zeke Moore","TE","Boston College","ACC","kickReturns","TD","0"
"2025","5077304","Zeke Moore","TE","Boston College","ACC","kickReturns","YDS","24"
"2025","5077304","Zeke Moore","TE","Boston College","ACC","receiving","LONG","4"
"2025","5077304","Zeke Moore","TE","Boston College","ACC","receiving","REC","2"
"2025","5077304","Zeke Moore","TE","Boston College","ACC","receiving","TD","0"
"2025","5077304","Zeke Moore","TE","Boston College","ACC","receiving","YDS","7"
"2025","5077304","Zeke Moore","TE","Boston College","ACC","receiving","YPR","3.5"
"2025","5077406","Kimari Robinson","CB","Duke","ACC","defensive","PD","2"
"2025","5077406","Kimari Robinson","CB","Duke","ACC","defensive","QB HUR","0"
"2025","5077406","Kimari Robinson","CB","Duke","ACC","defensive","SACKS","0"
"2025","5077406","Kimari Robinson","CB","Duke","ACC","defensive","SOLO","18"
"2025","5077406","Kimari Robinson","CB","Duke","ACC","defensive","TD","0"
"2025","5077406","Kimari Robinson","CB","Duke","ACC","defensive","TFL","1.5"
"2025","5077406","Kimari Robinson","CB","Duke","ACC","defensive","TOT","34"
"2025","5077406","Kimari Robinson","CB","Duke","ACC","fumbles","FUM","0"
"2025","5077406","Kimari Robinson","CB","Duke","ACC","fumbles","LOST","0"
"2025","5077406","Kimari Robinson","CB","Duke","ACC","fumbles","REC","1"
"2025","5077804","Chico Holt","TE","Stanford","ACC","defensive","PD","0"
"2025","5077804","Chico Holt","TE","Stanford","ACC","defensive","QB HUR","0"
"2025","5077804","Chico Holt","TE","Stanford","ACC","defensive","SACKS","0"
"2025","5077804","Chico Holt","TE","Stanford","ACC","defensive","SOLO","2"
"2025","5077804","Chico Holt","TE","Stanford","ACC","defensive","TD","0"
"2025","5077804","Chico Holt","TE","Stanford","ACC","defensive","TFL","0"
"2025","5077804","Chico Holt","TE","Stanford","ACC","defensive","TOT","2"
"2025","5077804","Chico Holt","TE","Stanford","ACC","receiving","LONG","36"
"2025","5077804","Chico Holt","TE","Stanford","ACC","receiving","REC","1"
"2025","5077804","Chico Holt","TE","Stanford","ACC","receiving","TD","0"
"2025","5077804","Chico Holt","TE","Stanford","ACC","receiving","YDS","36"
"2025","5077804","Chico Holt","TE","Stanford","ACC","receiving","YPR","36.0"
"2025","5077896","Desmond Aladuge","DT","Duke","ACC","defensive","PD","0"
"2025","5077896","Desmond Aladuge","DT","Duke","ACC","defensive","QB HUR","0"
"2025","5077896","Desmond Aladuge","DT","Duke","ACC","defensive","SACKS","0"
"2025","5077896","Desmond Aladuge","DT","Duke","ACC","defensive","SOLO","0"
"2025","5077896","Desmond Aladuge","DT","Duke","ACC","defensive","TD","0"
"2025","5077896","Desmond Aladuge","DT","Duke","ACC","defensive","TFL","0"
"2025","5077896","Desmond Aladuge","DT","Duke","ACC","defensive","TOT","1"
"2025","5077977","Will Heldt","DE","Clemson","ACC","defensive","PD","2"
"2025","5077977","Will Heldt","DE","Clemson","ACC","defensive","QB HUR","10"
"2025","5077977","Will Heldt","DE","Clemson","ACC","defensive","SACKS","6.0"
"2025","5077977","Will Heldt","DE","Clemson","ACC","defensive","SOLO","20"
"2025","5077977","Will Heldt","DE","Clemson","ACC","defensive","TD","0"
"2025","5077977","Will Heldt","DE","Clemson","ACC","defensive","TFL","14.5"
"2025","5077977","Will Heldt","DE","Clemson","ACC","defensive","TOT","46"
"2025","5078049","T.J. McWilliams","WR","Louisville","ACC","puntReturns","AVG","0"
"2025","5078049","T.J. McWilliams","WR","Louisville","ACC","puntReturns","LONG","19"
"2025","5078049","T.J. McWilliams","WR","Louisville","ACC","puntReturns","NO","0"
"2025","5078049","T.J. McWilliams","WR","Louisville","ACC","puntReturns","TD","0"
"2025","5078049","T.J. McWilliams","WR","Louisville","ACC","puntReturns","YDS","19"
"2025","5078061","Tre Miller","DB","North Carolina","ACC","defensive","PD","0"
"2025","5078061","Tre Miller","DB","North Carolina","ACC","defensive","QB HUR","0"
"2025","5078061","Tre Miller","DB","North Carolina","ACC","defensive","SACKS","0"
"2025","5078061","Tre Miller","DB","North Carolina","ACC","defensive","SOLO","10"
"2025","5078061","Tre Miller","DB","North Carolina","ACC","defensive","TD","0"
"2025","5078061","Tre Miller","DB","North Carolina","ACC","defensive","TFL","0"
"2025","5078061","Tre Miller","DB","North Carolina","ACC","defensive","TOT","13"
"2025","5078098","Kamal Bonner","LB","Miami","ACC","defensive","PD","0"
"2025","5078098","Kamal Bonner","LB","Miami","ACC","defensive","QB HUR","0"
"2025","5078098","Kamal Bonner","LB","Miami","ACC","defensive","SACKS","0"
"2025","5078098","Kamal Bonner","LB","Miami","ACC","defensive","SOLO","0"
"2025","5078098","Kamal Bonner","LB","Miami","ACC","defensive","TD","0"
"2025","5078098","Kamal Bonner","LB","Miami","ACC","defensive","TFL","0"
"2025","5078098","Kamal Bonner","LB","Miami","ACC","defensive","TOT","2"
"2025","5078110","Noah Vaughn","RB","Virginia","ACC","rushing","CAR","23"
"2025","5078110","Noah Vaughn","RB","Virginia","ACC","rushing","LONG","54"
"2025","5078110","Noah Vaughn","RB","Virginia","ACC","rushing","TD","0"
"2025","5078110","Noah Vaughn","RB","Virginia","ACC","rushing","YDS","174"
"2025","5078110","Noah Vaughn","RB","Virginia","ACC","rushing","YPC","7.6"
"2025","5078250","Khalil Barnes","S","Clemson","ACC","defensive","PD","2"
"2025","5078250","Khalil Barnes","S","Clemson","ACC","defensive","QB HUR","5"
"2025","5078250","Khalil Barnes","S","Clemson","ACC","defensive","SACKS","0"
"2025","5078250","Khalil Barnes","S","Clemson","ACC","defensive","SOLO","24"
"2025","5078250","Khalil Barnes","S","Clemson","ACC","defensive","TD","0"
"2025","5078250","Khalil Barnes","S","Clemson","ACC","defensive","TFL","1"
"2025","5078250","Khalil Barnes","S","Clemson","ACC","defensive","TOT","40"
"2025","5078422","Brandon High","RB","California","ACC","fumbles","FUM","1"
"2025","5078422","Brandon High","RB","California","ACC","fumbles","LOST","1"
"2025","5078422","Brandon High","RB","California","ACC","fumbles","REC","0"
"2025","5078422","Brandon High","RB","California","ACC","receiving","LONG","5"
"2025","5078422","Brandon High","RB","California","ACC","receiving","REC","1"
"2025","5078422","Brandon High","RB","California","ACC","receiving","TD","0"
"2025","5078422","Brandon High","RB","California","ACC","receiving","YDS","5"
"2025","5078422","Brandon High","RB","California","ACC","receiving","YPR","5.0"
"2025","5078422","Brandon High","RB","California","ACC","rushing","CAR","23"
"2025","5078422","Brandon High","RB","California","ACC","rushing","LONG","22"
"2025","5078422","Brandon High","RB","California","ACC","rushing","TD","1"
"2025","5078422","Brandon High","RB","California","ACC","rushing","YDS","98"
"2025","5078422","Brandon High","RB","California","ACC","rushing","YPC","4.3"
"2025","5078423","Kamren Robinson","LB","Virginia","ACC","defensive","PD","1"
"2025","5078423","Kamren Robinson","LB","Virginia","ACC","defensive","QB HUR","2"
"2025","5078423","Kamren Robinson","LB","Virginia","ACC","defensive","SACKS","2.0"
"2025","5078423","Kamren Robinson","LB","Virginia","ACC","defensive","SOLO","20"
"2025","5078423","Kamren Robinson","LB","Virginia","ACC","defensive","TD","2"
"2025","5078423","Kamren Robinson","LB","Virginia","ACC","defensive","TFL","4.0"
"2025","5078423","Kamren Robinson","LB","Virginia","ACC","defensive","TOT","64"
"2025","5078423","Kamren Robinson","LB","Virginia","ACC","fumbles","FUM","0"
"2025","5078423","Kamren Robinson","LB","Virginia","ACC","fumbles","LOST","0"
"2025","5078423","Kamren Robinson","LB","Virginia","ACC","fumbles","REC","1"
"2025","5078423","Kamren Robinson","LB","Virginia","ACC","interceptions","AVG","41.0"
"2025","5078423","Kamren Robinson","LB","Virginia","ACC","interceptions","INT","2"
"2025","5078423","Kamren Robinson","LB","Virginia","ACC","interceptions","TD","2"
"2025","5078423","Kamren Robinson","LB","Virginia","ACC","interceptions","YDS","82"
"2025","5078423","Kamren Robinson","LB","Virginia","ACC","puntReturns","AVG","25.0"
"2025","5078423","Kamren Robinson","LB","Virginia","ACC","puntReturns","LONG","25"
"2025","5078423","Kamren Robinson","LB","Virginia","ACC","puntReturns","NO","1"
"2025","5078423","Kamren Robinson","LB","Virginia","ACC","puntReturns","TD","0"
"2025","5078423","Kamren Robinson","LB","Virginia","ACC","puntReturns","YDS","25"
"2025","5078552","Kevin O'Connor","DE","Duke","ACC","defensive","PD","0"
"2025","5078552","Kevin O'Connor","DE","Duke","ACC","defensive","QB HUR","4"
"2025","5078552","Kevin O'Connor","DE","Duke","ACC","defensive","SACKS","0"
"2025","5078552","Kevin O'Connor","DE","Duke","ACC","defensive","SOLO","3"
"2025","5078552","Kevin O'Connor","DE","Duke","ACC","defensive","TD","0"
"2025","5078552","Kevin O'Connor","DE","Duke","ACC","defensive","TFL","1"
"2025","5078552","Kevin O'Connor","DE","Duke","ACC","defensive","TOT","11"
"2025","5078552","Kevin O'Connor","DE","Duke","ACC","rushing","CAR","1"
"2025","5078552","Kevin O'Connor","DE","Duke","ACC","rushing","LONG","6"
"2025","5078552","Kevin O'Connor","DE","Duke","ACC","rushing","TD","0"
"2025","5078552","Kevin O'Connor","DE","Duke","ACC","rushing","YDS","6"
"2025","5078552","Kevin O'Connor","DE","Duke","ACC","rushing","YPC","6.0"
"2025","5079301","CJ Bailey","QB","NC State","ACC","defensive","PD","0"
"2025","5079301","CJ Bailey","QB","NC State","ACC","defensive","QB HUR","0"
"2025","5079301","CJ Bailey","QB","NC State","ACC","defensive","SACKS","0"
"2025","5079301","CJ Bailey","QB","NC State","ACC","defensive","SOLO","1"
"2025","5079301","CJ Bailey","QB","NC State","ACC","defensive","TD","0"
"2025","5079301","CJ Bailey","QB","NC State","ACC","defensive","TFL","0"
"2025","5079301","CJ Bailey","QB","NC State","ACC","defensive","TOT","1"
"2025","5079301","CJ Bailey","QB","NC State","ACC","fumbles","FUM","5"
"2025","5079301","CJ Bailey","QB","NC State","ACC","fumbles","LOST","2"
"2025","5079301","CJ Bailey","QB","NC State","ACC","fumbles","REC","0"
"2025","5079301","CJ Bailey","QB","NC State","ACC","passing","ATT","397"
"2025","5079301","CJ Bailey","QB","NC State","ACC","passing","COMPLETIONS","273"
"2025","5079301","CJ Bailey","QB","NC State","ACC","passing","INT","9"
"2025","5079301","CJ Bailey","QB","NC State","ACC","passing","PCT","0.688"
"2025","5079301","CJ Bailey","QB","NC State","ACC","passing","TD","25"
"2025","5079301","CJ Bailey","QB","NC State","ACC","passing","YDS","3105"
"2025","5079301","CJ Bailey","QB","NC State","ACC","passing","YPA","7.8"
"2025","5079301","CJ Bailey","QB","NC State","ACC","receiving","LONG","0"
"2025","5079301","CJ Bailey","QB","NC State","ACC","receiving","REC","1"
"2025","5079301","CJ Bailey","QB","NC State","ACC","receiving","TD","0"
"2025","5079301","CJ Bailey","QB","NC State","ACC","receiving","YDS","-4"
"2025","5079301","CJ Bailey","QB","NC State","ACC","receiving","YPR","-4.0"
"2025","5079301","CJ Bailey","QB","NC State","ACC","rushing","CAR","89"
"2025","5079301","CJ Bailey","QB","NC State","ACC","rushing","LONG","30"
"2025","5079301","CJ Bailey","QB","NC State","ACC","rushing","TD","6"
"2025","5079301","CJ Bailey","QB","NC State","ACC","rushing","YDS","215"
"2025","5079301","CJ Bailey","QB","NC State","ACC","rushing","YPC","2.4"
"2025","5079308","Aidan Banfield","OL","North Carolina","ACC","defensive","PD","0"
"2025","5079308","Aidan Banfield","OL","North Carolina","ACC","defensive","QB HUR","0"
"2025","5079308","Aidan Banfield","OL","North Carolina","ACC","defensive","SACKS","0"
"2025","5079308","Aidan Banfield","OL","North Carolina","ACC","defensive","SOLO","1"
"2025","5079308","Aidan Banfield","OL","North Carolina","ACC","defensive","TD","0"
"2025","5079308","Aidan Banfield","OL","North Carolina","ACC","defensive","TFL","0"
"2025","5079308","Aidan Banfield","OL","North Carolina","ACC","defensive","TOT","1"
"2025","5079315","Brody Barnhardt","S","NC State","ACC","defensive","PD","0"
"2025","5079315","Brody Barnhardt","S","NC State","ACC","defensive","QB HUR","0"
"2025","5079315","Brody Barnhardt","S","NC State","ACC","defensive","SACKS","0"
"2025","5079315","Brody Barnhardt","S","NC State","ACC","defensive","SOLO","11"
"2025","5079315","Brody Barnhardt","S","NC State","ACC","defensive","TD","0"
"2025","5079315","Brody Barnhardt","S","NC State","ACC","defensive","TFL","0.5"
"2025","5079315","Brody Barnhardt","S","NC State","ACC","defensive","TOT","23"
"2025","5079316","Asaad Brown Jr.","DB","NC State","ACC","defensive","PD","2"
"2025","5079316","Asaad Brown Jr.","DB","NC State","ACC","defensive","QB HUR","0"
"2025","5079316","Asaad Brown Jr.","DB","NC State","ACC","defensive","SACKS","0"
"2025","5079316","Asaad Brown Jr.","DB","NC State","ACC","defensive","SOLO","39"
"2025","5079316","Asaad Brown Jr.","DB","NC State","ACC","defensive","TD","0"
"2025","5079316","Asaad Brown Jr.","DB","NC State","ACC","defensive","TFL","0"
"2025","5079316","Asaad Brown Jr.","DB","NC State","ACC","defensive","TOT","64"
"2025","5079316","Asaad Brown Jr.","DB","NC State","ACC","interceptions","AVG","0.0"
"2025","5079316","Asaad Brown Jr.","DB","NC State","ACC","interceptions","INT","1"
"2025","5079316","Asaad Brown Jr.","DB","NC State","ACC","interceptions","TD","0"
"2025","5079316","Asaad Brown Jr.","DB","NC State","ACC","interceptions","YDS","0"
"2025","5079318","Elijah Brown","QB","Stanford","ACC","fumbles","FUM","1"
"2025","5079318","Elijah Brown","QB","Stanford","ACC","fumbles","LOST","1"
"2025","5079318","Elijah Brown","QB","Stanford","ACC","fumbles","REC","0"
"2025","5079318","Elijah Brown","QB","Stanford","ACC","passing","ATT","127"
"2025","5079318","Elijah Brown","QB","Stanford","ACC","passing","COMPLETIONS","74"
"2025","5079318","Elijah Brown","QB","Stanford","ACC","passing","INT","2"
"2025","5079318","Elijah Brown","QB","Stanford","ACC","passing","PCT","0.583"
"2025","5079318","Elijah Brown","QB","Stanford","ACC","passing","TD","4"
"2025","5079318","Elijah Brown","QB","Stanford","ACC","passing","YDS","829"
"2025","5079318","Elijah Brown","QB","Stanford","ACC","passing","YPA","6.5"
"2025","5079318","Elijah Brown","QB","Stanford","ACC","rushing","CAR","17"
"2025","5079318","Elijah Brown","QB","Stanford","ACC","rushing","LONG","10"
"2025","5079318","Elijah Brown","QB","Stanford","ACC","rushing","TD","0"
"2025","5079318","Elijah Brown","QB","Stanford","ACC","rushing","YDS","-96"
"2025","5079318","Elijah Brown","QB","Stanford","ACC","rushing","YPC","-5.6"
"2025","5079323","Hevin Brown-Shuler","DT","Clemson","ACC","defensive","PD","0"
"2025","5079323","Hevin Brown-Shuler","DT","Clemson","ACC","defensive","QB HUR","0"
"2025","5079323","Hevin Brown-Shuler","DT","Clemson","ACC","defensive","SACKS","0"
"2025","5079323","Hevin Brown-Shuler","DT","Clemson","ACC","defensive","SOLO","1"
"2025","5079323","Hevin Brown-Shuler","DT","Clemson","ACC","defensive","TD","0"
"2025","5079323","Hevin Brown-Shuler","DT","Clemson","ACC","defensive","TFL","0"
"2025","5079323","Hevin Brown-Shuler","DT","Clemson","ACC","defensive","TOT","1"
"2025","5079324","Christian Bentancur","TE","Clemson","ACC","receiving","LONG","45"
"2025","5079324","Christian Bentancur","TE","Clemson","ACC","receiving","REC","20"
"2025","5079324","Christian Bentancur","TE","Clemson","ACC","receiving","TD","3"
"2025","5079324","Christian Bentancur","TE","Clemson","ACC","receiving","YDS","215"
"2025","5079324","Christian Bentancur","TE","Clemson","ACC","receiving","YPR","10.8"
"2025","5079328","BJ Canady","DL","California","ACC","defensive","PD","0"
"2025","5079328","BJ Canady","DL","California","ACC","defensive","QB HUR","0"
"2025","5079328","BJ Canady","DL","California","ACC","defensive","SACKS","0"
"2025","5079328","BJ Canady","DL","California","ACC","defensive","SOLO","2"
"2025","5079328","BJ Canady","DL","California","ACC","defensive","TD","0"
"2025","5079328","BJ Canady","DL","California","ACC","defensive","TFL","1"
"2025","5079328","BJ Canady","DL","California","ACC","defensive","TOT","6"
"2025","5079330","T.J. Capers","LB","Louisville","ACC","defensive","PD","1"
"2025","5079330","T.J. Capers","LB","Louisville","ACC","defensive","QB HUR","0"
"2025","5079330","T.J. Capers","LB","Louisville","ACC","defensive","SACKS","0"
"2025","5079330","T.J. Capers","LB","Louisville","ACC","defensive","SOLO","23"
"2025","5079330","T.J. Capers","LB","Louisville","ACC","defensive","TD","0"
"2025","5079330","T.J. Capers","LB","Louisville","ACC","defensive","TFL","3"
"2025","5079330","T.J. Capers","LB","Louisville","ACC","defensive","TOT","46"
"2025","5079330","T.J. Capers","LB","Louisville","ACC","interceptions","AVG","0.0"
"2025","5079330","T.J. Capers","LB","Louisville","ACC","interceptions","INT","1"
"2025","5079330","T.J. Capers","LB","Louisville","ACC","interceptions","TD","0"
"2025","5079330","T.J. Capers","LB","Louisville","ACC","interceptions","YDS","0"
"2025","5079342","Sammy Brown","LB","Clemson","ACC","defensive","PD","5"
"2025","5079342","Sammy Brown","LB","Clemson","ACC","defensive","QB HUR","6"
"2025","5079342","Sammy Brown","LB","Clemson","ACC","defensive","SACKS","5.5"
"2025","5079342","Sammy Brown","LB","Clemson","ACC","defensive","SOLO","51"
"2025","5079342","Sammy Brown","LB","Clemson","ACC","defensive","TD","0"
"2025","5079342","Sammy Brown","LB","Clemson","ACC","defensive","TFL","14.0"
"2025","5079342","Sammy Brown","LB","Clemson","ACC","defensive","TOT","107"
"2025","5079342","Sammy Brown","LB","Clemson","ACC","fumbles","FUM","0"
"2025","5079342","Sammy Brown","LB","Clemson","ACC","fumbles","LOST","0"
"2025","5079342","Sammy Brown","LB","Clemson","ACC","fumbles","REC","1"
"2025","5079342","Sammy Brown","LB","Clemson","ACC","interceptions","AVG","19.0"
"2025","5079342","Sammy Brown","LB","Clemson","ACC","interceptions","INT","1"
"2025","5079342","Sammy Brown","LB","Clemson","ACC","interceptions","TD","0"
"2025","5079342","Sammy Brown","LB","Clemson","ACC","interceptions","YDS","19"
"2025","5079349","Isaac Brown","RB","Louisville","ACC","fumbles","FUM","3"
"2025","5079349","Isaac Brown","RB","Louisville","ACC","fumbles","LOST","3"
"2025","5079349","Isaac Brown","RB","Louisville","ACC","fumbles","REC","0"
"2025","5079349","Isaac Brown","RB","Louisville","ACC","receiving","LONG","12"
"2025","5079349","Isaac Brown","RB","Louisville","ACC","receiving","REC","13"
"2025","5079349","Isaac Brown","RB","Louisville","ACC","receiving","TD","0"
"2025","5079349","Isaac Brown","RB","Louisville","ACC","receiving","YDS","48"
"2025","5079349","Isaac Brown","RB","Louisville","ACC","receiving","YPR","3.7"
"2025","5079349","Isaac Brown","RB","Louisville","ACC","rushing","CAR","101"
"2025","5079349","Isaac Brown","RB","Louisville","ACC","rushing","LONG","78"
"2025","5079349","Isaac Brown","RB","Louisville","ACC","rushing","TD","7"
"2025","5079349","Isaac Brown","RB","Louisville","ACC","rushing","YDS","884"
"2025","5079349","Isaac Brown","RB","Louisville","ACC","rushing","YPC","8.8"
"2025","5079351","Caden Brown","LB","Syracuse","ACC","defensive","PD","0"
"2025","5079351","Caden Brown","LB","Syracuse","ACC","defensive","QB HUR","0"
"2025","5079351","Caden Brown","LB","Syracuse","ACC","defensive","SACKS","0"
"2025","5079351","Caden Brown","LB","Syracuse","ACC","defensive","SOLO","0"
"2025","5079351","Caden Brown","LB","Syracuse","ACC","defensive","TD","0"
"2025","5079351","Caden Brown","LB","Syracuse","ACC","defensive","TFL","0"
"2025","5079351","Caden Brown","LB","Syracuse","ACC","defensive","TOT","1"
"2025","5079361","Makai Byerson","DL","Boston College","ACC","defensive","PD","0"
"2025","5079361","Makai Byerson","DL","Boston College","ACC","defensive","QB HUR","0"
"2025","5079361","Makai Byerson","DL","Boston College","ACC","defensive","SACKS","0"
"2025","5079361","Makai Byerson","DL","Boston College","ACC","defensive","SOLO","3"
"2025","5079361","Makai Byerson","DL","Boston College","ACC","defensive","TD","0"
"2025","5079361","Makai Byerson","DL","Boston College","ACC","defensive","TFL","0"
"2025","5079361","Makai Byerson","DL","Boston College","ACC","defensive","TOT","6"
"2025","5079364","Kam Davis","RB","Florida State","ACC","receiving","LONG","32"
"2025","5079364","Kam Davis","RB","Florida State","ACC","receiving","REC","3"
"2025","5079364","Kam Davis","RB","Florida State","ACC","receiving","TD","0"
"2025","5079364","Kam Davis","RB","Florida State","ACC","receiving","YDS","46"
"2025","5079364","Kam Davis","RB","Florida State","ACC","receiving","YPR","15.3"
"2025","5079364","Kam Davis","RB","Florida State","ACC","rushing","CAR","8"
"2025","5079364","Kam Davis","RB","Florida State","ACC","rushing","LONG","24"
"2025","5079364","Kam Davis","RB","Florida State","ACC","rushing","TD","1"
"2025","5079364","Kam Davis","RB","Florida State","ACC","rushing","YDS","51"
"2025","5079364","Kam Davis","RB","Florida State","ACC","rushing","YPC","6.4"
"2025","5079371","Chris Davis Jr.","RB","Stanford","ACC","kickReturns","AVG","16.0"
"2025","5079371","Chris Davis Jr.","RB","Stanford","ACC","kickReturns","LONG","16"
"2025","5079371","Chris Davis Jr.","RB","Stanford","ACC","kickReturns","NO","1"
"2025","5079371","Chris Davis Jr.","RB","Stanford","ACC","kickReturns","TD","0"
"2025","5079371","Chris Davis Jr.","RB","Stanford","ACC","kickReturns","YDS","16"
"2025","5079374","Ny Carr","WR","Miami","ACC","receiving","LONG","25"
"2025","5079374","Ny Carr","WR","Miami","ACC","receiving","REC","3"
"2025","5079374","Ny Carr","WR","Miami","ACC","receiving","TD","0"
"2025","5079374","Ny Carr","WR","Miami","ACC","receiving","YDS","45"
"2025","5079374","Ny Carr","WR","Miami","ACC","receiving","YPR","15.0"
"2025","5079375","Noah Dixon","S","Clemson","ACC","defensive","PD","0"
"2025","5079375","Noah Dixon","S","Clemson","ACC","defensive","QB HUR","0"
"2025","5079375","Noah Dixon","S","Clemson","ACC","defensive","SACKS","0"
"2025","5079375","Noah Dixon","S","Clemson","ACC","defensive","SOLO","1"
"2025","5079375","Noah Dixon","S","Clemson","ACC","defensive","TD","0"
"2025","5079375","Noah Dixon","S","Clemson","ACC","defensive","TFL","0"
"2025","5079375","Noah Dixon","S","Clemson","ACC","defensive","TOT","1"
"2025","5079394","Jamorie Flagg","DL","Florida State","ACC","defensive","PD","0"
"2025","5079394","Jamorie Flagg","DL","Florida State","ACC","defensive","QB HUR","0"
"2025","5079394","Jamorie Flagg","DL","Florida State","ACC","defensive","SACKS","0"
"2025","5079394","Jamorie Flagg","DL","Florida State","ACC","defensive","SOLO","1"
"2025","5079394","Jamorie Flagg","DL","Florida State","ACC","defensive","TD","0"
"2025","5079394","Jamorie Flagg","DL","Florida State","ACC","defensive","TFL","0"
"2025","5079394","Jamorie Flagg","DL","Florida State","ACC","defensive","TOT","2"
"2025","5079408","Fatim Diggs","LB","Syracuse","ACC","defensive","PD","1"
"2025","5079408","Fatim Diggs","LB","Syracuse","ACC","defensive","QB HUR","0"
"2025","5079408","Fatim Diggs","LB","Syracuse","ACC","defensive","SACKS","0"
"2025","5079408","Fatim Diggs","LB","Syracuse","ACC","defensive","SOLO","2"
"2025","5079408","Fatim Diggs","LB","Syracuse","ACC","defensive","TD","0"
"2025","5079408","Fatim Diggs","LB","Syracuse","ACC","defensive","TFL","0"
"2025","5079408","Fatim Diggs","LB","Syracuse","ACC","defensive","TOT","3"
"2025","5079411","Sterling Dixon","LB","NC State","ACC","defensive","PD","0"
"2025","5079411","Sterling Dixon","LB","NC State","ACC","defensive","QB HUR","0"
"2025","5079411","Sterling Dixon","LB","NC State","ACC","defensive","SACKS","0"
"2025","5079411","Sterling Dixon","LB","NC State","ACC","defensive","SOLO","0"
"2025","5079411","Sterling Dixon","LB","NC State","ACC","defensive","TD","0"
"2025","5079411","Sterling Dixon","LB","NC State","ACC","defensive","TFL","0.5"
"2025","5079411","Sterling Dixon","LB","NC State","ACC","defensive","TOT","1"
"2025","5079415","Corian Gipson","CB","Clemson","ACC","defensive","PD","3"
"2025","5079415","Corian Gipson","CB","Clemson","ACC","defensive","QB HUR","0"
"2025","5079415","Corian Gipson","CB","Clemson","ACC","defensive","SACKS","0"
"2025","5079415","Corian Gipson","CB","Clemson","ACC","defensive","SOLO","7"
"2025","5079415","Corian Gipson","CB","Clemson","ACC","defensive","TD","0"
"2025","5079415","Corian Gipson","CB","Clemson","ACC","defensive","TFL","0"
"2025","5079415","Corian Gipson","CB","Clemson","ACC","defensive","TOT","12"
"2025","5079438","David Eziomume","RB","Clemson","ACC","fumbles","FUM","1"
"2025","5079438","David Eziomume","RB","Clemson","ACC","fumbles","LOST","1"
"2025","5079438","David Eziomume","RB","Clemson","ACC","fumbles","REC","0"
"2025","5079438","David Eziomume","RB","Clemson","ACC","puntReturns","AVG","-12.0"
"2025","5079438","David Eziomume","RB","Clemson","ACC","puntReturns","LONG","0"
"2025","5079438","David Eziomume","RB","Clemson","ACC","puntReturns","NO","1"
"2025","5079438","David Eziomume","RB","Clemson","ACC","puntReturns","TD","0"
"2025","5079438","David Eziomume","RB","Clemson","ACC","puntReturns","YDS","-12"
"2025","5079438","David Eziomume","RB","Clemson","ACC","receiving","LONG","4"
"2025","5079438","David Eziomume","RB","Clemson","ACC","receiving","REC","3"
"2025","5079438","David Eziomume","RB","Clemson","ACC","receiving","TD","0"
"2025","5079438","David Eziomume","RB","Clemson","ACC","receiving","YDS","10"
"2025","5079438","David Eziomume","RB","Clemson","ACC","receiving","YPR","3.3"
"2025","5079438","David Eziomume","RB","Clemson","ACC","rushing","CAR","16"
"2025","5079438","David Eziomume","RB","Clemson","ACC","rushing","LONG","19"
"2025","5079438","David Eziomume","RB","Clemson","ACC","rushing","TD","0"
"2025","5079438","David Eziomume","RB","Clemson","ACC","rushing","YDS","71"
"2025","5079438","David Eziomume","RB","Clemson","ACC","rushing","YPC","4.4"
"2025","5079445","Zion Ferguson","DB","Pittsburgh","ACC","defensive","PD","0"
"2025","5079445","Zion Ferguson","DB","Pittsburgh","ACC","defensive","QB HUR","0"
"2025","5079445","Zion Ferguson","DB","Pittsburgh","ACC","defensive","SACKS","0"
"2025","5079445","Zion Ferguson","DB","Pittsburgh","ACC","defensive","SOLO","5"
"2025","5079445","Zion Ferguson","DB","Pittsburgh","ACC","defensive","TD","0"
"2025","5079445","Zion Ferguson","DB","Pittsburgh","ACC","defensive","TFL","0"
"2025","5079445","Zion Ferguson","DB","Pittsburgh","ACC","defensive","TOT","8"
"2025","5079468","Davion Gause","RB","North Carolina","ACC","fumbles","FUM","2"
"2025","5079468","Davion Gause","RB","North Carolina","ACC","fumbles","LOST","2"
"2025","5079468","Davion Gause","RB","North Carolina","ACC","fumbles","REC","0"
"2025","5079468","Davion Gause","RB","North Carolina","ACC","kickReturns","AVG","8.0"
"2025","5079468","Davion Gause","RB","North Carolina","ACC","kickReturns","LONG","8"
"2025","5079468","Davion Gause","RB","North Carolina","ACC","kickReturns","NO","1"
"2025","5079468","Davion Gause","RB","North Carolina","ACC","kickReturns","TD","0"
"2025","5079468","Davion Gause","RB","North Carolina","ACC","kickReturns","YDS","8"
"2025","5079468","Davion Gause","RB","North Carolina","ACC","receiving","LONG","20"
"2025","5079468","Davion Gause","RB","North Carolina","ACC","receiving","REC","16"
"2025","5079468","Davion Gause","RB","North Carolina","ACC","receiving","TD","2"
"2025","5079468","Davion Gause","RB","North Carolina","ACC","receiving","YDS","132"
"2025","5079468","Davion Gause","RB","North Carolina","ACC","receiving","YPR","8.3"
"2025","5079468","Davion Gause","RB","North Carolina","ACC","rushing","CAR","61"
"2025","5079468","Davion Gause","RB","North Carolina","ACC","rushing","LONG","25"
"2025","5079468","Davion Gause","RB","North Carolina","ACC","rushing","TD","3"
"2025","5079468","Davion Gause","RB","North Carolina","ACC","rushing","YDS","258"
"2025","5079468","Davion Gause","RB","North Carolina","ACC","rushing","YPC","4.2"
"2025","5079488","Jamari Howard","DB","Florida State","ACC","defensive","PD","1"
"2025","5079488","Jamari Howard","DB","Florida State","ACC","defensive","QB HUR","0"
"2025","5079488","Jamari Howard","DB","Florida State","ACC","defensive","SACKS","0"
"2025","5079488","Jamari Howard","DB","Florida State","ACC","defensive","SOLO","0"
"2025","5079488","Jamari Howard","DB","Florida State","ACC","defensive","TD","0"
"2025","5079488","Jamari Howard","DB","Florida State","ACC","defensive","TFL","0"
"2025","5079488","Jamari Howard","DB","Florida State","ACC","defensive","TOT","1"
"2025","5079495","Jahide Lesaine Jr.","LB","Syracuse","ACC","defensive","PD","0"
"2025","5079495","Jahide Lesaine Jr.","LB","Syracuse","ACC","defensive","QB HUR","0"
"2025","5079495","Jahide Lesaine Jr.","LB","Syracuse","ACC","defensive","SACKS","0"
"2025","5079495","Jahide Lesaine Jr.","LB","Syracuse","ACC","defensive","SOLO","2"
"2025","5079495","Jahide Lesaine Jr.","LB","Syracuse","ACC","defensive","TD","0"
"2025","5079495","Jahide Lesaine Jr.","LB","Syracuse","ACC","defensive","TFL","0"
"2025","5079495","Jahide Lesaine Jr.","LB","Syracuse","ACC","defensive","TOT","3"
"2025","5079495","Jahide Lesaine Jr.","LB","Syracuse","ACC","fumbles","FUM","0"
"2025","5079495","Jahide Lesaine Jr.","LB","Syracuse","ACC","fumbles","LOST","0"
"2025","5079495","Jahide Lesaine Jr.","LB","Syracuse","ACC","fumbles","REC","1"
"2025","5079503","Elija Lofton","TE","Miami","ACC","receiving","LONG","29"
"2025","5079503","Elija Lofton","TE","Miami","ACC","receiving","REC","23"
"2025","5079503","Elija Lofton","TE","Miami","ACC","receiving","TD","3"
"2025","5079503","Elija Lofton","TE","Miami","ACC","receiving","YDS","218"
"2025","5079503","Elija Lofton","TE","Miami","ACC","receiving","YPR","9.5"
"2025","5079503","Elija Lofton","TE","Miami","ACC","rushing","CAR","3"
"2025","5079503","Elija Lofton","TE","Miami","ACC","rushing","LONG","4"
"2025","5079503","Elija Lofton","TE","Miami","ACC","rushing","TD","0"
"2025","5079503","Elija Lofton","TE","Miami","ACC","rushing","YDS","11"
"2025","5079503","Elija Lofton","TE","Miami","ACC","rushing","YPC","3.7"
"2025","5079523","Derrick McFall","RB","SMU","ACC","receiving","LONG","27"
"2025","5079523","Derrick McFall","RB","SMU","ACC","receiving","REC","19"
"2025","5079523","Derrick McFall","RB","SMU","ACC","receiving","TD","2"
"2025","5079523","Derrick McFall","RB","SMU","ACC","receiving","YDS","160"
"2025","5079523","Derrick McFall","RB","SMU","ACC","receiving","YPR","8.4"
"2025","5079523","Derrick McFall","RB","SMU","ACC","rushing","CAR","35"
"2025","5079523","Derrick McFall","RB","SMU","ACC","rushing","LONG","48"
"2025","5079523","Derrick McFall","RB","SMU","ACC","rushing","TD","4"
"2025","5079523","Derrick McFall","RB","SMU","ACC","rushing","YDS","189"
"2025","5079523","Derrick McFall","RB","SMU","ACC","rushing","YPC","5.4"
"2025","5079524","Keenan Jackson","WR","NC State","ACC","receiving","LONG","33"
"2025","5079524","Keenan Jackson","WR","NC State","ACC","receiving","REC","28"
"2025","5079524","Keenan Jackson","WR","NC State","ACC","receiving","TD","2"
"2025","5079524","Keenan Jackson","WR","NC State","ACC","receiving","YDS","281"
"2025","5079524","Keenan Jackson","WR","NC State","ACC","receiving","YPR","10.0"
"2025","5079539","Elijah Moore","WR","Florida State","ACC","receiving","LONG","19"
"2025","5079539","Elijah Moore","WR","Florida State","ACC","receiving","REC","3"
"2025","5079539","Elijah Moore","WR","Florida State","ACC","receiving","TD","0"
"2025","5079539","Elijah Moore","WR","Florida State","ACC","receiving","YDS","52"
"2025","5079539","Elijah Moore","WR","Florida State","ACC","receiving","YPR","17.3"
"2025","5079544","Ricardo Jones","S","Clemson","ACC","defensive","PD","3"
"2025","5079544","Ricardo Jones","S","Clemson","ACC","defensive","QB HUR","0"
"2025","5079544","Ricardo Jones","S","Clemson","ACC","defensive","SACKS","0"
"2025","5079544","Ricardo Jones","S","Clemson","ACC","defensive","SOLO","25"
"2025","5079544","Ricardo Jones","S","Clemson","ACC","defensive","TD","1"
"2025","5079544","Ricardo Jones","S","Clemson","ACC","defensive","TFL","1"
"2025","5079544","Ricardo Jones","S","Clemson","ACC","defensive","TOT","39"
"2025","5079544","Ricardo Jones","S","Clemson","ACC","fumbles","FUM","0"
"2025","5079544","Ricardo Jones","S","Clemson","ACC","fumbles","LOST","0"
"2025","5079544","Ricardo Jones","S","Clemson","ACC","fumbles","REC","1"
"2025","5079544","Ricardo Jones","S","Clemson","ACC","interceptions","AVG","5.3"
"2025","5079544","Ricardo Jones","S","Clemson","ACC","interceptions","INT","6"
"2025","5079544","Ricardo Jones","S","Clemson","ACC","interceptions","TD","1"
"2025","5079544","Ricardo Jones","S","Clemson","ACC","interceptions","YDS","32"
"2025","5079565","Booker Pickett","DL","Miami","ACC","defensive","PD","0"
"2025","5079565","Booker Pickett","DL","Miami","ACC","defensive","QB HUR","0"
"2025","5079565","Booker Pickett","DL","Miami","ACC","defensive","SACKS","1"
"2025","5079565","Booker Pickett","DL","Miami","ACC","defensive","SOLO","2"
"2025","5079565","Booker Pickett","DL","Miami","ACC","defensive","TD","0"
"2025","5079565","Booker Pickett","DL","Miami","ACC","defensive","TFL","1"
"2025","5079565","Booker Pickett","DL","Miami","ACC","defensive","TOT","5"
"2025","5079566","Charles Lester III","DB","Florida State","ACC","defensive","PD","0"
"2025","5079566","Charles Lester III","DB","Florida State","ACC","defensive","QB HUR","0"
"2025","5079566","Charles Lester III","DB","Florida State","ACC","defensive","SACKS","0"
"2025","5079566","Charles Lester III","DB","Florida State","ACC","defensive","SOLO","3"
"2025","5079566","Charles Lester III","DB","Florida State","ACC","defensive","TD","0"
"2025","5079566","Charles Lester III","DB","Florida State","ACC","defensive","TFL","0"
"2025","5079566","Charles Lester III","DB","Florida State","ACC","defensive","TOT","4"
"2025","5079579","Cameron Lindsey","LB","Pittsburgh","ACC","defensive","PD","1"
"2025","5079579","Cameron Lindsey","LB","Pittsburgh","ACC","defensive","QB HUR","0"
"2025","5079579","Cameron Lindsey","LB","Pittsburgh","ACC","defensive","SACKS","2"
"2025","5079579","Cameron Lindsey","LB","Pittsburgh","ACC","defensive","SOLO","20"
"2025","5079579","Cameron Lindsey","LB","Pittsburgh","ACC","defensive","TD","0"
"2025","5079579","Cameron Lindsey","LB","Pittsburgh","ACC","defensive","TFL","5.5"
"2025","5079579","Cameron Lindsey","LB","Pittsburgh","ACC","defensive","TOT","32"
"2025","5079591","Jordan Lyle","RB","Miami","ACC","receiving","LONG","9"
"2025","5079591","Jordan Lyle","RB","Miami","ACC","receiving","REC","3"
"2025","5079591","Jordan Lyle","RB","Miami","ACC","receiving","TD","0"
"2025","5079591","Jordan Lyle","RB","Miami","ACC","receiving","YDS","22"
"2025","5079591","Jordan Lyle","RB","Miami","ACC","receiving","YPR","7.3"
"2025","5079591","Jordan Lyle","RB","Miami","ACC","rushing","CAR","35"
"2025","5079591","Jordan Lyle","RB","Miami","ACC","rushing","LONG","17"
"2025","5079591","Jordan Lyle","RB","Miami","ACC","rushing","TD","1"
"2025","5079591","Jordan Lyle","RB","Miami","ACC","rushing","YDS","108"
"2025","5079591","Jordan Lyle","RB","Miami","ACC","rushing","YPC","3.1"
"2025","5079598","Jon Mitchell","DB","Georgia Tech","ACC","defensive","PD","0"
"2025","5079598","Jon Mitchell","DB","Georgia Tech","ACC","defensive","QB HUR","0"
"2025","5079598","Jon Mitchell","DB","Georgia Tech","ACC","defensive","SACKS","0"
"2025","5079598","Jon Mitchell","DB","Georgia Tech","ACC","defensive","SOLO","6"
"2025","5079598","Jon Mitchell","DB","Georgia Tech","ACC","defensive","TD","0"
"2025","5079598","Jon Mitchell","DB","Georgia Tech","ACC","defensive","TFL","0"
"2025","5079598","Jon Mitchell","DB","Georgia Tech","ACC","defensive","TOT","9"
"2025","5079599","Dylan Stephenson","LB","Stanford","ACC","defensive","PD","0"
"2025","5079599","Dylan Stephenson","LB","Stanford","ACC","defensive","QB HUR","0"
"2025","5079599","Dylan Stephenson","LB","Stanford","ACC","defensive","SACKS","0"
"2025","5079599","Dylan Stephenson","LB","Stanford","ACC","defensive","SOLO","4"
"2025","5079599","Dylan Stephenson","LB","Stanford","ACC","defensive","TD","0"
"2025","5079599","Dylan Stephenson","LB","Stanford","ACC","defensive","TFL","0"
"2025","5079599","Dylan Stephenson","LB","Stanford","ACC","defensive","TOT","6"
"2025","5079608","Champ Thompson","DT","Clemson","ACC","defensive","PD","1"
"2025","5079608","Champ Thompson","DT","Clemson","ACC","defensive","QB HUR","1"
"2025","5079608","Champ Thompson","DT","Clemson","ACC","defensive","SACKS","1"
"2025","5079608","Champ Thompson","DT","Clemson","ACC","defensive","SOLO","2"
"2025","5079608","Champ Thompson","DT","Clemson","ACC","defensive","TD","0"
"2025","5079608","Champ Thompson","DT","Clemson","ACC","defensive","TFL","1"
"2025","5079608","Champ Thompson","DT","Clemson","ACC","defensive","TOT","3"
"2025","5079610","Jayden Moore","WR","Duke","ACC","kickReturns","AVG","25.3"
"2025","5079610","Jayden Moore","WR","Duke","ACC","kickReturns","LONG","37"
"2025","5079610","Jayden Moore","WR","Duke","ACC","kickReturns","NO","3"
"2025","5079610","Jayden Moore","WR","Duke","ACC","kickReturns","TD","0"
"2025","5079610","Jayden Moore","WR","Duke","ACC","kickReturns","YDS","76"
"2025","5079610","Jayden Moore","WR","Duke","ACC","receiving","LONG","15"
"2025","5079610","Jayden Moore","WR","Duke","ACC","receiving","REC","7"
"2025","5079610","Jayden Moore","WR","Duke","ACC","receiving","TD","0"
"2025","5079610","Jayden Moore","WR","Duke","ACC","receiving","YDS","42"
"2025","5079610","Jayden Moore","WR","Duke","ACC","receiving","YPR","6.0"
"2025","5079666","Ronnie Royal III","S","NC State","ACC","defensive","PD","1"
"2025","5079666","Ronnie Royal III","S","NC State","ACC","defensive","QB HUR","0"
"2025","5079666","Ronnie Royal III","S","NC State","ACC","defensive","SACKS","0"
"2025","5079666","Ronnie Royal III","S","NC State","ACC","defensive","SOLO","28"
"2025","5079666","Ronnie Royal III","S","NC State","ACC","defensive","TD","0"
"2025","5079666","Ronnie Royal III","S","NC State","ACC","defensive","TFL","1.5"
"2025","5079666","Ronnie Royal III","S","NC State","ACC","defensive","TOT","49"
"2025","5079666","Ronnie Royal III","S","NC State","ACC","interceptions","AVG","5.0"
"2025","5079666","Ronnie Royal III","S","NC State","ACC","interceptions","INT","1"
"2025","5079666","Ronnie Royal III","S","NC State","ACC","interceptions","TD","0"
"2025","5079666","Ronnie Royal III","S","NC State","ACC","interceptions","YDS","5"
"2025","5079678","Justin Scott","DL","Miami","ACC","defensive","PD","1"
"2025","5079678","Justin Scott","DL","Miami","ACC","defensive","QB HUR","0"
"2025","5079678","Justin Scott","DL","Miami","ACC","defensive","SACKS","1"
"2025","5079678","Justin Scott","DL","Miami","ACC","defensive","SOLO","15"
"2025","5079678","Justin Scott","DL","Miami","ACC","defensive","TD","0"
"2025","5079678","Justin Scott","DL","Miami","ACC","defensive","TFL","6.5"
"2025","5079678","Justin Scott","DL","Miami","ACC","defensive","TOT","26"
"2025","5079687","Jordan Shipp","WR","North Carolina","ACC","passing","ATT","1"
"2025","5079687","Jordan Shipp","WR","North Carolina","ACC","passing","COMPLETIONS","0"
"2025","5079687","Jordan Shipp","WR","North Carolina","ACC","passing","INT","0"
"2025","5079687","Jordan Shipp","WR","North Carolina","ACC","passing","PCT","0.000"
"2025","5079687","Jordan Shipp","WR","North Carolina","ACC","passing","TD","0"
"2025","5079687","Jordan Shipp","WR","North Carolina","ACC","passing","YDS","0"
"2025","5079687","Jordan Shipp","WR","North Carolina","ACC","passing","YPA","0.0"
"2025","5079687","Jordan Shipp","WR","North Carolina","ACC","receiving","LONG","55"
"2025","5079687","Jordan Shipp","WR","North Carolina","ACC","receiving","REC","60"
"2025","5079687","Jordan Shipp","WR","North Carolina","ACC","receiving","TD","6"
"2025","5079687","Jordan Shipp","WR","North Carolina","ACC","receiving","YDS","671"
"2025","5079687","Jordan Shipp","WR","North Carolina","ACC","receiving","YPR","11.2"
"2025","5079687","Jordan Shipp","WR","North Carolina","ACC","rushing","CAR","2"
"2025","5079687","Jordan Shipp","WR","North Carolina","ACC","rushing","LONG","7"
"2025","5079687","Jordan Shipp","WR","North Carolina","ACC","rushing","TD","0"
"2025","5079687","Jordan Shipp","WR","North Carolina","ACC","rushing","YDS","8"
"2025","5079687","Jordan Shipp","WR","North Carolina","ACC","rushing","YPC","4.0"
"2025","5079696","D'Ante Robinson","DL","North Carolina","ACC","defensive","PD","0"
"2025","5079696","D'Ante Robinson","DL","North Carolina","ACC","defensive","QB HUR","4"
"2025","5079696","D'Ante Robinson","DL","North Carolina","ACC","defensive","SACKS","0.5"
"2025","5079696","D'Ante Robinson","DL","North Carolina","ACC","defensive","SOLO","16"
"2025","5079696","D'Ante Robinson","DL","North Carolina","ACC","defensive","TD","0"
"2025","5079696","D'Ante Robinson","DL","North Carolina","ACC","defensive","TFL","2.5"
"2025","5079696","D'Ante Robinson","DL","North Carolina","ACC","defensive","TOT","36"
"2025","5079704","Emanuel Ross","WR","Syracuse","ACC","receiving","LONG","20"
"2025","5079704","Emanuel Ross","WR","Syracuse","ACC","receiving","REC","10"
"2025","5079704","Emanuel Ross","WR","Syracuse","ACC","receiving","TD","1"
"2025","5079704","Emanuel Ross","WR","Syracuse","ACC","receiving","YDS","110"
"2025","5079704","Emanuel Ross","WR","Syracuse","ACC","receiving","YPR","11.0"
"2025","5079730","Syair Torrence","DB","Boston College","ACC","defensive","PD","3"
"2025","5079730","Syair Torrence","DB","Boston College","ACC","defensive","QB HUR","0"
"2025","5079730","Syair Torrence","DB","Boston College","ACC","defensive","SACKS","0"
"2025","5079730","Syair Torrence","DB","Boston College","ACC","defensive","SOLO","2"
"2025","5079730","Syair Torrence","DB","Boston College","ACC","defensive","TD","0"
"2025","5079730","Syair Torrence","DB","Boston College","ACC","defensive","TFL","0"
"2025","5079730","Syair Torrence","DB","Boston College","ACC","defensive","TOT","5"
"2025","5079736","Alex Taylor","WR","North Carolina","ACC","receiving","LONG","15"
"2025","5079736","Alex Taylor","WR","North Carolina","ACC","receiving","REC","3"
"2025","5079736","Alex Taylor","WR","North Carolina","ACC","receiving","TD","0"
"2025","5079736","Alex Taylor","WR","North Carolina","ACC","receiving","YDS","27"
"2025","5079736","Alex Taylor","WR","North Carolina","ACC","receiving","YPR","9.0"
"2025","5079738","Landen Thomas","TE","Florida State","ACC","receiving","LONG","25"
"2025","5079738","Landen Thomas","TE","Florida State","ACC","receiving","REC","3"
"2025","5079738","Landen Thomas","TE","Florida State","ACC","receiving","TD","2"
"2025","5079738","Landen Thomas","TE","Florida State","ACC","receiving","YDS","35"
"2025","5079738","Landen Thomas","TE","Florida State","ACC","receiving","YPR","11.7"
"2025","5079740","Gabe Williams","LB","Virginia Tech","ACC","defensive","PD","0"
"2025","5079740","Gabe Williams","LB","Virginia Tech","ACC","defensive","QB HUR","0"
"2025","5079740","Gabe Williams","LB","Virginia Tech","ACC","defensive","SACKS","0"
"2025","5079740","Gabe Williams","LB","Virginia Tech","ACC","defensive","SOLO","1"
"2025","5079740","Gabe Williams","LB","Virginia Tech","ACC","defensive","TD","0"
"2025","5079740","Gabe Williams","LB","Virginia Tech","ACC","defensive","TFL","0"
"2025","5079740","Gabe Williams","LB","Virginia Tech","ACC","defensive","TOT","1"
"2025","5079745","Joshisa Trader","WR","Miami","ACC","receiving","LONG","44"
"2025","5079745","Joshisa Trader","WR","Miami","ACC","receiving","REC","13"
"2025","5079745","Joshisa Trader","WR","Miami","ACC","receiving","TD","1"
"2025","5079745","Joshisa Trader","WR","Miami","ACC","receiving","YDS","178"
"2025","5079745","Joshisa Trader","WR","Miami","ACC","receiving","YPR","13.7"
"2025","5079749","Yasin Willis","RB","Syracuse","ACC","defensive","PD","0"
"2025","5079749","Yasin Willis","RB","Syracuse","ACC","defensive","QB HUR","0"
"2025","5079749","Yasin Willis","RB","Syracuse","ACC","defensive","SACKS","0"
"2025","5079749","Yasin Willis","RB","Syracuse","ACC","defensive","SOLO","1"
"2025","5079749","Yasin Willis","RB","Syracuse","ACC","defensive","TD","0"
"2025","5079749","Yasin Willis","RB","Syracuse","ACC","defensive","TFL","0"
"2025","5079749","Yasin Willis","RB","Syracuse","ACC","defensive","TOT","1"
"2025","5079749","Yasin Willis","RB","Syracuse","ACC","fumbles","FUM","1"
"2025","5079749","Yasin Willis","RB","Syracuse","ACC","fumbles","LOST","1"
"2025","5079749","Yasin Willis","RB","Syracuse","ACC","fumbles","REC","0"
"2025","5079749","Yasin Willis","RB","Syracuse","ACC","receiving","LONG","11"
"2025","5079749","Yasin Willis","RB","Syracuse","ACC","receiving","REC","8"
"2025","5079749","Yasin Willis","RB","Syracuse","ACC","receiving","TD","0"
"2025","5079749","Yasin Willis","RB","Syracuse","ACC","receiving","YDS","34"
"2025","5079749","Yasin Willis","RB","Syracuse","ACC","receiving","YPR","4.3"
"2025","5079749","Yasin Willis","RB","Syracuse","ACC","rushing","CAR","129"
"2025","5079749","Yasin Willis","RB","Syracuse","ACC","rushing","LONG","41"
"2025","5079749","Yasin Willis","RB","Syracuse","ACC","rushing","TD","4"
"2025","5079749","Yasin Willis","RB","Syracuse","ACC","rushing","YDS","553"
"2025","5079749","Yasin Willis","RB","Syracuse","ACC","rushing","YPC","4.3"
"2025","5079765","Jahsear Whittington","DL","Pittsburgh","ACC","defensive","PD","0"
"2025","5079765","Jahsear Whittington","DL","Pittsburgh","ACC","defensive","QB HUR","1"
"2025","5079765","Jahsear Whittington","DL","Pittsburgh","ACC","defensive","SACKS","1"
"2025","5079765","Jahsear Whittington","DL","Pittsburgh","ACC","defensive","SOLO","7"
"2025","5079765","Jahsear Whittington","DL","Pittsburgh","ACC","defensive","TD","0"
"2025","5079765","Jahsear Whittington","DL","Pittsburgh","ACC","defensive","TFL","3.5"
"2025","5079765","Jahsear Whittington","DL","Pittsburgh","ACC","defensive","TOT","12"
"2025","5079765","Jahsear Whittington","DL","Pittsburgh","ACC","fumbles","FUM","0"
"2025","5079765","Jahsear Whittington","DL","Pittsburgh","ACC","fumbles","LOST","0"
"2025","5079765","Jahsear Whittington","DL","Pittsburgh","ACC","fumbles","REC","1"
"2025","5080692","Edwin Kolenge","DL","Boston College","ACC","defensive","PD","0"
"2025","5080692","Edwin Kolenge","DL","Boston College","ACC","defensive","QB HUR","5"
"2025","5080692","Edwin Kolenge","DL","Boston College","ACC","defensive","SACKS","1"
"2025","5080692","Edwin Kolenge","DL","Boston College","ACC","defensive","SOLO","17"
"2025","5080692","Edwin Kolenge","DL","Boston College","ACC","defensive","TD","0"
"2025","5080692","Edwin Kolenge","DL","Boston College","ACC","defensive","TFL","1"
"2025","5080692","Edwin Kolenge","DL","Boston College","ACC","defensive","TOT","31"
"2025","5081056","Jeffrey M'Ba","DT","SMU","ACC","defensive","PD","0"
"2025","5081056","Jeffrey M'Ba","DT","SMU","ACC","defensive","QB HUR","0"
"2025","5081056","Jeffrey M'Ba","DT","SMU","ACC","defensive","SACKS","5.5"
"2025","5081056","Jeffrey M'Ba","DT","SMU","ACC","defensive","SOLO","16"
"2025","5081056","Jeffrey M'Ba","DT","SMU","ACC","defensive","TD","0"
"2025","5081056","Jeffrey M'Ba","DT","SMU","ACC","defensive","TFL","7.5"
"2025","5081056","Jeffrey M'Ba","DT","SMU","ACC","defensive","TOT","42"
"2025","5081071","Christian White","DB","Florida State","ACC","defensive","PD","0"
"2025","5081071","Christian White","DB","Florida State","ACC","defensive","QB HUR","0"
"2025","5081071","Christian White","DB","Florida State","ACC","defensive","SACKS","0"
"2025","5081071","Christian White","DB","Florida State","ACC","defensive","SOLO","4"
"2025","5081071","Christian White","DB","Florida State","ACC","defensive","TD","0"
"2025","5081071","Christian White","DB","Florida State","ACC","defensive","TFL","0"
"2025","5081071","Christian White","DB","Florida State","ACC","defensive","TOT","5"
"2025","5081075","Mac Chiumento","P","Florida State","ACC","punting","In 20","13"
"2025","5081075","Mac Chiumento","P","Florida State","ACC","punting","LONG","56"
"2025","5081075","Mac Chiumento","P","Florida State","ACC","punting","NO","26"
"2025","5081075","Mac Chiumento","P","Florida State","ACC","punting","TB","1"
"2025","5081075","Mac Chiumento","P","Florida State","ACC","punting","YDS","1149"
"2025","5081075","Mac Chiumento","P","Florida State","ACC","punting","YPP","44.2"
"2025","5081082","Jordan Robinson","DB","Virginia","ACC","defensive","PD","4"
"2025","5081082","Jordan Robinson","DB","Virginia","ACC","defensive","QB HUR","0"
"2025","5081082","Jordan Robinson","DB","Virginia","ACC","defensive","SACKS","0"
"2025","5081082","Jordan Robinson","DB","Virginia","ACC","defensive","SOLO","13"
"2025","5081082","Jordan Robinson","DB","Virginia","ACC","defensive","TD","0"
"2025","5081082","Jordan Robinson","DB","Virginia","ACC","defensive","TFL","2.5"
"2025","5081082","Jordan Robinson","DB","Virginia","ACC","defensive","TOT","28"
"2025","5081159","Nick Keller","PK","Louisville","ACC","defensive","PD","0"
"2025","5081159","Nick Keller","PK","Louisville","ACC","defensive","QB HUR","0"
"2025","5081159","Nick Keller","PK","Louisville","ACC","defensive","SACKS","0"
"2025","5081159","Nick Keller","PK","Louisville","ACC","defensive","SOLO","0"
"2025","5081159","Nick Keller","PK","Louisville","ACC","defensive","TD","0"
"2025","5081159","Nick Keller","PK","Louisville","ACC","defensive","TFL","0"
"2025","5081159","Nick Keller","PK","Louisville","ACC","defensive","TOT","1"
"2025","5081159","Nick Keller","PK","Louisville","ACC","kicking","FGA","4"
"2025","5081159","Nick Keller","PK","Louisville","ACC","kicking","FGM","2"
"2025","5081159","Nick Keller","PK","Louisville","ACC","kicking","LONG","57"
"2025","5081159","Nick Keller","PK","Louisville","ACC","kicking","PCT","0.500"
"2025","5081159","Nick Keller","PK","Louisville","ACC","kicking","PTS","7"
"2025","5081159","Nick Keller","PK","Louisville","ACC","kicking","XPA","2"
"2025","5081159","Nick Keller","PK","Louisville","ACC","kicking","XPM","1"
"2025","5081176","Christian Epling","LS","Virginia Tech","ACC","defensive","PD","0"
"2025","5081176","Christian Epling","LS","Virginia Tech","ACC","defensive","QB HUR","0"
"2025","5081176","Christian Epling","LS","Virginia Tech","ACC","defensive","SACKS","0"
"2025","5081176","Christian Epling","LS","Virginia Tech","ACC","defensive","SOLO","1"
"2025","5081176","Christian Epling","LS","Virginia Tech","ACC","defensive","TD","0"
"2025","5081176","Christian Epling","LS","Virginia Tech","ACC","defensive","TFL","0"
"2025","5081176","Christian Epling","LS","Virginia Tech","ACC","defensive","TOT","2"
"2025","5081204","John Hurley","CB","Virginia","ACC","defensive","PD","0"
"2025","5081204","John Hurley","CB","Virginia","ACC","defensive","QB HUR","0"
"2025","5081204","John Hurley","CB","Virginia","ACC","defensive","SACKS","0"
"2025","5081204","John Hurley","CB","Virginia","ACC","defensive","SOLO","0"
"2025","5081204","John Hurley","CB","Virginia","ACC","defensive","TD","0"
"2025","5081204","John Hurley","CB","Virginia","ACC","defensive","TFL","0"
"2025","5081204","John Hurley","CB","Virginia","ACC","defensive","TOT","1"
"2025","5081205","Robbie Engelberg","S","Virginia","ACC","defensive","PD","0"
"2025","5081205","Robbie Engelberg","S","Virginia","ACC","defensive","QB HUR","0"
"2025","5081205","Robbie Engelberg","S","Virginia","ACC","defensive","SACKS","0"
"2025","5081205","Robbie Engelberg","S","Virginia","ACC","defensive","SOLO","0"
"2025","5081205","Robbie Engelberg","S","Virginia","ACC","defensive","TD","0"
"2025","5081205","Robbie Engelberg","S","Virginia","ACC","defensive","TFL","0"
"2025","5081205","Robbie Engelberg","S","Virginia","ACC","defensive","TOT","3"
"2025","5081209","Eli Wood","WR","Virginia","ACC","defensive","PD","0"
"2025","5081209","Eli Wood","WR","Virginia","ACC","defensive","QB HUR","0"
"2025","5081209","Eli Wood","WR","Virginia","ACC","defensive","SACKS","0"
"2025","5081209","Eli Wood","WR","Virginia","ACC","defensive","SOLO","7"
"2025","5081209","Eli Wood","WR","Virginia","ACC","defensive","TD","0"
"2025","5081209","Eli Wood","WR","Virginia","ACC","defensive","TFL","0"
"2025","5081209","Eli Wood","WR","Virginia","ACC","defensive","TOT","8"
"2025","5081209","Eli Wood","WR","Virginia","ACC","receiving","LONG","38"
"2025","5081209","Eli Wood","WR","Virginia","ACC","receiving","REC","16"
"2025","5081209","Eli Wood","WR","Virginia","ACC","receiving","TD","2"
"2025","5081209","Eli Wood","WR","Virginia","ACC","receiving","YDS","205"
"2025","5081209","Eli Wood","WR","Virginia","ACC","receiving","YPR","12.8"
"2025","5081209","Eli Wood","WR","Virginia","ACC","rushing","CAR","1"
"2025","5081209","Eli Wood","WR","Virginia","ACC","rushing","LONG","3"
"2025","5081209","Eli Wood","WR","Virginia","ACC","rushing","TD","1"
"2025","5081209","Eli Wood","WR","Virginia","ACC","rushing","YDS","3"
"2025","5081209","Eli Wood","WR","Virginia","ACC","rushing","YPC","3.0"
"2025","5081246","Adam Booker","LS","Miami","ACC","defensive","PD","0"
"2025","5081246","Adam Booker","LS","Miami","ACC","defensive","QB HUR","0"
"2025","5081246","Adam Booker","LS","Miami","ACC","defensive","SACKS","0"
"2025","5081246","Adam Booker","LS","Miami","ACC","defensive","SOLO","3"
"2025","5081246","Adam Booker","LS","Miami","ACC","defensive","TD","0"
"2025","5081246","Adam Booker","LS","Miami","ACC","defensive","TFL","0"
"2025","5081246","Adam Booker","LS","Miami","ACC","defensive","TOT","3"
"2025","5081328","Nick James","DL","Pittsburgh","ACC","defensive","PD","2"
"2025","5081328","Nick James","DL","Pittsburgh","ACC","defensive","QB HUR","4"
"2025","5081328","Nick James","DL","Pittsburgh","ACC","defensive","SACKS","1"
"2025","5081328","Nick James","DL","Pittsburgh","ACC","defensive","SOLO","7"
"2025","5081328","Nick James","DL","Pittsburgh","ACC","defensive","TD","0"
"2025","5081328","Nick James","DL","Pittsburgh","ACC","defensive","TFL","6.0"
"2025","5081328","Nick James","DL","Pittsburgh","ACC","defensive","TOT","21"
"2025","5081368","Squirrel White","WR","Florida State","ACC","fumbles","FUM","1"
"2025","5081368","Squirrel White","WR","Florida State","ACC","fumbles","LOST","1"
"2025","5081368","Squirrel White","WR","Florida State","ACC","fumbles","REC","0"
"2025","5081368","Squirrel White","WR","Florida State","ACC","puntReturns","AVG","9.1"
"2025","5081368","Squirrel White","WR","Florida State","ACC","puntReturns","LONG","23"
"2025","5081368","Squirrel White","WR","Florida State","ACC","puntReturns","NO","7"
"2025","5081368","Squirrel White","WR","Florida State","ACC","puntReturns","TD","0"
"2025","5081368","Squirrel White","WR","Florida State","ACC","puntReturns","YDS","64"
"2025","5081368","Squirrel White","WR","Florida State","ACC","receiving","LONG","40"
"2025","5081368","Squirrel White","WR","Florida State","ACC","receiving","REC","5"
"2025","5081368","Squirrel White","WR","Florida State","ACC","receiving","TD","0"
"2025","5081368","Squirrel White","WR","Florida State","ACC","receiving","YDS","52"
"2025","5081368","Squirrel White","WR","Florida State","ACC","receiving","YPR","10.4"
"2025","5081368","Squirrel White","WR","Florida State","ACC","rushing","CAR","4"
"2025","5081368","Squirrel White","WR","Florida State","ACC","rushing","LONG","6"
"2025","5081368","Squirrel White","WR","Florida State","ACC","rushing","TD","0"
"2025","5081368","Squirrel White","WR","Florida State","ACC","rushing","YDS","6"
"2025","5081368","Squirrel White","WR","Florida State","ACC","rushing","YPC","1.5"
"2025","5081391","Jayson Jenkins","DL","Florida State","ACC","defensive","PD","0"
"2025","5081391","Jayson Jenkins","DL","Florida State","ACC","defensive","QB HUR","0"
"2025","5081391","Jayson Jenkins","DL","Florida State","ACC","defensive","SACKS","1.5"
"2025","5081391","Jayson Jenkins","DL","Florida State","ACC","defensive","SOLO","5"
"2025","5081391","Jayson Jenkins","DL","Florida State","ACC","defensive","TD","0"
"2025","5081391","Jayson Jenkins","DL","Florida State","ACC","defensive","TFL","2.0"
"2025","5081391","Jayson Jenkins","DL","Florida State","ACC","defensive","TOT","17"
"2025","5081395","Kalib Perry","LB","Louisville","ACC","defensive","PD","1"
"2025","5081395","Kalib Perry","LB","Louisville","ACC","defensive","QB HUR","2"
"2025","5081395","Kalib Perry","LB","Louisville","ACC","defensive","SACKS","0"
"2025","5081395","Kalib Perry","LB","Louisville","ACC","defensive","SOLO","29"
"2025","5081395","Kalib Perry","LB","Louisville","ACC","defensive","TD","0"
"2025","5081395","Kalib Perry","LB","Louisville","ACC","defensive","TFL","1.5"
"2025","5081395","Kalib Perry","LB","Louisville","ACC","defensive","TOT","55"
"2025","5081395","Kalib Perry","LB","Louisville","ACC","interceptions","AVG","18.0"
"2025","5081395","Kalib Perry","LB","Louisville","ACC","interceptions","INT","1"
"2025","5081395","Kalib Perry","LB","Louisville","ACC","interceptions","TD","0"
"2025","5081395","Kalib Perry","LB","Louisville","ACC","interceptions","YDS","18"
"2025","5081412","Marcus Allen","DB","North Carolina","ACC","defensive","PD","8"
"2025","5081412","Marcus Allen","DB","North Carolina","ACC","defensive","QB HUR","0"
"2025","5081412","Marcus Allen","DB","North Carolina","ACC","defensive","SACKS","0.5"
"2025","5081412","Marcus Allen","DB","North Carolina","ACC","defensive","SOLO","28"
"2025","5081412","Marcus Allen","DB","North Carolina","ACC","defensive","TD","0"
"2025","5081412","Marcus Allen","DB","North Carolina","ACC","defensive","TFL","2.0"
"2025","5081412","Marcus Allen","DB","North Carolina","ACC","defensive","TOT","35"
"2025","5081432","Antonio Williams","WR","Clemson","ACC","passing","ATT","1"
"2025","5081432","Antonio Williams","WR","Clemson","ACC","passing","COMPLETIONS","1"
"2025","5081432","Antonio Williams","WR","Clemson","ACC","passing","INT","0"
"2025","5081432","Antonio Williams","WR","Clemson","ACC","passing","PCT","1.000"
"2025","5081432","Antonio Williams","WR","Clemson","ACC","passing","TD","1"
"2025","5081432","Antonio Williams","WR","Clemson","ACC","passing","YDS","75"
"2025","5081432","Antonio Williams","WR","Clemson","ACC","passing","YPA","75.0"
"2025","5081432","Antonio Williams","WR","Clemson","ACC","puntReturns","AVG","8.8"
"2025","5081432","Antonio Williams","WR","Clemson","ACC","puntReturns","LONG","30"
"2025","5081432","Antonio Williams","WR","Clemson","ACC","puntReturns","NO","5"
"2025","5081432","Antonio Williams","WR","Clemson","ACC","puntReturns","TD","0"
"2025","5081432","Antonio Williams","WR","Clemson","ACC","puntReturns","YDS","44"
"2025","5081432","Antonio Williams","WR","Clemson","ACC","receiving","LONG","64"
"2025","5081432","Antonio Williams","WR","Clemson","ACC","receiving","REC","55"
"2025","5081432","Antonio Williams","WR","Clemson","ACC","receiving","TD","4"
"2025","5081432","Antonio Williams","WR","Clemson","ACC","receiving","YDS","604"
"2025","5081432","Antonio Williams","WR","Clemson","ACC","receiving","YPR","11.0"
"2025","5081432","Antonio Williams","WR","Clemson","ACC","rushing","CAR","13"
"2025","5081432","Antonio Williams","WR","Clemson","ACC","rushing","LONG","24"
"2025","5081432","Antonio Williams","WR","Clemson","ACC","rushing","TD","1"
"2025","5081432","Antonio Williams","WR","Clemson","ACC","rushing","YDS","78"
"2025","5081432","Antonio Williams","WR","Clemson","ACC","rushing","YPC","6.0"
"2025","5081434","Trent Pearman","QB","Clemson","ACC","fumbles","FUM","1"
"2025","5081434","Trent Pearman","QB","Clemson","ACC","fumbles","LOST","1"
"2025","5081434","Trent Pearman","QB","Clemson","ACC","fumbles","REC","0"
"2025","5081434","Trent Pearman","QB","Clemson","ACC","passing","ATT","5"
"2025","5081434","Trent Pearman","QB","Clemson","ACC","passing","COMPLETIONS","2"
"2025","5081434","Trent Pearman","QB","Clemson","ACC","passing","INT","0"
"2025","5081434","Trent Pearman","QB","Clemson","ACC","passing","PCT","0.400"
"2025","5081434","Trent Pearman","QB","Clemson","ACC","passing","TD","0"
"2025","5081434","Trent Pearman","QB","Clemson","ACC","passing","YDS","35"
"2025","5081434","Trent Pearman","QB","Clemson","ACC","passing","YPA","7.0"
"2025","5081434","Trent Pearman","QB","Clemson","ACC","rushing","CAR","2"
"2025","5081434","Trent Pearman","QB","Clemson","ACC","rushing","LONG","4"
"2025","5081434","Trent Pearman","QB","Clemson","ACC","rushing","TD","0"
"2025","5081434","Trent Pearman","QB","Clemson","ACC","rushing","YDS","1"
"2025","5081434","Trent Pearman","QB","Clemson","ACC","rushing","YPC","0.5"
"2025","5081435","Keith Adams Jr.","RB","Clemson","ACC","rushing","CAR","14"
"2025","5081435","Keith Adams Jr.","RB","Clemson","ACC","rushing","LONG","12"
"2025","5081435","Keith Adams Jr.","RB","Clemson","ACC","rushing","TD","1"
"2025","5081435","Keith Adams Jr.","RB","Clemson","ACC","rushing","YDS","71"
"2025","5081435","Keith Adams Jr.","RB","Clemson","ACC","rushing","YPC","5.1"
"2025","5081438","Fletcher Cothran","LB","Clemson","ACC","defensive","PD","0"
"2025","5081438","Fletcher Cothran","LB","Clemson","ACC","defensive","QB HUR","0"
"2025","5081438","Fletcher Cothran","LB","Clemson","ACC","defensive","SACKS","0.5"
"2025","5081438","Fletcher Cothran","LB","Clemson","ACC","defensive","SOLO","4"
"2025","5081438","Fletcher Cothran","LB","Clemson","ACC","defensive","TD","0"
"2025","5081438","Fletcher Cothran","LB","Clemson","ACC","defensive","TFL","3"
"2025","5081438","Fletcher Cothran","LB","Clemson","ACC","defensive","TOT","9"
"2025","5081441","Robert Gunn III","PK","Clemson","ACC","punting","In 20","0"
"2025","5081441","Robert Gunn III","PK","Clemson","ACC","punting","LONG","5"
"2025","5081441","Robert Gunn III","PK","Clemson","ACC","punting","NO","1"
"2025","5081441","Robert Gunn III","PK","Clemson","ACC","punting","TB","0"
"2025","5081441","Robert Gunn III","PK","Clemson","ACC","punting","YDS","5"
"2025","5081441","Robert Gunn III","PK","Clemson","ACC","punting","YPP","5.0"
"2025","5081453","Jack Smith","P","Clemson","ACC","passing","ATT","1"
"2025","5081453","Jack Smith","P","Clemson","ACC","passing","COMPLETIONS","0"
"2025","5081453","Jack Smith","P","Clemson","ACC","passing","INT","0"
"2025","5081453","Jack Smith","P","Clemson","ACC","passing","PCT","0.000"
"2025","5081453","Jack Smith","P","Clemson","ACC","passing","TD","0"
"2025","5081453","Jack Smith","P","Clemson","ACC","passing","YDS","0"
"2025","5081453","Jack Smith","P","Clemson","ACC","passing","YPA","0.0"
"2025","5081453","Jack Smith","P","Clemson","ACC","punting","In 20","23"
"2025","5081453","Jack Smith","P","Clemson","ACC","punting","LONG","52"
"2025","5081453","Jack Smith","P","Clemson","ACC","punting","NO","50"
"2025","5081453","Jack Smith","P","Clemson","ACC","punting","TB","2"
"2025","5081453","Jack Smith","P","Clemson","ACC","punting","YDS","2073"
"2025","5081453","Jack Smith","P","Clemson","ACC","punting","YPP","41.5"
"2025","5081453","Jack Smith","P","Clemson","ACC","rushing","CAR","1"
"2025","5081453","Jack Smith","P","Clemson","ACC","rushing","LONG","0"
"2025","5081453","Jack Smith","P","Clemson","ACC","rushing","TD","0"
"2025","5081453","Jack Smith","P","Clemson","ACC","rushing","YDS","-13"
"2025","5081453","Jack Smith","P","Clemson","ACC","rushing","YPC","-13.0"
"2025","5081566","Peyton Warford","LS","Stanford","ACC","defensive","PD","0"
"2025","5081566","Peyton Warford","LS","Stanford","ACC","defensive","QB HUR","0"
"2025","5081566","Peyton Warford","LS","Stanford","ACC","defensive","SACKS","0"
"2025","5081566","Peyton Warford","LS","Stanford","ACC","defensive","SOLO","1"
"2025","5081566","Peyton Warford","LS","Stanford","ACC","defensive","TD","0"
"2025","5081566","Peyton Warford","LS","Stanford","ACC","defensive","TFL","0"
"2025","5081566","Peyton Warford","LS","Stanford","ACC","defensive","TOT","1"
"2025","5081694","Scotty Edwards","S","Stanford","ACC","defensive","PD","1"
"2025","5081694","Scotty Edwards","S","Stanford","ACC","defensive","QB HUR","1"
"2025","5081694","Scotty Edwards","S","Stanford","ACC","defensive","SACKS","2.5"
"2025","5081694","Scotty Edwards","S","Stanford","ACC","defensive","SOLO","32"
"2025","5081694","Scotty Edwards","S","Stanford","ACC","defensive","TD","0"
"2025","5081694","Scotty Edwards","S","Stanford","ACC","defensive","TFL","3.5"
"2025","5081694","Scotty Edwards","S","Stanford","ACC","defensive","TOT","54"
"2025","5081777","Tra Thomas","LB","NC State","ACC","defensive","PD","0"
"2025","5081777","Tra Thomas","LB","NC State","ACC","defensive","QB HUR","5"
"2025","5081777","Tra Thomas","LB","NC State","ACC","defensive","SACKS","4.0"
"2025","5081777","Tra Thomas","LB","NC State","ACC","defensive","SOLO","7"
"2025","5081777","Tra Thomas","LB","NC State","ACC","defensive","TD","0"
"2025","5081777","Tra Thomas","LB","NC State","ACC","defensive","TFL","6.0"
"2025","5081777","Tra Thomas","LB","NC State","ACC","defensive","TOT","24"
"2025","5081777","Tra Thomas","LB","NC State","ACC","fumbles","FUM","0"
"2025","5081777","Tra Thomas","LB","NC State","ACC","fumbles","LOST","0"
"2025","5081777","Tra Thomas","LB","NC State","ACC","fumbles","REC","1"
"2025","5081845","Ashton Locklear","WR","NC State","ACC","receiving","LONG","4"
"2025","5081845","Ashton Locklear","WR","NC State","ACC","receiving","REC","1"
"2025","5081845","Ashton Locklear","WR","NC State","ACC","receiving","TD","0"
"2025","5081845","Ashton Locklear","WR","NC State","ACC","receiving","YDS","4"
"2025","5081845","Ashton Locklear","WR","NC State","ACC","receiving","YPR","4.0"
"2025","5081852","Kanoah Vinesett","PK","NC State","ACC","kicking","FGA","6"
"2025","5081852","Kanoah Vinesett","PK","NC State","ACC","kicking","FGM","5"
"2025","5081852","Kanoah Vinesett","PK","NC State","ACC","kicking","LONG","51"
"2025","5081852","Kanoah Vinesett","PK","NC State","ACC","kicking","PCT","0.833"
"2025","5081852","Kanoah Vinesett","PK","NC State","ACC","kicking","PTS","63"
"2025","5081852","Kanoah Vinesett","PK","NC State","ACC","kicking","XPA","49"
"2025","5081852","Kanoah Vinesett","PK","NC State","ACC","kicking","XPM","48"
"2025","5081986","Brook Honore'","P","California","ACC","punting","In 20","4"
"2025","5081986","Brook Honore'","P","California","ACC","punting","LONG","54"
"2025","5081986","Brook Honore'","P","California","ACC","punting","NO","20"
"2025","5081986","Brook Honore'","P","California","ACC","punting","TB","0"
"2025","5081986","Brook Honore'","P","California","ACC","punting","YDS","827"
"2025","5081986","Brook Honore'","P","California","ACC","punting","YPP","41.4"
"2025","5082015","Carter Davis","PK","Miami","ACC","defensive","PD","0"
"2025","5082015","Carter Davis","PK","Miami","ACC","defensive","QB HUR","0"
"2025","5082015","Carter Davis","PK","Miami","ACC","defensive","SACKS","0"
"2025","5082015","Carter Davis","PK","Miami","ACC","defensive","SOLO","1"
"2025","5082015","Carter Davis","PK","Miami","ACC","defensive","TD","0"
"2025","5082015","Carter Davis","PK","Miami","ACC","defensive","TFL","0"
"2025","5082015","Carter Davis","PK","Miami","ACC","defensive","TOT","1"
"2025","5082015","Carter Davis","PK","Miami","ACC","kicking","FGA","24"
"2025","5082015","Carter Davis","PK","Miami","ACC","kicking","FGM","17"
"2025","5082015","Carter Davis","PK","Miami","ACC","kicking","LONG","53"
"2025","5082015","Carter Davis","PK","Miami","ACC","kicking","PCT","0.708"
"2025","5082015","Carter Davis","PK","Miami","ACC","kicking","PTS","103"
"2025","5082015","Carter Davis","PK","Miami","ACC","kicking","XPA","52"
"2025","5082015","Carter Davis","PK","Miami","ACC","kicking","XPM","52"
"2025","5082121","Donavon Platt","DB","Virginia","ACC","defensive","PD","6"
"2025","5082121","Donavon Platt","DB","Virginia","ACC","defensive","QB HUR","0"
"2025","5082121","Donavon Platt","DB","Virginia","ACC","defensive","SACKS","0"
"2025","5082121","Donavon Platt","DB","Virginia","ACC","defensive","SOLO","21"
"2025","5082121","Donavon Platt","DB","Virginia","ACC","defensive","TD","1"
"2025","5082121","Donavon Platt","DB","Virginia","ACC","defensive","TFL","1.5"
"2025","5082121","Donavon Platt","DB","Virginia","ACC","defensive","TOT","34"
"2025","5082121","Donavon Platt","DB","Virginia","ACC","fumbles","FUM","0"
"2025","5082121","Donavon Platt","DB","Virginia","ACC","fumbles","LOST","0"
"2025","5082121","Donavon Platt","DB","Virginia","ACC","fumbles","REC","1"
"2025","5082121","Donavon Platt","DB","Virginia","ACC","interceptions","AVG","10.0"
"2025","5082121","Donavon Platt","DB","Virginia","ACC","interceptions","INT","1"
"2025","5082121","Donavon Platt","DB","Virginia","ACC","interceptions","TD","0"
"2025","5082121","Donavon Platt","DB","Virginia","ACC","interceptions","YDS","10"
"2025","5082149","Clev Lubin","DL","Louisville","ACC","defensive","PD","3"
"2025","5082149","Clev Lubin","DL","Louisville","ACC","defensive","QB HUR","7"
"2025","5082149","Clev Lubin","DL","Louisville","ACC","defensive","SACKS","8.0"
"2025","5082149","Clev Lubin","DL","Louisville","ACC","defensive","SOLO","35"
"2025","5082149","Clev Lubin","DL","Louisville","ACC","defensive","TD","0"
"2025","5082149","Clev Lubin","DL","Louisville","ACC","defensive","TFL","13.0"
"2025","5082149","Clev Lubin","DL","Louisville","ACC","defensive","TOT","59"
"2025","5082172","Kemari Copeland","DL","Virginia Tech","ACC","defensive","PD","0"
"2025","5082172","Kemari Copeland","DL","Virginia Tech","ACC","defensive","QB HUR","1"
"2025","5082172","Kemari Copeland","DL","Virginia Tech","ACC","defensive","SACKS","4.5"
"2025","5082172","Kemari Copeland","DL","Virginia Tech","ACC","defensive","SOLO","12"
"2025","5082172","Kemari Copeland","DL","Virginia Tech","ACC","defensive","TD","0"
"2025","5082172","Kemari Copeland","DL","Virginia Tech","ACC","defensive","TFL","8.0"
"2025","5082172","Kemari Copeland","DL","Virginia Tech","ACC","defensive","TOT","48"
"2025","5082172","Kemari Copeland","DL","Virginia Tech","ACC","interceptions","AVG","0.0"
"2025","5082172","Kemari Copeland","DL","Virginia Tech","ACC","interceptions","INT","1"
"2025","5082172","Kemari Copeland","DL","Virginia Tech","ACC","interceptions","TD","0"
"2025","5082172","Kemari Copeland","DL","Virginia Tech","ACC","interceptions","YDS","0"
"2025","5082398","Brent Austin","DB","California","ACC","defensive","PD","13"
"2025","5082398","Brent Austin","DB","California","ACC","defensive","QB HUR","0"
"2025","5082398","Brent Austin","DB","California","ACC","defensive","SACKS","0"
"2025","5082398","Brent Austin","DB","California","ACC","defensive","SOLO","26"
"2025","5082398","Brent Austin","DB","California","ACC","defensive","TD","0"
"2025","5082398","Brent Austin","DB","California","ACC","defensive","TFL","0.5"
"2025","5082398","Brent Austin","DB","California","ACC","defensive","TOT","42"
"2025","5082398","Brent Austin","DB","California","ACC","fumbles","FUM","0"
"2025","5082398","Brent Austin","DB","California","ACC","fumbles","LOST","0"
"2025","5082398","Brent Austin","DB","California","ACC","fumbles","REC","1"
"2025","5082438","Jeremiah Johnson","S","NC State","ACC","defensive","PD","1"
"2025","5082438","Jeremiah Johnson","S","NC State","ACC","defensive","QB HUR","1"
"2025","5082438","Jeremiah Johnson","S","NC State","ACC","defensive","SACKS","0"
"2025","5082438","Jeremiah Johnson","S","NC State","ACC","defensive","SOLO","6"
"2025","5082438","Jeremiah Johnson","S","NC State","ACC","defensive","TD","0"
"2025","5082438","Jeremiah Johnson","S","NC State","ACC","defensive","TFL","0"
"2025","5082438","Jeremiah Johnson","S","NC State","ACC","defensive","TOT","17"
"2025","5082559","Rece Verhoff","PK","North Carolina","ACC","kicking","FGA","23"
"2025","5082559","Rece Verhoff","PK","North Carolina","ACC","kicking","FGM","19"
"2025","5082559","Rece Verhoff","PK","North Carolina","ACC","kicking","LONG","57"
"2025","5082559","Rece Verhoff","PK","North Carolina","ACC","kicking","PCT","0.826"
"2025","5082559","Rece Verhoff","PK","North Carolina","ACC","kicking","PTS","77"
"2025","5082559","Rece Verhoff","PK","North Carolina","ACC","kicking","XPA","20"
"2025","5082559","Rece Verhoff","PK","North Carolina","ACC","kicking","XPM","20"
"2025","5082646","James Djonkam","DL","Virginia Tech","ACC","defensive","PD","0"
"2025","5082646","James Djonkam","DL","Virginia Tech","ACC","defensive","QB HUR","0"
"2025","5082646","James Djonkam","DL","Virginia Tech","ACC","defensive","SACKS","0"
"2025","5082646","James Djonkam","DL","Virginia Tech","ACC","defensive","SOLO","0"
"2025","5082646","James Djonkam","DL","Virginia Tech","ACC","defensive","TD","0"
"2025","5082646","James Djonkam","DL","Virginia Tech","ACC","defensive","TFL","0"
"2025","5082646","James Djonkam","DL","Virginia Tech","ACC","defensive","TOT","7"
"2025","5082662","Cole Boscia","WR","California","ACC","defensive","PD","0"
"2025","5082662","Cole Boscia","WR","California","ACC","defensive","QB HUR","0"
"2025","5082662","Cole Boscia","WR","California","ACC","defensive","SACKS","0"
"2025","5082662","Cole Boscia","WR","California","ACC","defensive","SOLO","2"
"2025","5082662","Cole Boscia","WR","California","ACC","defensive","TD","0"
"2025","5082662","Cole Boscia","WR","California","ACC","defensive","TFL","0"
"2025","5082662","Cole Boscia","WR","California","ACC","defensive","TOT","3"
"2025","5082662","Cole Boscia","WR","California","ACC","receiving","LONG","23"
"2025","5082662","Cole Boscia","WR","California","ACC","receiving","REC","7"
"2025","5082662","Cole Boscia","WR","California","ACC","receiving","TD","1"
"2025","5082662","Cole Boscia","WR","California","ACC","receiving","YDS","85"
"2025","5082662","Cole Boscia","WR","California","ACC","receiving","YPR","12.1"
"2025","5082923","Nick Kelly","DB","Miami","ACC","defensive","PD","0"
"2025","5082923","Nick Kelly","DB","Miami","ACC","defensive","QB HUR","0"
"2025","5082923","Nick Kelly","DB","Miami","ACC","defensive","SACKS","0"
"2025","5082923","Nick Kelly","DB","Miami","ACC","defensive","SOLO","2"
"2025","5082923","Nick Kelly","DB","Miami","ACC","defensive","TD","0"
"2025","5082923","Nick Kelly","DB","Miami","ACC","defensive","TFL","0"
"2025","5082923","Nick Kelly","DB","Miami","ACC","defensive","TOT","4"
"2025","5083208","Joseph Zelinsky","DL","Pittsburgh","ACC","defensive","PD","0"
"2025","5083208","Joseph Zelinsky","DL","Pittsburgh","ACC","defensive","QB HUR","3"
"2025","5083208","Joseph Zelinsky","DL","Pittsburgh","ACC","defensive","SACKS","2.0"
"2025","5083208","Joseph Zelinsky","DL","Pittsburgh","ACC","defensive","SOLO","10"
"2025","5083208","Joseph Zelinsky","DL","Pittsburgh","ACC","defensive","TD","0"
"2025","5083208","Joseph Zelinsky","DL","Pittsburgh","ACC","defensive","TFL","4.5"
"2025","5083208","Joseph Zelinsky","DL","Pittsburgh","ACC","defensive","TOT","23"
"2025","5083212","Dru Polidore","DB","California","ACC","defensive","PD","3"
"2025","5083212","Dru Polidore","DB","California","ACC","defensive","QB HUR","0"
"2025","5083212","Dru Polidore","DB","California","ACC","defensive","SACKS","0"
"2025","5083212","Dru Polidore","DB","California","ACC","defensive","SOLO","41"
"2025","5083212","Dru Polidore","DB","California","ACC","defensive","TD","0"
"2025","5083212","Dru Polidore","DB","California","ACC","defensive","TFL","2.5"
"2025","5083212","Dru Polidore","DB","California","ACC","defensive","TOT","62"
"2025","5083212","Dru Polidore","DB","California","ACC","fumbles","FUM","0"
"2025","5083212","Dru Polidore","DB","California","ACC","fumbles","LOST","0"
"2025","5083212","Dru Polidore","DB","California","ACC","fumbles","REC","1"
"2025","5083287","Devon Marshall","CB","NC State","ACC","defensive","PD","15"
"2025","5083287","Devon Marshall","CB","NC State","ACC","defensive","QB HUR","1"
"2025","5083287","Devon Marshall","CB","NC State","ACC","defensive","SACKS","0"
"2025","5083287","Devon Marshall","CB","NC State","ACC","defensive","SOLO","34"
"2025","5083287","Devon Marshall","CB","NC State","ACC","defensive","TD","0"
"2025","5083287","Devon Marshall","CB","NC State","ACC","defensive","TFL","0"
"2025","5083287","Devon Marshall","CB","NC State","ACC","defensive","TOT","50"
"2025","5083287","Devon Marshall","CB","NC State","ACC","interceptions","AVG","13.0"
"2025","5083287","Devon Marshall","CB","NC State","ACC","interceptions","INT","2"
"2025","5083287","Devon Marshall","CB","NC State","ACC","interceptions","TD","0"
"2025","5083287","Devon Marshall","CB","NC State","ACC","interceptions","YDS","26"
"2025","5083711","Caleb Weaver","S","Duke","ACC","defensive","PD","1"
"2025","5083711","Caleb Weaver","S","Duke","ACC","defensive","QB HUR","0"
"2025","5083711","Caleb Weaver","S","Duke","ACC","defensive","SACKS","1.5"
"2025","5083711","Caleb Weaver","S","Duke","ACC","defensive","SOLO","42"
"2025","5083711","Caleb Weaver","S","Duke","ACC","defensive","TD","0"
"2025","5083711","Caleb Weaver","S","Duke","ACC","defensive","TFL","5.5"
"2025","5083711","Caleb Weaver","S","Duke","ACC","defensive","TOT","89"
"2025","5083711","Caleb Weaver","S","Duke","ACC","fumbles","FUM","0"
"2025","5083711","Caleb Weaver","S","Duke","ACC","fumbles","LOST","0"
"2025","5083711","Caleb Weaver","S","Duke","ACC","fumbles","REC","1"
"2025","5083711","Caleb Weaver","S","Duke","ACC","interceptions","AVG","20.0"
"2025","5083711","Caleb Weaver","S","Duke","ACC","interceptions","INT","2"
"2025","5083711","Caleb Weaver","S","Duke","ACC","interceptions","TD","0"
"2025","5083711","Caleb Weaver","S","Duke","ACC","interceptions","YDS","40"
"2025","5084084","Kevin Jennings","QB","SMU","ACC","fumbles","FUM","3"
"2025","5084084","Kevin Jennings","QB","SMU","ACC","fumbles","LOST","3"
"2025","5084084","Kevin Jennings","QB","SMU","ACC","fumbles","REC","0"
"2025","5084084","Kevin Jennings","QB","SMU","ACC","passing","ATT","454"
"2025","5084084","Kevin Jennings","QB","SMU","ACC","passing","COMPLETIONS","300"
"2025","5084084","Kevin Jennings","QB","SMU","ACC","passing","INT","13"
"2025","5084084","Kevin Jennings","QB","SMU","ACC","passing","PCT","0.661"
"2025","5084084","Kevin Jennings","QB","SMU","ACC","passing","TD","26"
"2025","5084084","Kevin Jennings","QB","SMU","ACC","passing","YDS","3641"
"2025","5084084","Kevin Jennings","QB","SMU","ACC","passing","YPA","8.0"
"2025","5084084","Kevin Jennings","QB","SMU","ACC","rushing","CAR","70"
"2025","5084084","Kevin Jennings","QB","SMU","ACC","rushing","LONG","26"
"2025","5084084","Kevin Jennings","QB","SMU","ACC","rushing","TD","4"
"2025","5084084","Kevin Jennings","QB","SMU","ACC","rushing","YDS","54"
"2025","5084084","Kevin Jennings","QB","SMU","ACC","rushing","YPC","0.8"
"2025","5084086","Charlie Fiser","QB","SMU","ACC","passing","ATT","4"
"2025","5084086","Charlie Fiser","QB","SMU","ACC","passing","COMPLETIONS","4"
"2025","5084086","Charlie Fiser","QB","SMU","ACC","passing","INT","0"
"2025","5084086","Charlie Fiser","QB","SMU","ACC","passing","PCT","1.000"
"2025","5084086","Charlie Fiser","QB","SMU","ACC","passing","TD","0"
"2025","5084086","Charlie Fiser","QB","SMU","ACC","passing","YDS","30"
"2025","5084086","Charlie Fiser","QB","SMU","ACC","passing","YPA","7.5"
"2025","5084086","Charlie Fiser","QB","SMU","ACC","rushing","CAR","1"
"2025","5084086","Charlie Fiser","QB","SMU","ACC","rushing","LONG","2"
"2025","5084086","Charlie Fiser","QB","SMU","ACC","rushing","TD","0"
"2025","5084086","Charlie Fiser","QB","SMU","ACC","rushing","YDS","2"
"2025","5084086","Charlie Fiser","QB","SMU","ACC","rushing","YPC","2.0"
"2025","5084094","Keaton Cheves","WR","SMU","ACC","receiving","LONG","4"
"2025","5084094","Keaton Cheves","WR","SMU","ACC","receiving","REC","1"
"2025","5084094","Keaton Cheves","WR","SMU","ACC","receiving","TD","0"
"2025","5084094","Keaton Cheves","WR","SMU","ACC","receiving","YDS","4"
"2025","5084094","Keaton Cheves","WR","SMU","ACC","receiving","YPR","4.0"
"2025","5084095","Collin Rogers","PK","SMU","ACC","kicking","FGA","3"
"2025","5084095","Collin Rogers","PK","SMU","ACC","kicking","FGM","1"
"2025","5084095","Collin Rogers","PK","SMU","ACC","kicking","LONG","43"
"2025","5084095","Collin Rogers","PK","SMU","ACC","kicking","PCT","0.333"
"2025","5084095","Collin Rogers","PK","SMU","ACC","kicking","PTS","15"
"2025","5084095","Collin Rogers","PK","SMU","ACC","kicking","XPA","12"
"2025","5084095","Collin Rogers","PK","SMU","ACC","kicking","XPM","12"
"2025","5084299","Brandon Nicholson","CB","Stanford","ACC","defensive","PD","6"
"2025","5084299","Brandon Nicholson","CB","Stanford","ACC","defensive","QB HUR","0"
"2025","5084299","Brandon Nicholson","CB","Stanford","ACC","defensive","SACKS","1"
"2025","5084299","Brandon Nicholson","CB","Stanford","ACC","defensive","SOLO","24"
"2025","5084299","Brandon Nicholson","CB","Stanford","ACC","defensive","TD","0"
"2025","5084299","Brandon Nicholson","CB","Stanford","ACC","defensive","TFL","1"
"2025","5084299","Brandon Nicholson","CB","Stanford","ACC","defensive","TOT","27"
"2025","5084299","Brandon Nicholson","CB","Stanford","ACC","interceptions","AVG","0.0"
"2025","5084299","Brandon Nicholson","CB","Stanford","ACC","interceptions","INT","2"
"2025","5084299","Brandon Nicholson","CB","Stanford","ACC","interceptions","TD","0"
"2025","5084299","Brandon Nicholson","CB","Stanford","ACC","interceptions","YDS","0"
"2025","5084425","Chase Meyer","PK","California","ACC","defensive","PD","0"
"2025","5084425","Chase Meyer","PK","California","ACC","defensive","QB HUR","0"
"2025","5084425","Chase Meyer","PK","California","ACC","defensive","SACKS","0"
"2025","5084425","Chase Meyer","PK","California","ACC","defensive","SOLO","1"
"2025","5084425","Chase Meyer","PK","California","ACC","defensive","TD","0"
"2025","5084425","Chase Meyer","PK","California","ACC","defensive","TFL","0"
"2025","5084425","Chase Meyer","PK","California","ACC","defensive","TOT","1"
"2025","5084425","Chase Meyer","PK","California","ACC","kicking","FGA","13"
"2025","5084425","Chase Meyer","PK","California","ACC","kicking","FGM","10"
"2025","5084425","Chase Meyer","PK","California","ACC","kicking","LONG","45"
"2025","5084425","Chase Meyer","PK","California","ACC","kicking","PCT","0.769"
"2025","5084425","Chase Meyer","PK","California","ACC","kicking","PTS","69"
"2025","5084425","Chase Meyer","PK","California","ACC","kicking","XPA","39"
"2025","5084425","Chase Meyer","PK","California","ACC","kicking","XPM","39"
"2025","5084658","Terrell Anderson","WR","NC State","ACC","puntReturns","AVG","4.5"
"2025","5084658","Terrell Anderson","WR","NC State","ACC","puntReturns","LONG","15"
"2025","5084658","Terrell Anderson","WR","NC State","ACC","puntReturns","NO","6"
"2025","5084658","Terrell Anderson","WR","NC State","ACC","puntReturns","TD","0"
"2025","5084658","Terrell Anderson","WR","NC State","ACC","puntReturns","YDS","27"
"2025","5084658","Terrell Anderson","WR","NC State","ACC","receiving","LONG","75"
"2025","5084658","Terrell Anderson","WR","NC State","ACC","receiving","REC","39"
"2025","5084658","Terrell Anderson","WR","NC State","ACC","receiving","TD","5"
"2025","5084658","Terrell Anderson","WR","NC State","ACC","receiving","YDS","629"
"2025","5084658","Terrell Anderson","WR","NC State","ACC","receiving","YPR","16.1"
"2025","5084664","Cai Bates","DB","Florida State","ACC","defensive","PD","0"
"2025","5084664","Cai Bates","DB","Florida State","ACC","defensive","QB HUR","0"
"2025","5084664","Cai Bates","DB","Florida State","ACC","defensive","SACKS","0"
"2025","5084664","Cai Bates","DB","Florida State","ACC","defensive","SOLO","1"
"2025","5084664","Cai Bates","DB","Florida State","ACC","defensive","TD","0"
"2025","5084664","Cai Bates","DB","Florida State","ACC","defensive","TFL","0"
"2025","5084664","Cai Bates","DB","Florida State","ACC","defensive","TOT","1"
"2025","5084847","Josh Kubala","LB","Syracuse","ACC","defensive","PD","0"
"2025","5084847","Josh Kubala","LB","Syracuse","ACC","defensive","QB HUR","0"
"2025","5084847","Josh Kubala","LB","Syracuse","ACC","defensive","SACKS","0"
"2025","5084847","Josh Kubala","LB","Syracuse","ACC","defensive","SOLO","1"
"2025","5084847","Josh Kubala","LB","Syracuse","ACC","defensive","TD","0"
"2025","5084847","Josh Kubala","LB","Syracuse","ACC","defensive","TFL","0"
"2025","5084847","Josh Kubala","LB","Syracuse","ACC","defensive","TOT","1"
"2025","5084849","Kevin Jobity Jr.","DL","Syracuse","ACC","defensive","PD","1"
"2025","5084849","Kevin Jobity Jr.","DL","Syracuse","ACC","defensive","QB HUR","0"
"2025","5084849","Kevin Jobity Jr.","DL","Syracuse","ACC","defensive","SACKS","5"
"2025","5084849","Kevin Jobity Jr.","DL","Syracuse","ACC","defensive","SOLO","15"
"2025","5084849","Kevin Jobity Jr.","DL","Syracuse","ACC","defensive","TD","0"
"2025","5084849","Kevin Jobity Jr.","DL","Syracuse","ACC","defensive","TFL","6"
"2025","5084849","Kevin Jobity Jr.","DL","Syracuse","ACC","defensive","TOT","20"
"2025","5084898","Ta'Ron Haile","WR","Syracuse","ACC","defensive","PD","0"
"2025","5084898","Ta'Ron Haile","WR","Syracuse","ACC","defensive","QB HUR","0"
"2025","5084898","Ta'Ron Haile","WR","Syracuse","ACC","defensive","SACKS","0"
"2025","5084898","Ta'Ron Haile","WR","Syracuse","ACC","defensive","SOLO","4"
"2025","5084898","Ta'Ron Haile","WR","Syracuse","ACC","defensive","TD","0"
"2025","5084898","Ta'Ron Haile","WR","Syracuse","ACC","defensive","TFL","0"
"2025","5084898","Ta'Ron Haile","WR","Syracuse","ACC","defensive","TOT","4"
"2025","5084905","Jaylan Hornsby","WR","Syracuse","ACC","receiving","LONG","25"
"2025","5084905","Jaylan Hornsby","WR","Syracuse","ACC","receiving","REC","8"
"2025","5084905","Jaylan Hornsby","WR","Syracuse","ACC","receiving","TD","1"
"2025","5084905","Jaylan Hornsby","WR","Syracuse","ACC","receiving","YDS","103"
"2025","5084905","Jaylan Hornsby","WR","Syracuse","ACC","receiving","YPR","12.9"
"2025","5084906","Jaden Hart","RB","Syracuse","ACC","defensive","PD","0"
"2025","5084906","Jaden Hart","RB","Syracuse","ACC","defensive","QB HUR","0"
"2025","5084906","Jaden Hart","RB","Syracuse","ACC","defensive","SACKS","0"
"2025","5084906","Jaden Hart","RB","Syracuse","ACC","defensive","SOLO","1"
"2025","5084906","Jaden Hart","RB","Syracuse","ACC","defensive","TD","0"
"2025","5084906","Jaden Hart","RB","Syracuse","ACC","defensive","TFL","0"
"2025","5084906","Jaden Hart","RB","Syracuse","ACC","defensive","TOT","1"
"2025","5084906","Jaden Hart","RB","Syracuse","ACC","kickReturns","AVG","12.0"
"2025","5084906","Jaden Hart","RB","Syracuse","ACC","kickReturns","LONG","13"
"2025","5084906","Jaden Hart","RB","Syracuse","ACC","kickReturns","NO","2"
"2025","5084906","Jaden Hart","RB","Syracuse","ACC","kickReturns","TD","0"
"2025","5084906","Jaden Hart","RB","Syracuse","ACC","kickReturns","YDS","24"
"2025","5084906","Jaden Hart","RB","Syracuse","ACC","receiving","LONG","4"
"2025","5084906","Jaden Hart","RB","Syracuse","ACC","receiving","REC","3"
"2025","5084906","Jaden Hart","RB","Syracuse","ACC","receiving","TD","0"
"2025","5084906","Jaden Hart","RB","Syracuse","ACC","receiving","YDS","8"
"2025","5084906","Jaden Hart","RB","Syracuse","ACC","receiving","YPR","2.7"
"2025","5084906","Jaden Hart","RB","Syracuse","ACC","rushing","CAR","15"
"2025","5084906","Jaden Hart","RB","Syracuse","ACC","rushing","LONG","14"
"2025","5084906","Jaden Hart","RB","Syracuse","ACC","rushing","TD","0"
"2025","5084906","Jaden Hart","RB","Syracuse","ACC","rushing","YDS","53"
"2025","5084906","Jaden Hart","RB","Syracuse","ACC","rushing","YPC","3.5"
"2025","5085024","CJ Williams","WR","Stanford","ACC","receiving","LONG","36"
"2025","5085024","CJ Williams","WR","Stanford","ACC","receiving","REC","60"
"2025","5085024","CJ Williams","WR","Stanford","ACC","receiving","TD","6"
"2025","5085024","CJ Williams","WR","Stanford","ACC","receiving","YDS","757"
"2025","5085024","CJ Williams","WR","Stanford","ACC","receiving","YPR","12.6"
"2025","5085184","Michael Luckhurst","PK","California","ACC","defensive","PD","0"
"2025","5085184","Michael Luckhurst","PK","California","ACC","defensive","QB HUR","0"
"2025","5085184","Michael Luckhurst","PK","California","ACC","defensive","SACKS","0"
"2025","5085184","Michael Luckhurst","PK","California","ACC","defensive","SOLO","0"
"2025","5085184","Michael Luckhurst","PK","California","ACC","defensive","TD","0"
"2025","5085184","Michael Luckhurst","PK","California","ACC","defensive","TFL","0"
"2025","5085184","Michael Luckhurst","PK","California","ACC","defensive","TOT","2"
"2025","5085246","Tylyric Coleman","WR","Virginia","ACC","receiving","LONG","23"
"2025","5085246","Tylyric Coleman","WR","Virginia","ACC","receiving","REC","2"
"2025","5085246","Tylyric Coleman","WR","Virginia","ACC","receiving","TD","0"
"2025","5085246","Tylyric Coleman","WR","Virginia","ACC","receiving","YDS","29"
"2025","5085246","Tylyric Coleman","WR","Virginia","ACC","receiving","YPR","14.5"
"2025","5085351","Abram Murray","PK","California","ACC","kicking","FGA","6"
"2025","5085351","Abram Murray","PK","California","ACC","kicking","FGM","4"
"2025","5085351","Abram Murray","PK","California","ACC","kicking","LONG","49"
"2025","5085351","Abram Murray","PK","California","ACC","kicking","PCT","0.667"
"2025","5085351","Abram Murray","PK","California","ACC","kicking","PTS","12"
"2025","5085351","Abram Murray","PK","California","ACC","kicking","XPA","0"
"2025","5085351","Abram Murray","PK","California","ACC","kicking","XPM","0"
"2025","5085370","Jordan Owens","TE","North Carolina","ACC","receiving","LONG","19"
"2025","5085370","Jordan Owens","TE","North Carolina","ACC","receiving","REC","6"
"2025","5085370","Jordan Owens","TE","North Carolina","ACC","receiving","TD","1"
"2025","5085370","Jordan Owens","TE","North Carolina","ACC","receiving","YDS","39"
"2025","5085370","Jordan Owens","TE","North Carolina","ACC","receiving","YPR","6.5"
"2025","5085388","Ja'Bril Rawls","DB","Florida State","ACC","defensive","PD","2"
"2025","5085388","Ja'Bril Rawls","DB","Florida State","ACC","defensive","QB HUR","0"
"2025","5085388","Ja'Bril Rawls","DB","Florida State","ACC","defensive","SACKS","0"
"2025","5085388","Ja'Bril Rawls","DB","Florida State","ACC","defensive","SOLO","22"
"2025","5085388","Ja'Bril Rawls","DB","Florida State","ACC","defensive","TD","0"
"2025","5085388","Ja'Bril Rawls","DB","Florida State","ACC","defensive","TFL","2"
"2025","5085388","Ja'Bril Rawls","DB","Florida State","ACC","defensive","TOT","40"
"2025","5085388","Ja'Bril Rawls","DB","Florida State","ACC","fumbles","FUM","0"
"2025","5085388","Ja'Bril Rawls","DB","Florida State","ACC","fumbles","LOST","0"
"2025","5085388","Ja'Bril Rawls","DB","Florida State","ACC","fumbles","REC","1"
"2025","5085388","Ja'Bril Rawls","DB","Florida State","ACC","interceptions","AVG","0.0"
"2025","5085388","Ja'Bril Rawls","DB","Florida State","ACC","interceptions","INT","1"
"2025","5085388","Ja'Bril Rawls","DB","Florida State","ACC","interceptions","TD","0"
"2025","5085388","Ja'Bril Rawls","DB","Florida State","ACC","interceptions","YDS","0"
"2025","5085609","Treyshun Hurry","WR","Louisville","ACC","receiving","LONG","17"
"2025","5085609","Treyshun Hurry","WR","Louisville","ACC","receiving","REC","15"
"2025","5085609","Treyshun Hurry","WR","Louisville","ACC","receiving","TD","1"
"2025","5085609","Treyshun Hurry","WR","Louisville","ACC","receiving","YDS","122"
"2025","5085609","Treyshun Hurry","WR","Louisville","ACC","receiving","YPR","8.1"
"2025","5085761","Jahsiah Galvan","LB","Stanford","ACC","defensive","PD","2"
"2025","5085761","Jahsiah Galvan","LB","Stanford","ACC","defensive","QB HUR","1"
"2025","5085761","Jahsiah Galvan","LB","Stanford","ACC","defensive","SACKS","0"
"2025","5085761","Jahsiah Galvan","LB","Stanford","ACC","defensive","SOLO","30"
"2025","5085761","Jahsiah Galvan","LB","Stanford","ACC","defensive","TD","0"
"2025","5085761","Jahsiah Galvan","LB","Stanford","ACC","defensive","TFL","2"
"2025","5085761","Jahsiah Galvan","LB","Stanford","ACC","defensive","TOT","50"
"2025","5085773","Max Tucker","DB","Boston College","ACC","defensive","PD","2"
"2025","5085773","Max Tucker","DB","Boston College","ACC","defensive","QB HUR","0"
"2025","5085773","Max Tucker","DB","Boston College","ACC","defensive","SACKS","0"
"2025","5085773","Max Tucker","DB","Boston College","ACC","defensive","SOLO","14"
"2025","5085773","Max Tucker","DB","Boston College","ACC","defensive","TD","0"
"2025","5085773","Max Tucker","DB","Boston College","ACC","defensive","TFL","0"
"2025","5085773","Max Tucker","DB","Boston College","ACC","defensive","TOT","24"
"2025","5085773","Max Tucker","DB","Boston College","ACC","interceptions","AVG","0.0"
"2025","5085773","Max Tucker","DB","Boston College","ACC","interceptions","INT","1"
"2025","5085773","Max Tucker","DB","Boston College","ACC","interceptions","TD","0"
"2025","5085773","Max Tucker","DB","Boston College","ACC","interceptions","YDS","0"
"2025","5085876","Trevion Mack","OL","Syracuse","ACC","defensive","PD","0"
"2025","5085876","Trevion Mack","OL","Syracuse","ACC","defensive","QB HUR","0"
"2025","5085876","Trevion Mack","OL","Syracuse","ACC","defensive","SACKS","0"
"2025","5085876","Trevion Mack","OL","Syracuse","ACC","defensive","SOLO","1"
"2025","5085876","Trevion Mack","OL","Syracuse","ACC","defensive","TD","0"
"2025","5085876","Trevion Mack","OL","Syracuse","ACC","defensive","TFL","0"
"2025","5085876","Trevion Mack","OL","Syracuse","ACC","defensive","TOT","1"
"2025","5086027","TJ Harden","RB","SMU","ACC","fumbles","FUM","1"
"2025","5086027","TJ Harden","RB","SMU","ACC","fumbles","LOST","0"
"2025","5086027","TJ Harden","RB","SMU","ACC","fumbles","REC","0"
"2025","5086027","TJ Harden","RB","SMU","ACC","receiving","LONG","30"
"2025","5086027","TJ Harden","RB","SMU","ACC","receiving","REC","19"
"2025","5086027","TJ Harden","RB","SMU","ACC","receiving","TD","1"
"2025","5086027","TJ Harden","RB","SMU","ACC","receiving","YDS","99"
"2025","5086027","TJ Harden","RB","SMU","ACC","receiving","YPR","5.2"
"2025","5086027","TJ Harden","RB","SMU","ACC","rushing","CAR","171"
"2025","5086027","TJ Harden","RB","SMU","ACC","rushing","LONG","53"
"2025","5086027","TJ Harden","RB","SMU","ACC","rushing","TD","9"
"2025","5086027","TJ Harden","RB","SMU","ACC","rushing","YDS","787"
"2025","5086027","TJ Harden","RB","SMU","ACC","rushing","YPC","4.6"
"2025","5086031","Niki Prongos","OL","Stanford","ACC","defensive","PD","0"
"2025","5086031","Niki Prongos","OL","Stanford","ACC","defensive","QB HUR","0"
"2025","5086031","Niki Prongos","OL","Stanford","ACC","defensive","SACKS","0"
"2025","5086031","Niki Prongos","OL","Stanford","ACC","defensive","SOLO","0"
"2025","5086031","Niki Prongos","OL","Stanford","ACC","defensive","TD","0"
"2025","5086031","Niki Prongos","OL","Stanford","ACC","defensive","TFL","0"
"2025","5086031","Niki Prongos","OL","Stanford","ACC","defensive","TOT","1"
"2025","5086051","Vincent Wilkins","WR","Boston College","ACC","kickReturns","AVG","19.0"
"2025","5086051","Vincent Wilkins","WR","Boston College","ACC","kickReturns","LONG","21"
"2025","5086051","Vincent Wilkins","WR","Boston College","ACC","kickReturns","NO","2"
"2025","5086051","Vincent Wilkins","WR","Boston College","ACC","kickReturns","TD","0"
"2025","5086051","Vincent Wilkins","WR","Boston College","ACC","kickReturns","YDS","38"
"2025","5086051","Vincent Wilkins","WR","Boston College","ACC","receiving","LONG","56"
"2025","5086051","Vincent Wilkins","WR","Boston College","ACC","receiving","REC","4"
"2025","5086051","Vincent Wilkins","WR","Boston College","ACC","receiving","TD","0"
"2025","5086051","Vincent Wilkins","WR","Boston College","ACC","receiving","YDS","113"
"2025","5086051","Vincent Wilkins","WR","Boston College","ACC","receiving","YPR","28.3"
"2025","5086096","Lawayne McCoy","WR","Florida State","ACC","puntReturns","AVG","32.0"
"2025","5086096","Lawayne McCoy","WR","Florida State","ACC","puntReturns","LONG","32"
"2025","5086096","Lawayne McCoy","WR","Florida State","ACC","puntReturns","NO","1"
"2025","5086096","Lawayne McCoy","WR","Florida State","ACC","puntReturns","TD","0"
"2025","5086096","Lawayne McCoy","WR","Florida State","ACC","puntReturns","YDS","32"
"2025","5086096","Lawayne McCoy","WR","Florida State","ACC","receiving","LONG","34"
"2025","5086096","Lawayne McCoy","WR","Florida State","ACC","receiving","REC","27"
"2025","5086096","Lawayne McCoy","WR","Florida State","ACC","receiving","TD","3"
"2025","5086096","Lawayne McCoy","WR","Florida State","ACC","receiving","YDS","403"
"2025","5086096","Lawayne McCoy","WR","Florida State","ACC","receiving","YPR","14.9"
"2025","5086180","Mateen Ibirogba","DL","Wake Forest","ACC","defensive","PD","0"
"2025","5086180","Mateen Ibirogba","DL","Wake Forest","ACC","defensive","QB HUR","3"
"2025","5086180","Mateen Ibirogba","DL","Wake Forest","ACC","defensive","SACKS","2.0"
"2025","5086180","Mateen Ibirogba","DL","Wake Forest","ACC","defensive","SOLO","7"
"2025","5086180","Mateen Ibirogba","DL","Wake Forest","ACC","defensive","TD","0"
"2025","5086180","Mateen Ibirogba","DL","Wake Forest","ACC","defensive","TFL","3.5"
"2025","5086180","Mateen Ibirogba","DL","Wake Forest","ACC","defensive","TOT","21"
"2025","5086448","Kamrean Johnson","TE","Wake Forest","ACC","defensive","PD","0"
"2025","5086448","Kamrean Johnson","TE","Wake Forest","ACC","defensive","QB HUR","0"
"2025","5086448","Kamrean Johnson","TE","Wake Forest","ACC","defensive","SACKS","0"
"2025","5086448","Kamrean Johnson","TE","Wake Forest","ACC","defensive","SOLO","0"
"2025","5086448","Kamrean Johnson","TE","Wake Forest","ACC","defensive","TD","0"
"2025","5086448","Kamrean Johnson","TE","Wake Forest","ACC","defensive","TFL","0"
"2025","5086448","Kamrean Johnson","TE","Wake Forest","ACC","defensive","TOT","1"
"2025","5086448","Kamrean Johnson","TE","Wake Forest","ACC","fumbles","FUM","1"
"2025","5086448","Kamrean Johnson","TE","Wake Forest","ACC","fumbles","LOST","0"
"2025","5086448","Kamrean Johnson","TE","Wake Forest","ACC","fumbles","REC","0"
"2025","5086448","Kamrean Johnson","TE","Wake Forest","ACC","receiving","LONG","25"
"2025","5086448","Kamrean Johnson","TE","Wake Forest","ACC","receiving","REC","11"
"2025","5086448","Kamrean Johnson","TE","Wake Forest","ACC","receiving","TD","1"
"2025","5086448","Kamrean Johnson","TE","Wake Forest","ACC","receiving","YDS","122"
"2025","5086448","Kamrean Johnson","TE","Wake Forest","ACC","receiving","YPR","11.1"
"2025","5086468","Aaron Morris","CB","Stanford","ACC","defensive","PD","1"
"2025","5086468","Aaron Morris","CB","Stanford","ACC","defensive","QB HUR","1"
"2025","5086468","Aaron Morris","CB","Stanford","ACC","defensive","SACKS","0"
"2025","5086468","Aaron Morris","CB","Stanford","ACC","defensive","SOLO","4"
"2025","5086468","Aaron Morris","CB","Stanford","ACC","defensive","TD","0"
"2025","5086468","Aaron Morris","CB","Stanford","ACC","defensive","TFL","0"
"2025","5086468","Aaron Morris","CB","Stanford","ACC","defensive","TOT","6"
"2025","5086529","Cody Hardy","TE","NC State","ACC","receiving","LONG","37"
"2025","5086529","Cody Hardy","TE","NC State","ACC","receiving","REC","5"
"2025","5086529","Cody Hardy","TE","NC State","ACC","receiving","TD","2"
"2025","5086529","Cody Hardy","TE","NC State","ACC","receiving","YDS","74"
"2025","5086529","Cody Hardy","TE","NC State","ACC","receiving","YPR","14.8"
"2025","5086529","Cody Hardy","TE","NC State","ACC","rushing","CAR","0"
"2025","5086529","Cody Hardy","TE","NC State","ACC","rushing","LONG","0"
"2025","5086529","Cody Hardy","TE","NC State","ACC","rushing","TD","1"
"2025","5086529","Cody Hardy","TE","NC State","ACC","rushing","YDS","0"
"2025","5086529","Cody Hardy","TE","NC State","ACC","rushing","YPC","0"
"2025","5086542","Cazeem Moore","DE","Virginia","ACC","defensive","PD","1"
"2025","5086542","Cazeem Moore","DE","Virginia","ACC","defensive","QB HUR","4"
"2025","5086542","Cazeem Moore","DE","Virginia","ACC","defensive","SACKS","3"
"2025","5086542","Cazeem Moore","DE","Virginia","ACC","defensive","SOLO","7"
"2025","5086542","Cazeem Moore","DE","Virginia","ACC","defensive","TD","0"
"2025","5086542","Cazeem Moore","DE","Virginia","ACC","defensive","TFL","3"
"2025","5086542","Cazeem Moore","DE","Virginia","ACC","defensive","TOT","18"
"2025","5086543","Chuck Nnaeto","DL","Boston College","ACC","defensive","PD","0"
"2025","5086543","Chuck Nnaeto","DL","Boston College","ACC","defensive","QB HUR","0"
"2025","5086543","Chuck Nnaeto","DL","Boston College","ACC","defensive","SACKS","0"
"2025","5086543","Chuck Nnaeto","DL","Boston College","ACC","defensive","SOLO","2"
"2025","5086543","Chuck Nnaeto","DL","Boston College","ACC","defensive","TD","0"
"2025","5086543","Chuck Nnaeto","DL","Boston College","ACC","defensive","TFL","0"
"2025","5086543","Chuck Nnaeto","DL","Boston College","ACC","defensive","TOT","2"
"2025","5086646","Isaiah Johnson","DL","North Carolina","ACC","defensive","PD","0"
"2025","5086646","Isaiah Johnson","DL","North Carolina","ACC","defensive","QB HUR","1"
"2025","5086646","Isaiah Johnson","DL","North Carolina","ACC","defensive","SACKS","2"
"2025","5086646","Isaiah Johnson","DL","North Carolina","ACC","defensive","SOLO","17"
"2025","5086646","Isaiah Johnson","DL","North Carolina","ACC","defensive","TD","0"
"2025","5086646","Isaiah Johnson","DL","North Carolina","ACC","defensive","TFL","2.5"
"2025","5086646","Isaiah Johnson","DL","North Carolina","ACC","defensive","TOT","37"
"2025","5086842","DaShawn Stone","S","Duke","ACC","defensive","PD","3"
"2025","5086842","DaShawn Stone","S","Duke","ACC","defensive","QB HUR","1"
"2025","5086842","DaShawn Stone","S","Duke","ACC","defensive","SACKS","0"
"2025","5086842","DaShawn Stone","S","Duke","ACC","defensive","SOLO","46"
"2025","5086842","DaShawn Stone","S","Duke","ACC","defensive","TD","0"
"2025","5086842","DaShawn Stone","S","Duke","ACC","defensive","TFL","1.5"
"2025","5086842","DaShawn Stone","S","Duke","ACC","defensive","TOT","86"
"2025","5086842","DaShawn Stone","S","Duke","ACC","interceptions","AVG","0.0"
"2025","5086842","DaShawn Stone","S","Duke","ACC","interceptions","INT","2"
"2025","5086842","DaShawn Stone","S","Duke","ACC","interceptions","TD","0"
"2025","5086842","DaShawn Stone","S","Duke","ACC","interceptions","YDS","0"
"2025","5086869","Jamel Johnson","CB","NC State","ACC","defensive","PD","5"
"2025","5086869","Jamel Johnson","CB","NC State","ACC","defensive","QB HUR","0"
"2025","5086869","Jamel Johnson","CB","NC State","ACC","defensive","SACKS","0"
"2025","5086869","Jamel Johnson","CB","NC State","ACC","defensive","SOLO","15"
"2025","5086869","Jamel Johnson","CB","NC State","ACC","defensive","TD","0"
"2025","5086869","Jamel Johnson","CB","NC State","ACC","defensive","TFL","1"
"2025","5086869","Jamel Johnson","CB","NC State","ACC","defensive","TOT","27"
"2025","5086876","Will McCune","P","Clemson","ACC","punting","In 20","0"
"2025","5086876","Will McCune","P","Clemson","ACC","punting","LONG","36"
"2025","5086876","Will McCune","P","Clemson","ACC","punting","NO","1"
"2025","5086876","Will McCune","P","Clemson","ACC","punting","TB","0"
"2025","5086876","Will McCune","P","Clemson","ACC","punting","YDS","36"
"2025","5086876","Will McCune","P","Clemson","ACC","punting","YPP","36.0"
"2025","5086966","Melkart Abou-Jaoude","DL","North Carolina","ACC","defensive","PD","0"
"2025","5086966","Melkart Abou-Jaoude","DL","North Carolina","ACC","defensive","QB HUR","5"
"2025","5086966","Melkart Abou-Jaoude","DL","North Carolina","ACC","defensive","SACKS","10.5"
"2025","5086966","Melkart Abou-Jaoude","DL","North Carolina","ACC","defensive","SOLO","24"
"2025","5086966","Melkart Abou-Jaoude","DL","North Carolina","ACC","defensive","TD","0"
"2025","5086966","Melkart Abou-Jaoude","DL","North Carolina","ACC","defensive","TFL","12.0"
"2025","5086966","Melkart Abou-Jaoude","DL","North Carolina","ACC","defensive","TOT","47"
"2025","5086966","Melkart Abou-Jaoude","DL","North Carolina","ACC","fumbles","FUM","0"
"2025","5086966","Melkart Abou-Jaoude","DL","North Carolina","ACC","fumbles","LOST","0"
"2025","5086966","Melkart Abou-Jaoude","DL","North Carolina","ACC","fumbles","REC","1"
"2025","5088153","Micahi Danzy","WR","Florida State","ACC","receiving","LONG","66"
"2025","5088153","Micahi Danzy","WR","Florida State","ACC","receiving","REC","27"
"2025","5088153","Micahi Danzy","WR","Florida State","ACC","receiving","TD","3"
"2025","5088153","Micahi Danzy","WR","Florida State","ACC","receiving","YDS","571"
"2025","5088153","Micahi Danzy","WR","Florida State","ACC","receiving","YPR","21.1"
"2025","5088153","Micahi Danzy","WR","Florida State","ACC","rushing","CAR","12"
"2025","5088153","Micahi Danzy","WR","Florida State","ACC","rushing","LONG","64"
"2025","5088153","Micahi Danzy","WR","Florida State","ACC","rushing","TD","3"
"2025","5088153","Micahi Danzy","WR","Florida State","ACC","rushing","YDS","216"
"2025","5088153","Micahi Danzy","WR","Florida State","ACC","rushing","YPC","18.0"
"2025","5088414","Gary Bryant III","LB","Syracuse","ACC","defensive","PD","0"
"2025","5088414","Gary Bryant III","LB","Syracuse","ACC","defensive","QB HUR","1"
"2025","5088414","Gary Bryant III","LB","Syracuse","ACC","defensive","SACKS","1"
"2025","5088414","Gary Bryant III","LB","Syracuse","ACC","defensive","SOLO","39"
"2025","5088414","Gary Bryant III","LB","Syracuse","ACC","defensive","TD","0"
"2025","5088414","Gary Bryant III","LB","Syracuse","ACC","defensive","TFL","4.5"
"2025","5088414","Gary Bryant III","LB","Syracuse","ACC","defensive","TOT","53"
"2025","5088773","Maverick Gracio","DL","Pittsburgh","ACC","defensive","PD","1"
"2025","5088773","Maverick Gracio","DL","Pittsburgh","ACC","defensive","QB HUR","2"
"2025","5088773","Maverick Gracio","DL","Pittsburgh","ACC","defensive","SACKS","1"
"2025","5088773","Maverick Gracio","DL","Pittsburgh","ACC","defensive","SOLO","2"
"2025","5088773","Maverick Gracio","DL","Pittsburgh","ACC","defensive","TD","0"
"2025","5088773","Maverick Gracio","DL","Pittsburgh","ACC","defensive","TFL","1.5"
"2025","5088773","Maverick Gracio","DL","Pittsburgh","ACC","defensive","TOT","4"
"2025","5089172","Ja'Dais Richard","DB","Miami","ACC","defensive","PD","0"
"2025","5089172","Ja'Dais Richard","DB","Miami","ACC","defensive","QB HUR","0"
"2025","5089172","Ja'Dais Richard","DB","Miami","ACC","defensive","SACKS","0.5"
"2025","5089172","Ja'Dais Richard","DB","Miami","ACC","defensive","SOLO","3"
"2025","5089172","Ja'Dais Richard","DB","Miami","ACC","defensive","TD","0"
"2025","5089172","Ja'Dais Richard","DB","Miami","ACC","defensive","TFL","0.5"
"2025","5089172","Ja'Dais Richard","DB","Miami","ACC","defensive","TOT","5"
"2025","5089193","Gabe Kirschke","DL","Wake Forest","ACC","defensive","PD","0"
"2025","5089193","Gabe Kirschke","DL","Wake Forest","ACC","defensive","QB HUR","4"
"2025","5089193","Gabe Kirschke","DL","Wake Forest","ACC","defensive","SACKS","5"
"2025","5089193","Gabe Kirschke","DL","Wake Forest","ACC","defensive","SOLO","21"
"2025","5089193","Gabe Kirschke","DL","Wake Forest","ACC","defensive","TD","0"
"2025","5089193","Gabe Kirschke","DL","Wake Forest","ACC","defensive","TFL","9.0"
"2025","5089193","Gabe Kirschke","DL","Wake Forest","ACC","defensive","TOT","37"
"2025","5089193","Gabe Kirschke","DL","Wake Forest","ACC","fumbles","FUM","0"
"2025","5089193","Gabe Kirschke","DL","Wake Forest","ACC","fumbles","LOST","0"
"2025","5089193","Gabe Kirschke","DL","Wake Forest","ACC","fumbles","REC","1"
"2025","5089312","Aiden Arias","LS","NC State","ACC","defensive","PD","0"
"2025","5089312","Aiden Arias","LS","NC State","ACC","defensive","QB HUR","0"
"2025","5089312","Aiden Arias","LS","NC State","ACC","defensive","SACKS","0"
"2025","5089312","Aiden Arias","LS","NC State","ACC","defensive","SOLO","0"
"2025","5089312","Aiden Arias","LS","NC State","ACC","defensive","TD","0"
"2025","5089312","Aiden Arias","LS","NC State","ACC","defensive","TFL","0"
"2025","5089312","Aiden Arias","LS","NC State","ACC","defensive","TOT","1"
"2025","5089328","Michael Kern","P","California","ACC","punting","In 20","12"
"2025","5089328","Michael Kern","P","California","ACC","punting","LONG","60"
"2025","5089328","Michael Kern","P","California","ACC","punting","NO","39"
"2025","5089328","Michael Kern","P","California","ACC","punting","TB","3"
"2025","5089328","Michael Kern","P","California","ACC","punting","YDS","1620"
"2025","5089328","Michael Kern","P","California","ACC","punting","YPP","41.5"
"2025","5089413","Anthony Britton","DT","Virginia","ACC","defensive","PD","0"
"2025","5089413","Anthony Britton","DT","Virginia","ACC","defensive","QB HUR","3"
"2025","5089413","Anthony Britton","DT","Virginia","ACC","defensive","SACKS","0"
"2025","5089413","Anthony Britton","DT","Virginia","ACC","defensive","SOLO","7"
"2025","5089413","Anthony Britton","DT","Virginia","ACC","defensive","TD","0"
"2025","5089413","Anthony Britton","DT","Virginia","ACC","defensive","TFL","0.5"
"2025","5089413","Anthony Britton","DT","Virginia","ACC","defensive","TOT","30"
"2025","5089535","Desmond Reid","RB","Pittsburgh","ACC","defensive","PD","0"
"2025","5089535","Desmond Reid","RB","Pittsburgh","ACC","defensive","QB HUR","0"
"2025","5089535","Desmond Reid","RB","Pittsburgh","ACC","defensive","SACKS","0"
"2025","5089535","Desmond Reid","RB","Pittsburgh","ACC","defensive","SOLO","0"
"2025","5089535","Desmond Reid","RB","Pittsburgh","ACC","defensive","TD","1"
"2025","5089535","Desmond Reid","RB","Pittsburgh","ACC","defensive","TFL","0"
"2025","5089535","Desmond Reid","RB","Pittsburgh","ACC","defensive","TOT","0"
"2025","5089535","Desmond Reid","RB","Pittsburgh","ACC","puntReturns","AVG","21.0"
"2025","5089535","Desmond Reid","RB","Pittsburgh","ACC","puntReturns","LONG","88"
"2025","5089535","Desmond Reid","RB","Pittsburgh","ACC","puntReturns","NO","5"
"2025","5089535","Desmond Reid","RB","Pittsburgh","ACC","puntReturns","TD","1"
"2025","5089535","Desmond Reid","RB","Pittsburgh","ACC","puntReturns","YDS","105"
"2025","5089535","Desmond Reid","RB","Pittsburgh","ACC","receiving","LONG","50"
"2025","5089535","Desmond Reid","RB","Pittsburgh","ACC","receiving","REC","23"
"2025","5089535","Desmond Reid","RB","Pittsburgh","ACC","receiving","TD","2"
"2025","5089535","Desmond Reid","RB","Pittsburgh","ACC","receiving","YDS","317"
"2025","5089535","Desmond Reid","RB","Pittsburgh","ACC","receiving","YPR","13.8"
"2025","5089535","Desmond Reid","RB","Pittsburgh","ACC","rushing","CAR","60"
"2025","5089535","Desmond Reid","RB","Pittsburgh","ACC","rushing","LONG","53"
"2025","5089535","Desmond Reid","RB","Pittsburgh","ACC","rushing","TD","2"
"2025","5089535","Desmond Reid","RB","Pittsburgh","ACC","rushing","YDS","278"
"2025","5089535","Desmond Reid","RB","Pittsburgh","ACC","rushing","YPC","4.6"
"2025","5089539","Censere Lee","WR","Pittsburgh","ACC","receiving","LONG","31"
"2025","5089539","Censere Lee","WR","Pittsburgh","ACC","receiving","REC","5"
"2025","5089539","Censere Lee","WR","Pittsburgh","ACC","receiving","TD","0"
"2025","5089539","Censere Lee","WR","Pittsburgh","ACC","receiving","YDS","86"
"2025","5089539","Censere Lee","WR","Pittsburgh","ACC","receiving","YPR","17.2"
"2025","5089540","Cole Gonzales","QB","Pittsburgh","ACC","passing","ATT","22"
"2025","5089540","Cole Gonzales","QB","Pittsburgh","ACC","passing","COMPLETIONS","11"
"2025","5089540","Cole Gonzales","QB","Pittsburgh","ACC","passing","INT","1"
"2025","5089540","Cole Gonzales","QB","Pittsburgh","ACC","passing","PCT","0.500"
"2025","5089540","Cole Gonzales","QB","Pittsburgh","ACC","passing","TD","1"
"2025","5089540","Cole Gonzales","QB","Pittsburgh","ACC","passing","YDS","118"
"2025","5089540","Cole Gonzales","QB","Pittsburgh","ACC","passing","YPA","5.4"
"2025","5089540","Cole Gonzales","QB","Pittsburgh","ACC","rushing","CAR","2"
"2025","5089540","Cole Gonzales","QB","Pittsburgh","ACC","rushing","LONG","2"
"2025","5089540","Cole Gonzales","QB","Pittsburgh","ACC","rushing","TD","0"
"2025","5089540","Cole Gonzales","QB","Pittsburgh","ACC","rushing","YDS","1"
"2025","5089540","Cole Gonzales","QB","Pittsburgh","ACC","rushing","YPC","0.5"
"2025","5089576","Brandon Smiley","DL","Wake Forest","ACC","defensive","PD","0"
"2025","5089576","Brandon Smiley","DL","Wake Forest","ACC","defensive","QB HUR","0"
"2025","5089576","Brandon Smiley","DL","Wake Forest","ACC","defensive","SACKS","0"
"2025","5089576","Brandon Smiley","DL","Wake Forest","ACC","defensive","SOLO","0"
"2025","5089576","Brandon Smiley","DL","Wake Forest","ACC","defensive","TD","0"
"2025","5089576","Brandon Smiley","DL","Wake Forest","ACC","defensive","TFL","0"
"2025","5089576","Brandon Smiley","DL","Wake Forest","ACC","defensive","TOT","2"
"2025","5091758","Tim Hays","LB","Boston College","ACC","defensive","PD","0"
"2025","5091758","Tim Hays","LB","Boston College","ACC","defensive","QB HUR","0"
"2025","5091758","Tim Hays","LB","Boston College","ACC","defensive","SACKS","0"
"2025","5091758","Tim Hays","LB","Boston College","ACC","defensive","SOLO","1"
"2025","5091758","Tim Hays","LB","Boston College","ACC","defensive","TD","0"
"2025","5091758","Tim Hays","LB","Boston College","ACC","defensive","TFL","0"
"2025","5091758","Tim Hays","LB","Boston College","ACC","defensive","TOT","2"
"2025","5091763","Juan Zubal","LB","Boston College","ACC","defensive","PD","0"
"2025","5091763","Juan Zubal","LB","Boston College","ACC","defensive","QB HUR","0"
"2025","5091763","Juan Zubal","LB","Boston College","ACC","defensive","SACKS","0"
"2025","5091763","Juan Zubal","LB","Boston College","ACC","defensive","SOLO","1"
"2025","5091763","Juan Zubal","LB","Boston College","ACC","defensive","TD","0"
"2025","5091763","Juan Zubal","LB","Boston College","ACC","defensive","TFL","0"
"2025","5091763","Juan Zubal","LB","Boston College","ACC","defensive","TOT","4"
"2025","5091783","Jason Hewlett","LB","Boston College","ACC","defensive","PD","0"
"2025","5091783","Jason Hewlett","LB","Boston College","ACC","defensive","QB HUR","0"
"2025","5091783","Jason Hewlett","LB","Boston College","ACC","defensive","SACKS","0"
"2025","5091783","Jason Hewlett","LB","Boston College","ACC","defensive","SOLO","4"
"2025","5091783","Jason Hewlett","LB","Boston College","ACC","defensive","TD","0"
"2025","5091783","Jason Hewlett","LB","Boston College","ACC","defensive","TFL","0"
"2025","5091783","Jason Hewlett","LB","Boston College","ACC","defensive","TOT","9"
"2025","5092214","Aidan Flintoft","P","Stanford","ACC","defensive","PD","0"
"2025","5092214","Aidan Flintoft","P","Stanford","ACC","defensive","QB HUR","0"
"2025","5092214","Aidan Flintoft","P","Stanford","ACC","defensive","SACKS","0"
"2025","5092214","Aidan Flintoft","P","Stanford","ACC","defensive","SOLO","2"
"2025","5092214","Aidan Flintoft","P","Stanford","ACC","defensive","TD","0"
"2025","5092214","Aidan Flintoft","P","Stanford","ACC","defensive","TFL","0"
"2025","5092214","Aidan Flintoft","P","Stanford","ACC","defensive","TOT","2"
"2025","5092214","Aidan Flintoft","P","Stanford","ACC","punting","In 20","11"
"2025","5092214","Aidan Flintoft","P","Stanford","ACC","punting","LONG","62"
"2025","5092214","Aidan Flintoft","P","Stanford","ACC","punting","NO","58"
"2025","5092214","Aidan Flintoft","P","Stanford","ACC","punting","TB","1"
"2025","5092214","Aidan Flintoft","P","Stanford","ACC","punting","YDS","2514"
"2025","5092214","Aidan Flintoft","P","Stanford","ACC","punting","YPP","43.3"
"2025","5092258","Elijah Slibeck","P","Virginia","ACC","punting","In 20","3"
"2025","5092258","Elijah Slibeck","P","Virginia","ACC","punting","LONG","71"
"2025","5092258","Elijah Slibeck","P","Virginia","ACC","punting","NO","11"
"2025","5092258","Elijah Slibeck","P","Virginia","ACC","punting","TB","1"
"2025","5092258","Elijah Slibeck","P","Virginia","ACC","punting","YDS","508"
"2025","5092258","Elijah Slibeck","P","Virginia","ACC","punting","YPP","46.2"
"2025","5092271","Buom Jock","LB","California","ACC","defensive","PD","0"
"2025","5092271","Buom Jock","LB","California","ACC","defensive","QB HUR","0"
"2025","5092271","Buom Jock","LB","California","ACC","defensive","SACKS","0"
"2025","5092271","Buom Jock","LB","California","ACC","defensive","SOLO","1"
"2025","5092271","Buom Jock","LB","California","ACC","defensive","TD","0"
"2025","5092271","Buom Jock","LB","California","ACC","defensive","TFL","0"
"2025","5092271","Buom Jock","LB","California","ACC","defensive","TOT","2"
"2025","5092419","Josh Altsman","TE","Pittsburgh","ACC","receiving","LONG","20"
"2025","5092419","Josh Altsman","TE","Pittsburgh","ACC","receiving","REC","6"
"2025","5092419","Josh Altsman","TE","Pittsburgh","ACC","receiving","TD","1"
"2025","5092419","Josh Altsman","TE","Pittsburgh","ACC","receiving","YDS","51"
"2025","5092419","Josh Altsman","TE","Pittsburgh","ACC","receiving","YPR","8.5"
"2025","5092976","Todd Pelino","PK","Duke","ACC","defensive","PD","0"
"2025","5092976","Todd Pelino","PK","Duke","ACC","defensive","QB HUR","0"
"2025","5092976","Todd Pelino","PK","Duke","ACC","defensive","SACKS","0"
"2025","5092976","Todd Pelino","PK","Duke","ACC","defensive","SOLO","1"
"2025","5092976","Todd Pelino","PK","Duke","ACC","defensive","TD","0"
"2025","5092976","Todd Pelino","PK","Duke","ACC","defensive","TFL","0"
"2025","5092976","Todd Pelino","PK","Duke","ACC","defensive","TOT","1"
"2025","5092976","Todd Pelino","PK","Duke","ACC","kicking","FGA","19"
"2025","5092976","Todd Pelino","PK","Duke","ACC","kicking","FGM","14"
"2025","5092976","Todd Pelino","PK","Duke","ACC","kicking","LONG","49"
"2025","5092976","Todd Pelino","PK","Duke","ACC","kicking","PCT","0.737"
"2025","5092976","Todd Pelino","PK","Duke","ACC","kicking","PTS","97"
"2025","5092976","Todd Pelino","PK","Duke","ACC","kicking","XPA","55"
"2025","5092976","Todd Pelino","PK","Duke","ACC","kicking","XPM","55"
"2025","5092976","Todd Pelino","PK","Duke","ACC","rushing","CAR","1"
"2025","5092976","Todd Pelino","PK","Duke","ACC","rushing","LONG","26"
"2025","5092976","Todd Pelino","PK","Duke","ACC","rushing","TD","0"
"2025","5092976","Todd Pelino","PK","Duke","ACC","rushing","YDS","26"
"2025","5092976","Todd Pelino","PK","Duke","ACC","rushing","YPC","26.0"
"2025","5092977","George Wright","S","Duke","ACC","defensive","PD","0"
"2025","5092977","George Wright","S","Duke","ACC","defensive","QB HUR","0"
"2025","5092977","George Wright","S","Duke","ACC","defensive","SACKS","0"
"2025","5092977","George Wright","S","Duke","ACC","defensive","SOLO","2"
"2025","5092977","George Wright","S","Duke","ACC","defensive","TD","0"
"2025","5092977","George Wright","S","Duke","ACC","defensive","TFL","0"
"2025","5092977","George Wright","S","Duke","ACC","defensive","TOT","4"
"2025","5092978","Dawson Andrew","LB","Duke","ACC","defensive","PD","0"
"2025","5092978","Dawson Andrew","LB","Duke","ACC","defensive","QB HUR","0"
"2025","5092978","Dawson Andrew","LB","Duke","ACC","defensive","SACKS","0"
"2025","5092978","Dawson Andrew","LB","Duke","ACC","defensive","SOLO","2"
"2025","5092978","Dawson Andrew","LB","Duke","ACC","defensive","TD","0"
"2025","5092978","Dawson Andrew","LB","Duke","ACC","defensive","TFL","0"
"2025","5092978","Dawson Andrew","LB","Duke","ACC","defensive","TOT","3"
"2025","5093694","Keionte Scott","DB","Miami","ACC","defensive","PD","5"
"2025","5093694","Keionte Scott","DB","Miami","ACC","defensive","QB HUR","8"
"2025","5093694","Keionte Scott","DB","Miami","ACC","defensive","SACKS","5"
"2025","5093694","Keionte Scott","DB","Miami","ACC","defensive","SOLO","42"
"2025","5093694","Keionte Scott","DB","Miami","ACC","defensive","TD","2"
"2025","5093694","Keionte Scott","DB","Miami","ACC","defensive","TFL","13.0"
"2025","5093694","Keionte Scott","DB","Miami","ACC","defensive","TOT","64"
"2025","5093694","Keionte Scott","DB","Miami","ACC","fumbles","FUM","0"
"2025","5093694","Keionte Scott","DB","Miami","ACC","fumbles","LOST","0"
"2025","5093694","Keionte Scott","DB","Miami","ACC","fumbles","REC","2"
"2025","5093694","Keionte Scott","DB","Miami","ACC","interceptions","AVG","55.0"
"2025","5093694","Keionte Scott","DB","Miami","ACC","interceptions","INT","2"
"2025","5093694","Keionte Scott","DB","Miami","ACC","interceptions","TD","2"
"2025","5093694","Keionte Scott","DB","Miami","ACC","interceptions","YDS","110"
"2025","5093694","Keionte Scott","DB","Miami","ACC","kickReturns","AVG","15.0"
"2025","5093694","Keionte Scott","DB","Miami","ACC","kickReturns","LONG","29"
"2025","5093694","Keionte Scott","DB","Miami","ACC","kickReturns","NO","2"
"2025","5093694","Keionte Scott","DB","Miami","ACC","kickReturns","TD","0"
"2025","5093694","Keionte Scott","DB","Miami","ACC","kickReturns","YDS","30"
"2025","5093880","Benjamin Galloway","OL","Georgia Tech","ACC","defensive","PD","0"
"2025","5093880","Benjamin Galloway","OL","Georgia Tech","ACC","defensive","QB HUR","0"
"2025","5093880","Benjamin Galloway","OL","Georgia Tech","ACC","defensive","SACKS","0"
"2025","5093880","Benjamin Galloway","OL","Georgia Tech","ACC","defensive","SOLO","1"
"2025","5093880","Benjamin Galloway","OL","Georgia Tech","ACC","defensive","TD","0"
"2025","5093880","Benjamin Galloway","OL","Georgia Tech","ACC","defensive","TFL","0"
"2025","5093880","Benjamin Galloway","OL","Georgia Tech","ACC","defensive","TOT","1"
"2025","5095116","Jermarian Jackson","CB","Virginia","ACC","defensive","PD","1"
"2025","5095116","Jermarian Jackson","CB","Virginia","ACC","defensive","QB HUR","0"
"2025","5095116","Jermarian Jackson","CB","Virginia","ACC","defensive","SACKS","0"
"2025","5095116","Jermarian Jackson","CB","Virginia","ACC","defensive","SOLO","0"
"2025","5095116","Jermarian Jackson","CB","Virginia","ACC","defensive","TD","0"
"2025","5095116","Jermarian Jackson","CB","Virginia","ACC","defensive","TFL","0"
"2025","5095116","Jermarian Jackson","CB","Virginia","ACC","defensive","TOT","0"
"2025","5097140","Mason Andrade","TE","Wake Forest","ACC","rushing","CAR","1"
"2025","5097140","Mason Andrade","TE","Wake Forest","ACC","rushing","LONG","4"
"2025","5097140","Mason Andrade","TE","Wake Forest","ACC","rushing","TD","0"
"2025","5097140","Mason Andrade","TE","Wake Forest","ACC","rushing","YDS","4"
"2025","5097140","Mason Andrade","TE","Wake Forest","ACC","rushing","YPC","4.0"
"2025","5097169","Matthew Lusardi","TE","Wake Forest","ACC","kickReturns","AVG","5.5"
"2025","5097169","Matthew Lusardi","TE","Wake Forest","ACC","kickReturns","LONG","11"
"2025","5097169","Matthew Lusardi","TE","Wake Forest","ACC","kickReturns","NO","2"
"2025","5097169","Matthew Lusardi","TE","Wake Forest","ACC","kickReturns","TD","0"
"2025","5097169","Matthew Lusardi","TE","Wake Forest","ACC","kickReturns","YDS","11"
"2025","5098359","Foster Burt","CB","NC State","ACC","defensive","PD","0"
"2025","5098359","Foster Burt","CB","NC State","ACC","defensive","QB HUR","0"
"2025","5098359","Foster Burt","CB","NC State","ACC","defensive","SACKS","0"
"2025","5098359","Foster Burt","CB","NC State","ACC","defensive","SOLO","2"
"2025","5098359","Foster Burt","CB","NC State","ACC","defensive","TD","0"
"2025","5098359","Foster Burt","CB","NC State","ACC","defensive","TFL","0"
"2025","5098359","Foster Burt","CB","NC State","ACC","defensive","TOT","2"
"2025","5099305","Antonio Meeks","WR","Louisville","ACC","fumbles","FUM","1"
"2025","5099305","Antonio Meeks","WR","Louisville","ACC","fumbles","LOST","1"
"2025","5099305","Antonio Meeks","WR","Louisville","ACC","fumbles","REC","0"
"2025","5099305","Antonio Meeks","WR","Louisville","ACC","puntReturns","AVG","2.0"
"2025","5099305","Antonio Meeks","WR","Louisville","ACC","puntReturns","LONG","2"
"2025","5099305","Antonio Meeks","WR","Louisville","ACC","puntReturns","NO","1"
"2025","5099305","Antonio Meeks","WR","Louisville","ACC","puntReturns","TD","0"
"2025","5099305","Antonio Meeks","WR","Louisville","ACC","puntReturns","YDS","2"
"2025","5099305","Antonio Meeks","WR","Louisville","ACC","receiving","LONG","23"
"2025","5099305","Antonio Meeks","WR","Louisville","ACC","receiving","REC","17"
"2025","5099305","Antonio Meeks","WR","Louisville","ACC","receiving","TD","1"
"2025","5099305","Antonio Meeks","WR","Louisville","ACC","receiving","YDS","189"
"2025","5099305","Antonio Meeks","WR","Louisville","ACC","receiving","YPR","11.1"
"2025","5099305","Antonio Meeks","WR","Louisville","ACC","rushing","CAR","1"
"2025","5099305","Antonio Meeks","WR","Louisville","ACC","rushing","LONG","0"
"2025","5099305","Antonio Meeks","WR","Louisville","ACC","rushing","TD","0"
"2025","5099305","Antonio Meeks","WR","Louisville","ACC","rushing","YDS","-5"
"2025","5099305","Antonio Meeks","WR","Louisville","ACC","rushing","YPC","-5.0"
"2025","5101129","Darius Jones","LB","Wake Forest","ACC","defensive","PD","0"
"2025","5101129","Darius Jones","LB","Wake Forest","ACC","defensive","QB HUR","0"
"2025","5101129","Darius Jones","LB","Wake Forest","ACC","defensive","SACKS","0"
"2025","5101129","Darius Jones","LB","Wake Forest","ACC","defensive","SOLO","1"
"2025","5101129","Darius Jones","LB","Wake Forest","ACC","defensive","TD","0"
"2025","5101129","Darius Jones","LB","Wake Forest","ACC","defensive","TFL","0"
"2025","5101129","Darius Jones","LB","Wake Forest","ACC","defensive","TOT","4"
"2025","5102556","Cataurus Hicks","WR","Pittsburgh","ACC","kickReturns","AVG","13.8"
"2025","5102556","Cataurus Hicks","WR","Pittsburgh","ACC","kickReturns","LONG","27"
"2025","5102556","Cataurus Hicks","WR","Pittsburgh","ACC","kickReturns","NO","5"
"2025","5102556","Cataurus Hicks","WR","Pittsburgh","ACC","kickReturns","TD","0"
"2025","5102556","Cataurus Hicks","WR","Pittsburgh","ACC","kickReturns","YDS","69"
"2025","5102556","Cataurus Hicks","WR","Pittsburgh","ACC","receiving","LONG","84"
"2025","5102556","Cataurus Hicks","WR","Pittsburgh","ACC","receiving","REC","24"
"2025","5102556","Cataurus Hicks","WR","Pittsburgh","ACC","receiving","TD","4"
"2025","5102556","Cataurus Hicks","WR","Pittsburgh","ACC","receiving","YDS","422"
"2025","5102556","Cataurus Hicks","WR","Pittsburgh","ACC","receiving","YPR","17.6"
"2025","5102556","Cataurus Hicks","WR","Pittsburgh","ACC","rushing","CAR","3"
"2025","5102556","Cataurus Hicks","WR","Pittsburgh","ACC","rushing","LONG","0"
"2025","5102556","Cataurus Hicks","WR","Pittsburgh","ACC","rushing","TD","0"
"2025","5102556","Cataurus Hicks","WR","Pittsburgh","ACC","rushing","YDS","-5"
"2025","5102556","Cataurus Hicks","WR","Pittsburgh","ACC","rushing","YPC","-1.7"
"2025","5103639","Trelain Maddox","RB","Georgia Tech","ACC","defensive","PD","0"
"2025","5103639","Trelain Maddox","RB","Georgia Tech","ACC","defensive","QB HUR","0"
"2025","5103639","Trelain Maddox","RB","Georgia Tech","ACC","defensive","SACKS","0"
"2025","5103639","Trelain Maddox","RB","Georgia Tech","ACC","defensive","SOLO","1"
"2025","5103639","Trelain Maddox","RB","Georgia Tech","ACC","defensive","TD","0"
"2025","5103639","Trelain Maddox","RB","Georgia Tech","ACC","defensive","TFL","0"
"2025","5103639","Trelain Maddox","RB","Georgia Tech","ACC","defensive","TOT","1"
"2025","5103639","Trelain Maddox","RB","Georgia Tech","ACC","fumbles","FUM","1"
"2025","5103639","Trelain Maddox","RB","Georgia Tech","ACC","fumbles","LOST","1"
"2025","5103639","Trelain Maddox","RB","Georgia Tech","ACC","fumbles","REC","0"
"2025","5103639","Trelain Maddox","RB","Georgia Tech","ACC","kickReturns","AVG","11.0"
"2025","5103639","Trelain Maddox","RB","Georgia Tech","ACC","kickReturns","LONG","11"
"2025","5103639","Trelain Maddox","RB","Georgia Tech","ACC","kickReturns","NO","1"
"2025","5103639","Trelain Maddox","RB","Georgia Tech","ACC","kickReturns","TD","0"
"2025","5103639","Trelain Maddox","RB","Georgia Tech","ACC","kickReturns","YDS","11"
"2025","5103639","Trelain Maddox","RB","Georgia Tech","ACC","receiving","LONG","7"
"2025","5103639","Trelain Maddox","RB","Georgia Tech","ACC","receiving","REC","1"
"2025","5103639","Trelain Maddox","RB","Georgia Tech","ACC","receiving","TD","0"
"2025","5103639","Trelain Maddox","RB","Georgia Tech","ACC","receiving","YDS","7"
"2025","5103639","Trelain Maddox","RB","Georgia Tech","ACC","receiving","YPR","7.0"
"2025","5103639","Trelain Maddox","RB","Georgia Tech","ACC","rushing","CAR","11"
"2025","5103639","Trelain Maddox","RB","Georgia Tech","ACC","rushing","LONG","9"
"2025","5103639","Trelain Maddox","RB","Georgia Tech","ACC","rushing","TD","1"
"2025","5103639","Trelain Maddox","RB","Georgia Tech","ACC","rushing","YDS","38"
"2025","5103639","Trelain Maddox","RB","Georgia Tech","ACC","rushing","YPC","3.5"
"2025","5105335","Aiden Hall","LB","Wake Forest","ACC","defensive","PD","3"
"2025","5105335","Aiden Hall","LB","Wake Forest","ACC","defensive","QB HUR","2"
"2025","5105335","Aiden Hall","LB","Wake Forest","ACC","defensive","SACKS","0"
"2025","5105335","Aiden Hall","LB","Wake Forest","ACC","defensive","SOLO","26"
"2025","5105335","Aiden Hall","LB","Wake Forest","ACC","defensive","TD","0"
"2025","5105335","Aiden Hall","LB","Wake Forest","ACC","defensive","TFL","8.0"
"2025","5105335","Aiden Hall","LB","Wake Forest","ACC","defensive","TOT","73"
"2025","5105335","Aiden Hall","LB","Wake Forest","ACC","fumbles","FUM","0"
"2025","5105335","Aiden Hall","LB","Wake Forest","ACC","fumbles","LOST","0"
"2025","5105335","Aiden Hall","LB","Wake Forest","ACC","fumbles","REC","1"
"2025","5106061","Landon Danley","LB","Virginia","ACC","defensive","PD","0"
"2025","5106061","Landon Danley","LB","Virginia","ACC","defensive","QB HUR","1"
"2025","5106061","Landon Danley","LB","Virginia","ACC","defensive","SACKS","0"
"2025","5106061","Landon Danley","LB","Virginia","ACC","defensive","SOLO","23"
"2025","5106061","Landon Danley","LB","Virginia","ACC","defensive","TD","0"
"2025","5106061","Landon Danley","LB","Virginia","ACC","defensive","TFL","1"
"2025","5106061","Landon Danley","LB","Virginia","ACC","defensive","TOT","48"
"2025","5107875","Cole Tabb","RB","Stanford","ACC","defensive","PD","0"
"2025","5107875","Cole Tabb","RB","Stanford","ACC","defensive","QB HUR","0"
"2025","5107875","Cole Tabb","RB","Stanford","ACC","defensive","SACKS","0"
"2025","5107875","Cole Tabb","RB","Stanford","ACC","defensive","SOLO","1"
"2025","5107875","Cole Tabb","RB","Stanford","ACC","defensive","TD","0"
"2025","5107875","Cole Tabb","RB","Stanford","ACC","defensive","TFL","0"
"2025","5107875","Cole Tabb","RB","Stanford","ACC","defensive","TOT","1"
"2025","5107875","Cole Tabb","RB","Stanford","ACC","kickReturns","AVG","13.2"
"2025","5107875","Cole Tabb","RB","Stanford","ACC","kickReturns","LONG","19"
"2025","5107875","Cole Tabb","RB","Stanford","ACC","kickReturns","NO","5"
"2025","5107875","Cole Tabb","RB","Stanford","ACC","kickReturns","TD","0"
"2025","5107875","Cole Tabb","RB","Stanford","ACC","kickReturns","YDS","66"
"2025","5107875","Cole Tabb","RB","Stanford","ACC","receiving","LONG","12"
"2025","5107875","Cole Tabb","RB","Stanford","ACC","receiving","REC","4"
"2025","5107875","Cole Tabb","RB","Stanford","ACC","receiving","TD","0"
"2025","5107875","Cole Tabb","RB","Stanford","ACC","receiving","YDS","22"
"2025","5107875","Cole Tabb","RB","Stanford","ACC","receiving","YPR","5.5"
"2025","5107875","Cole Tabb","RB","Stanford","ACC","rushing","CAR","114"
"2025","5107875","Cole Tabb","RB","Stanford","ACC","rushing","LONG","28"
"2025","5107875","Cole Tabb","RB","Stanford","ACC","rushing","TD","3"
"2025","5107875","Cole Tabb","RB","Stanford","ACC","rushing","YDS","445"
"2025","5107875","Cole Tabb","RB","Stanford","ACC","rushing","YPC","3.9"
"2025","5109795","Raemon Mosby","DB","Louisville","ACC","defensive","PD","0"
"2025","5109795","Raemon Mosby","DB","Louisville","ACC","defensive","QB HUR","0"
"2025","5109795","Raemon Mosby","DB","Louisville","ACC","defensive","SACKS","0"
"2025","5109795","Raemon Mosby","DB","Louisville","ACC","defensive","SOLO","0"
"2025","5109795","Raemon Mosby","DB","Louisville","ACC","defensive","TD","0"
"2025","5109795","Raemon Mosby","DB","Louisville","ACC","defensive","TFL","0"
"2025","5109795","Raemon Mosby","DB","Louisville","ACC","defensive","TOT","2"
"2025","5110464","Gerard Johnson","DL","Virginia Tech","ACC","defensive","PD","0"
"2025","5110464","Gerard Johnson","DL","Virginia Tech","ACC","defensive","QB HUR","0"
"2025","5110464","Gerard Johnson","DL","Virginia Tech","ACC","defensive","SACKS","0"
"2025","5110464","Gerard Johnson","DL","Virginia Tech","ACC","defensive","SOLO","0"
"2025","5110464","Gerard Johnson","DL","Virginia Tech","ACC","defensive","TD","0"
"2025","5110464","Gerard Johnson","DL","Virginia Tech","ACC","defensive","TFL","0"
"2025","5110464","Gerard Johnson","DL","Virginia Tech","ACC","defensive","TOT","1"
"2025","5112674","Bryant Wesco Jr.","WR","Clemson","ACC","fumbles","FUM","1"
"2025","5112674","Bryant Wesco Jr.","WR","Clemson","ACC","fumbles","LOST","0"
"2025","5112674","Bryant Wesco Jr.","WR","Clemson","ACC","fumbles","REC","0"
"2025","5112674","Bryant Wesco Jr.","WR","Clemson","ACC","puntReturns","AVG","8.1"
"2025","5112674","Bryant Wesco Jr.","WR","Clemson","ACC","puntReturns","LONG","17"
"2025","5112674","Bryant Wesco Jr.","WR","Clemson","ACC","puntReturns","NO","10"
"2025","5112674","Bryant Wesco Jr.","WR","Clemson","ACC","puntReturns","TD","0"
"2025","5112674","Bryant Wesco Jr.","WR","Clemson","ACC","puntReturns","YDS","81"
"2025","5112674","Bryant Wesco Jr.","WR","Clemson","ACC","receiving","LONG","73"
"2025","5112674","Bryant Wesco Jr.","WR","Clemson","ACC","receiving","REC","31"
"2025","5112674","Bryant Wesco Jr.","WR","Clemson","ACC","receiving","TD","6"
"2025","5112674","Bryant Wesco Jr.","WR","Clemson","ACC","receiving","YDS","537"
"2025","5112674","Bryant Wesco Jr.","WR","Clemson","ACC","receiving","YPR","17.3"
"2025","5112674","Bryant Wesco Jr.","WR","Clemson","ACC","rushing","CAR","1"
"2025","5112674","Bryant Wesco Jr.","WR","Clemson","ACC","rushing","LONG","4"
"2025","5112674","Bryant Wesco Jr.","WR","Clemson","ACC","rushing","TD","0"
"2025","5112674","Bryant Wesco Jr.","WR","Clemson","ACC","rushing","YDS","4"
"2025","5112674","Bryant Wesco Jr.","WR","Clemson","ACC","rushing","YPC","4.0"
"2025","5113180","Caleb Hardy","S","Virginia","ACC","defensive","PD","0"
"2025","5113180","Caleb Hardy","S","Virginia","ACC","defensive","QB HUR","3"
"2025","5113180","Caleb Hardy","S","Virginia","ACC","defensive","SACKS","0.5"
"2025","5113180","Caleb Hardy","S","Virginia","ACC","defensive","SOLO","5"
"2025","5113180","Caleb Hardy","S","Virginia","ACC","defensive","TD","0"
"2025","5113180","Caleb Hardy","S","Virginia","ACC","defensive","TFL","0.5"
"2025","5113180","Caleb Hardy","S","Virginia","ACC","defensive","TOT","17"
"2025","5113180","Caleb Hardy","S","Virginia","ACC","puntReturns","AVG","4.0"
"2025","5113180","Caleb Hardy","S","Virginia","ACC","puntReturns","LONG","4"
"2025","5113180","Caleb Hardy","S","Virginia","ACC","puntReturns","NO","1"
"2025","5113180","Caleb Hardy","S","Virginia","ACC","puntReturns","TD","0"
"2025","5113180","Caleb Hardy","S","Virginia","ACC","puntReturns","YDS","4"
"2025","5114313","Jordan Onovughe","WR","Stanford","ACC","receiving","LONG","12"
"2025","5114313","Jordan Onovughe","WR","Stanford","ACC","receiving","REC","2"
"2025","5114313","Jordan Onovughe","WR","Stanford","ACC","receiving","TD","0"
"2025","5114313","Jordan Onovughe","WR","Stanford","ACC","receiving","YDS","17"
"2025","5114313","Jordan Onovughe","WR","Stanford","ACC","receiving","YPR","8.5"
"2025","5114331","Suderian Harrison","WR","Virginia","ACC","passing","ATT","1"
"2025","5114331","Suderian Harrison","WR","Virginia","ACC","passing","COMPLETIONS","0"
"2025","5114331","Suderian Harrison","WR","Virginia","ACC","passing","INT","0"
"2025","5114331","Suderian Harrison","WR","Virginia","ACC","passing","PCT","0.000"
"2025","5114331","Suderian Harrison","WR","Virginia","ACC","passing","TD","0"
"2025","5114331","Suderian Harrison","WR","Virginia","ACC","passing","YDS","0"
"2025","5114331","Suderian Harrison","WR","Virginia","ACC","passing","YPA","0.0"
"2025","5114331","Suderian Harrison","WR","Virginia","ACC","receiving","LONG","56"
"2025","5114331","Suderian Harrison","WR","Virginia","ACC","receiving","REC","2"
"2025","5114331","Suderian Harrison","WR","Virginia","ACC","receiving","TD","0"
"2025","5114331","Suderian Harrison","WR","Virginia","ACC","receiving","YDS","62"
"2025","5114331","Suderian Harrison","WR","Virginia","ACC","receiving","YPR","31.0"
"2025","5119662","Nolan Hauser","PK","Clemson","ACC","kicking","FGA","21"
"2025","5119662","Nolan Hauser","PK","Clemson","ACC","kicking","FGM","17"
"2025","5119662","Nolan Hauser","PK","Clemson","ACC","kicking","LONG","50"
"2025","5119662","Nolan Hauser","PK","Clemson","ACC","kicking","PCT","0.810"
"2025","5119662","Nolan Hauser","PK","Clemson","ACC","kicking","PTS","89"
"2025","5119662","Nolan Hauser","PK","Clemson","ACC","kicking","XPA","38"
"2025","5119662","Nolan Hauser","PK","Clemson","ACC","kicking","XPM","38"
"2025","5119662","Nolan Hauser","PK","Clemson","ACC","punting","In 20","2"
"2025","5119662","Nolan Hauser","PK","Clemson","ACC","punting","LONG","28"
"2025","5119662","Nolan Hauser","PK","Clemson","ACC","punting","NO","2"
"2025","5119662","Nolan Hauser","PK","Clemson","ACC","punting","TB","0"
"2025","5119662","Nolan Hauser","PK","Clemson","ACC","punting","YDS","55"
"2025","5119662","Nolan Hauser","PK","Clemson","ACC","punting","YPP","27.5"
"2025","5120971","Aziah Johnson","WR","North Carolina","ACC","receiving","LONG","6"
"2025","5120971","Aziah Johnson","WR","North Carolina","ACC","receiving","REC","1"
"2025","5120971","Aziah Johnson","WR","North Carolina","ACC","receiving","TD","0"
"2025","5120971","Aziah Johnson","WR","North Carolina","ACC","receiving","YDS","6"
"2025","5120971","Aziah Johnson","WR","North Carolina","ACC","receiving","YPR","6.0"
"2025","5121169","Darian Mensah","QB","Duke","ACC","defensive","PD","0"
"2025","5121169","Darian Mensah","QB","Duke","ACC","defensive","QB HUR","0"
"2025","5121169","Darian Mensah","QB","Duke","ACC","defensive","SACKS","0"
"2025","5121169","Darian Mensah","QB","Duke","ACC","defensive","SOLO","2"
"2025","5121169","Darian Mensah","QB","Duke","ACC","defensive","TD","0"
"2025","5121169","Darian Mensah","QB","Duke","ACC","defensive","TFL","0"
"2025","5121169","Darian Mensah","QB","Duke","ACC","defensive","TOT","2"
"2025","5121169","Darian Mensah","QB","Duke","ACC","fumbles","FUM","8"
"2025","5121169","Darian Mensah","QB","Duke","ACC","fumbles","LOST","5"
"2025","5121169","Darian Mensah","QB","Duke","ACC","fumbles","REC","0"
"2025","5121169","Darian Mensah","QB","Duke","ACC","passing","ATT","500"
"2025","5121169","Darian Mensah","QB","Duke","ACC","passing","COMPLETIONS","334"
"2025","5121169","Darian Mensah","QB","Duke","ACC","passing","INT","6"
"2025","5121169","Darian Mensah","QB","Duke","ACC","passing","PCT","0.668"
"2025","5121169","Darian Mensah","QB","Duke","ACC","passing","TD","34"
"2025","5121169","Darian Mensah","QB","Duke","ACC","passing","YDS","3973"
"2025","5121169","Darian Mensah","QB","Duke","ACC","passing","YPA","7.9"
"2025","5121169","Darian Mensah","QB","Duke","ACC","receiving","LONG","0"
"2025","5121169","Darian Mensah","QB","Duke","ACC","receiving","REC","1"
"2025","5121169","Darian Mensah","QB","Duke","ACC","receiving","TD","0"
"2025","5121169","Darian Mensah","QB","Duke","ACC","receiving","YDS","-11"
"2025","5121169","Darian Mensah","QB","Duke","ACC","receiving","YPR","-11.0"
"2025","5121169","Darian Mensah","QB","Duke","ACC","rushing","CAR","59"
"2025","5121169","Darian Mensah","QB","Duke","ACC","rushing","LONG","34"
"2025","5121169","Darian Mensah","QB","Duke","ACC","rushing","TD","1"
"2025","5121169","Darian Mensah","QB","Duke","ACC","rushing","YDS","-32"
"2025","5121169","Darian Mensah","QB","Duke","ACC","rushing","YPC","-0.5"
"2025","5121471","Tyshawn Russell","WR","Syracuse","ACC","defensive","PD","0"
"2025","5121471","Tyshawn Russell","WR","Syracuse","ACC","defensive","QB HUR","0"
"2025","5121471","Tyshawn Russell","WR","Syracuse","ACC","defensive","SACKS","0"
"2025","5121471","Tyshawn Russell","WR","Syracuse","ACC","defensive","SOLO","1"
"2025","5121471","Tyshawn Russell","WR","Syracuse","ACC","defensive","TD","0"
"2025","5121471","Tyshawn Russell","WR","Syracuse","ACC","defensive","TFL","0"
"2025","5121471","Tyshawn Russell","WR","Syracuse","ACC","defensive","TOT","1"
"2025","5121471","Tyshawn Russell","WR","Syracuse","ACC","kickReturns","AVG","18.0"
"2025","5121471","Tyshawn Russell","WR","Syracuse","ACC","kickReturns","LONG","24"
"2025","5121471","Tyshawn Russell","WR","Syracuse","ACC","kickReturns","NO","2"
"2025","5121471","Tyshawn Russell","WR","Syracuse","ACC","kickReturns","TD","0"
"2025","5121471","Tyshawn Russell","WR","Syracuse","ACC","kickReturns","YDS","36"
"2025","5121471","Tyshawn Russell","WR","Syracuse","ACC","receiving","LONG","28"
"2025","5121471","Tyshawn Russell","WR","Syracuse","ACC","receiving","REC","8"
"2025","5121471","Tyshawn Russell","WR","Syracuse","ACC","receiving","TD","0"
"2025","5121471","Tyshawn Russell","WR","Syracuse","ACC","receiving","YDS","84"
"2025","5121471","Tyshawn Russell","WR","Syracuse","ACC","receiving","YPR","10.5"
"2025","5121471","Tyshawn Russell","WR","Syracuse","ACC","rushing","CAR","2"
"2025","5121471","Tyshawn Russell","WR","Syracuse","ACC","rushing","LONG","5"
"2025","5121471","Tyshawn Russell","WR","Syracuse","ACC","rushing","TD","0"
"2025","5121471","Tyshawn Russell","WR","Syracuse","ACC","rushing","YDS","4"
"2025","5121471","Tyshawn Russell","WR","Syracuse","ACC","rushing","YPC","2.0"
"2025","5121605","Mekhi Buchanan","DE","Virginia","ACC","defensive","PD","1"
"2025","5121605","Mekhi Buchanan","DE","Virginia","ACC","defensive","QB HUR","0"
"2025","5121605","Mekhi Buchanan","DE","Virginia","ACC","defensive","SACKS","0"
"2025","5121605","Mekhi Buchanan","DE","Virginia","ACC","defensive","SOLO","0"
"2025","5121605","Mekhi Buchanan","DE","Virginia","ACC","defensive","TD","0"
"2025","5121605","Mekhi Buchanan","DE","Virginia","ACC","defensive","TFL","0"
"2025","5121605","Mekhi Buchanan","DE","Virginia","ACC","defensive","TOT","0"
"2025","5121750","Yamir Knight","WR","SMU","ACC","puntReturns","AVG","10.5"
"2025","5121750","Yamir Knight","WR","SMU","ACC","puntReturns","LONG","27"
"2025","5121750","Yamir Knight","WR","SMU","ACC","puntReturns","NO","16"
"2025","5121750","Yamir Knight","WR","SMU","ACC","puntReturns","TD","0"
"2025","5121750","Yamir Knight","WR","SMU","ACC","puntReturns","YDS","168"
"2025","5121750","Yamir Knight","WR","SMU","ACC","receiving","LONG","61"
"2025","5121750","Yamir Knight","WR","SMU","ACC","receiving","REC","54"
"2025","5121750","Yamir Knight","WR","SMU","ACC","receiving","TD","5"
"2025","5121750","Yamir Knight","WR","SMU","ACC","receiving","YDS","637"
"2025","5121750","Yamir Knight","WR","SMU","ACC","receiving","YPR","11.8"
"2025","5121750","Yamir Knight","WR","SMU","ACC","rushing","CAR","1"
"2025","5121750","Yamir Knight","WR","SMU","ACC","rushing","LONG","2"
"2025","5121750","Yamir Knight","WR","SMU","ACC","rushing","TD","0"
"2025","5121750","Yamir Knight","WR","SMU","ACC","rushing","YDS","2"
"2025","5121750","Yamir Knight","WR","SMU","ACC","rushing","YPC","2.0"
"2025","5121883","Omar Staples","DL","Stanford","ACC","defensive","PD","0"
"2025","5121883","Omar Staples","DL","Stanford","ACC","defensive","QB HUR","0"
"2025","5121883","Omar Staples","DL","Stanford","ACC","defensive","SACKS","1"
"2025","5121883","Omar Staples","DL","Stanford","ACC","defensive","SOLO","9"
"2025","5121883","Omar Staples","DL","Stanford","ACC","defensive","TD","0"
"2025","5121883","Omar Staples","DL","Stanford","ACC","defensive","TFL","2.5"
"2025","5121883","Omar Staples","DL","Stanford","ACC","defensive","TOT","20"
"2025","5121892","Dylan Joyce","P","Miami","ACC","punting","In 20","23"
"2025","5121892","Dylan Joyce","P","Miami","ACC","punting","LONG","73"
"2025","5121892","Dylan Joyce","P","Miami","ACC","punting","NO","54"
"2025","5121892","Dylan Joyce","P","Miami","ACC","punting","TB","6"
"2025","5121892","Dylan Joyce","P","Miami","ACC","punting","YDS","2398"
"2025","5121892","Dylan Joyce","P","Miami","ACC","punting","YPP","44.4"
"2025","5121892","Dylan Joyce","P","Miami","ACC","rushing","CAR","0"
"2025","5121892","Dylan Joyce","P","Miami","ACC","rushing","LONG","0"
"2025","5121892","Dylan Joyce","P","Miami","ACC","rushing","TD","0"
"2025","5121892","Dylan Joyce","P","Miami","ACC","rushing","YDS","-2"
"2025","5121892","Dylan Joyce","P","Miami","ACC","rushing","YPC","0"
"2025","5121988","Kevin Allen","DT","SMU","ACC","defensive","PD","1"
"2025","5121988","Kevin Allen","DT","SMU","ACC","defensive","QB HUR","0"
"2025","5121988","Kevin Allen","DT","SMU","ACC","defensive","SACKS","1"
"2025","5121988","Kevin Allen","DT","SMU","ACC","defensive","SOLO","5"
"2025","5121988","Kevin Allen","DT","SMU","ACC","defensive","TD","0"
"2025","5121988","Kevin Allen","DT","SMU","ACC","defensive","TFL","2.5"
"2025","5121988","Kevin Allen","DT","SMU","ACC","defensive","TOT","12"
"2025","5121994","Melvin Siani","OL","Wake Forest","ACC","defensive","PD","0"
"2025","5121994","Melvin Siani","OL","Wake Forest","ACC","defensive","QB HUR","0"
"2025","5121994","Melvin Siani","OL","Wake Forest","ACC","defensive","SACKS","0"
"2025","5121994","Melvin Siani","OL","Wake Forest","ACC","defensive","SOLO","2"
"2025","5121994","Melvin Siani","OL","Wake Forest","ACC","defensive","TD","0"
"2025","5121994","Melvin Siani","OL","Wake Forest","ACC","defensive","TFL","0"
"2025","5121994","Melvin Siani","OL","Wake Forest","ACC","defensive","TOT","2"
"2025","5122404","Abe Ibrahim","LB","Pittsburgh","ACC","defensive","PD","1"
"2025","5122404","Abe Ibrahim","LB","Pittsburgh","ACC","defensive","QB HUR","0"
"2025","5122404","Abe Ibrahim","LB","Pittsburgh","ACC","defensive","SACKS","0"
"2025","5122404","Abe Ibrahim","LB","Pittsburgh","ACC","defensive","SOLO","10"
"2025","5122404","Abe Ibrahim","LB","Pittsburgh","ACC","defensive","TD","0"
"2025","5122404","Abe Ibrahim","LB","Pittsburgh","ACC","defensive","TFL","1.5"
"2025","5122404","Abe Ibrahim","LB","Pittsburgh","ACC","defensive","TOT","16"
"2025","5122552","Khalil Conley","DB","North Carolina","ACC","defensive","PD","0"
"2025","5122552","Khalil Conley","DB","North Carolina","ACC","defensive","QB HUR","0"
"2025","5122552","Khalil Conley","DB","North Carolina","ACC","defensive","SACKS","0"
"2025","5122552","Khalil Conley","DB","North Carolina","ACC","defensive","SOLO","2"
"2025","5122552","Khalil Conley","DB","North Carolina","ACC","defensive","TD","0"
"2025","5122552","Khalil Conley","DB","North Carolina","ACC","defensive","TFL","0"
"2025","5122552","Khalil Conley","DB","North Carolina","ACC","defensive","TOT","2"
"2025","5123219","Jake Weinberg","PK","Florida State","ACC","kicking","FGA","19"
"2025","5123219","Jake Weinberg","PK","Florida State","ACC","kicking","FGM","12"
"2025","5123219","Jake Weinberg","PK","Florida State","ACC","kicking","LONG","46"
"2025","5123219","Jake Weinberg","PK","Florida State","ACC","kicking","PCT","0.632"
"2025","5123219","Jake Weinberg","PK","Florida State","ACC","kicking","PTS","82"
"2025","5123219","Jake Weinberg","PK","Florida State","ACC","kicking","XPA","46"
"2025","5123219","Jake Weinberg","PK","Florida State","ACC","kicking","XPM","46"
"2025","5124964","Landan Callahan","CB","Duke","ACC","defensive","PD","2"
"2025","5124964","Landan Callahan","CB","Duke","ACC","defensive","QB HUR","0"
"2025","5124964","Landan Callahan","CB","Duke","ACC","defensive","SACKS","0"
"2025","5124964","Landan Callahan","CB","Duke","ACC","defensive","SOLO","25"
"2025","5124964","Landan Callahan","CB","Duke","ACC","defensive","TD","0"
"2025","5124964","Landan Callahan","CB","Duke","ACC","defensive","TFL","0"
"2025","5124964","Landan Callahan","CB","Duke","ACC","defensive","TOT","42"
"2025","5124975","Juelz Goff","RB","Pittsburgh","ACC","defensive","PD","0"
"2025","5124975","Juelz Goff","RB","Pittsburgh","ACC","defensive","QB HUR","0"
"2025","5124975","Juelz Goff","RB","Pittsburgh","ACC","defensive","SACKS","0"
"2025","5124975","Juelz Goff","RB","Pittsburgh","ACC","defensive","SOLO","2"
"2025","5124975","Juelz Goff","RB","Pittsburgh","ACC","defensive","TD","0"
"2025","5124975","Juelz Goff","RB","Pittsburgh","ACC","defensive","TFL","0"
"2025","5124975","Juelz Goff","RB","Pittsburgh","ACC","defensive","TOT","2"
"2025","5124975","Juelz Goff","RB","Pittsburgh","ACC","fumbles","FUM","1"
"2025","5124975","Juelz Goff","RB","Pittsburgh","ACC","fumbles","LOST","0"
"2025","5124975","Juelz Goff","RB","Pittsburgh","ACC","fumbles","REC","0"
"2025","5124975","Juelz Goff","RB","Pittsburgh","ACC","receiving","LONG","15"
"2025","5124975","Juelz Goff","RB","Pittsburgh","ACC","receiving","REC","12"
"2025","5124975","Juelz Goff","RB","Pittsburgh","ACC","receiving","TD","0"
"2025","5124975","Juelz Goff","RB","Pittsburgh","ACC","receiving","YDS","93"
"2025","5124975","Juelz Goff","RB","Pittsburgh","ACC","receiving","YPR","7.8"
"2025","5124975","Juelz Goff","RB","Pittsburgh","ACC","rushing","CAR","69"
"2025","5124975","Juelz Goff","RB","Pittsburgh","ACC","rushing","LONG","17"
"2025","5124975","Juelz Goff","RB","Pittsburgh","ACC","rushing","TD","5"
"2025","5124975","Juelz Goff","RB","Pittsburgh","ACC","rushing","YDS","270"
"2025","5124975","Juelz Goff","RB","Pittsburgh","ACC","rushing","YPC","3.9"
"2025","5125076","Evan Bennett","LB","North Carolina","ACC","defensive","PD","0"
"2025","5125076","Evan Bennett","LB","North Carolina","ACC","defensive","QB HUR","0"
"2025","5125076","Evan Bennett","LB","North Carolina","ACC","defensive","SACKS","0"
"2025","5125076","Evan Bennett","LB","North Carolina","ACC","defensive","SOLO","1"
"2025","5125076","Evan Bennett","LB","North Carolina","ACC","defensive","TD","0"
"2025","5125076","Evan Bennett","LB","North Carolina","ACC","defensive","TFL","0"
"2025","5125076","Evan Bennett","LB","North Carolina","ACC","defensive","TOT","1"
"2025","5125151","Brian Nelson II","CB","NC State","ACC","defensive","PD","6"
"2025","5125151","Brian Nelson II","CB","NC State","ACC","defensive","QB HUR","0"
"2025","5125151","Brian Nelson II","CB","NC State","ACC","defensive","SACKS","0"
"2025","5125151","Brian Nelson II","CB","NC State","ACC","defensive","SOLO","21"
"2025","5125151","Brian Nelson II","CB","NC State","ACC","defensive","TD","0"
"2025","5125151","Brian Nelson II","CB","NC State","ACC","defensive","TFL","1"
"2025","5125151","Brian Nelson II","CB","NC State","ACC","defensive","TOT","29"
"2025","5125153","Che Ojarikre","S","Stanford","ACC","defensive","PD","2"
"2025","5125153","Che Ojarikre","S","Stanford","ACC","defensive","QB HUR","0"
"2025","5125153","Che Ojarikre","S","Stanford","ACC","defensive","SACKS","0"
"2025","5125153","Che Ojarikre","S","Stanford","ACC","defensive","SOLO","15"
"2025","5125153","Che Ojarikre","S","Stanford","ACC","defensive","TD","0"
"2025","5125153","Che Ojarikre","S","Stanford","ACC","defensive","TFL","0"
"2025","5125153","Che Ojarikre","S","Stanford","ACC","defensive","TOT","30"
"2025","5125580","Chad Alexander","RB","Georgia Tech","ACC","defensive","PD","0"
"2025","5125580","Chad Alexander","RB","Georgia Tech","ACC","defensive","QB HUR","0"
"2025","5125580","Chad Alexander","RB","Georgia Tech","ACC","defensive","SACKS","0"
"2025","5125580","Chad Alexander","RB","Georgia Tech","ACC","defensive","SOLO","0"
"2025","5125580","Chad Alexander","RB","Georgia Tech","ACC","defensive","TD","0"
"2025","5125580","Chad Alexander","RB","Georgia Tech","ACC","defensive","TFL","0"
"2025","5125580","Chad Alexander","RB","Georgia Tech","ACC","defensive","TOT","1"
"2025","5125580","Chad Alexander","RB","Georgia Tech","ACC","receiving","LONG","0"
"2025","5125580","Chad Alexander","RB","Georgia Tech","ACC","receiving","REC","2"
"2025","5125580","Chad Alexander","RB","Georgia Tech","ACC","receiving","TD","0"
"2025","5125580","Chad Alexander","RB","Georgia Tech","ACC","receiving","YDS","-2"
"2025","5125580","Chad Alexander","RB","Georgia Tech","ACC","receiving","YPR","-1.0"
"2025","5125580","Chad Alexander","RB","Georgia Tech","ACC","rushing","CAR","2"
"2025","5125580","Chad Alexander","RB","Georgia Tech","ACC","rushing","LONG","2"
"2025","5125580","Chad Alexander","RB","Georgia Tech","ACC","rushing","TD","0"
"2025","5125580","Chad Alexander","RB","Georgia Tech","ACC","rushing","YDS","3"
"2025","5125580","Chad Alexander","RB","Georgia Tech","ACC","rushing","YPC","1.5"
"2025","5125593","Bailey Stockton","WR","Georgia Tech","ACC","fumbles","FUM","1"
"2025","5125593","Bailey Stockton","WR","Georgia Tech","ACC","fumbles","LOST","0"
"2025","5125593","Bailey Stockton","WR","Georgia Tech","ACC","fumbles","REC","0"
"2025","5125593","Bailey Stockton","WR","Georgia Tech","ACC","puntReturns","AVG","9.7"
"2025","5125593","Bailey Stockton","WR","Georgia Tech","ACC","puntReturns","LONG","24"
"2025","5125593","Bailey Stockton","WR","Georgia Tech","ACC","puntReturns","NO","6"
"2025","5125593","Bailey Stockton","WR","Georgia Tech","ACC","puntReturns","TD","0"
"2025","5125593","Bailey Stockton","WR","Georgia Tech","ACC","puntReturns","YDS","58"
"2025","5125593","Bailey Stockton","WR","Georgia Tech","ACC","receiving","LONG","33"
"2025","5125593","Bailey Stockton","WR","Georgia Tech","ACC","receiving","REC","21"
"2025","5125593","Bailey Stockton","WR","Georgia Tech","ACC","receiving","TD","0"
"2025","5125593","Bailey Stockton","WR","Georgia Tech","ACC","receiving","YDS","233"
"2025","5125593","Bailey Stockton","WR","Georgia Tech","ACC","receiving","YPR","11.1"
"2025","5125593","Bailey Stockton","WR","Georgia Tech","ACC","rushing","CAR","1"
"2025","5125593","Bailey Stockton","WR","Georgia Tech","ACC","rushing","LONG","5"
"2025","5125593","Bailey Stockton","WR","Georgia Tech","ACC","rushing","TD","0"
"2025","5125593","Bailey Stockton","WR","Georgia Tech","ACC","rushing","YDS","5"
"2025","5125593","Bailey Stockton","WR","Georgia Tech","ACC","rushing","YPC","5.0"
"2025","5125732","Braden Marceau-Olayinka","DL","Stanford","ACC","defensive","PD","0"
"2025","5125732","Braden Marceau-Olayinka","DL","Stanford","ACC","defensive","QB HUR","1"
"2025","5125732","Braden Marceau-Olayinka","DL","Stanford","ACC","defensive","SACKS","0"
"2025","5125732","Braden Marceau-Olayinka","DL","Stanford","ACC","defensive","SOLO","7"
"2025","5125732","Braden Marceau-Olayinka","DL","Stanford","ACC","defensive","TD","0"
"2025","5125732","Braden Marceau-Olayinka","DL","Stanford","ACC","defensive","TFL","0.5"
"2025","5125732","Braden Marceau-Olayinka","DL","Stanford","ACC","defensive","TOT","15"
"2025","5125819","Darrell Gill Jr.","WR","Syracuse","ACC","defensive","PD","0"
"2025","5125819","Darrell Gill Jr.","WR","Syracuse","ACC","defensive","QB HUR","0"
"2025","5125819","Darrell Gill Jr.","WR","Syracuse","ACC","defensive","SACKS","0"
"2025","5125819","Darrell Gill Jr.","WR","Syracuse","ACC","defensive","SOLO","4"
"2025","5125819","Darrell Gill Jr.","WR","Syracuse","ACC","defensive","TD","0"
"2025","5125819","Darrell Gill Jr.","WR","Syracuse","ACC","defensive","TFL","0"
"2025","5125819","Darrell Gill Jr.","WR","Syracuse","ACC","defensive","TOT","4"
"2025","5125819","Darrell Gill Jr.","WR","Syracuse","ACC","fumbles","FUM","1"
"2025","5125819","Darrell Gill Jr.","WR","Syracuse","ACC","fumbles","LOST","0"
"2025","5125819","Darrell Gill Jr.","WR","Syracuse","ACC","fumbles","REC","0"
"2025","5125819","Darrell Gill Jr.","WR","Syracuse","ACC","receiving","LONG","43"
"2025","5125819","Darrell Gill Jr.","WR","Syracuse","ACC","receiving","REC","32"
"2025","5125819","Darrell Gill Jr.","WR","Syracuse","ACC","receiving","TD","5"
"2025","5125819","Darrell Gill Jr.","WR","Syracuse","ACC","receiving","YDS","506"
"2025","5125819","Darrell Gill Jr.","WR","Syracuse","ACC","receiving","YPR","15.8"
"2025","5125819","Darrell Gill Jr.","WR","Syracuse","ACC","rushing","CAR","1"
"2025","5125819","Darrell Gill Jr.","WR","Syracuse","ACC","rushing","LONG","1"
"2025","5125819","Darrell Gill Jr.","WR","Syracuse","ACC","rushing","TD","0"
"2025","5125819","Darrell Gill Jr.","WR","Syracuse","ACC","rushing","YDS","1"
"2025","5125819","Darrell Gill Jr.","WR","Syracuse","ACC","rushing","YPC","1.0"
"2025","5126464","Deuce Adams","QB","Louisville","ACC","fumbles","FUM","2"
"2025","5126464","Deuce Adams","QB","Louisville","ACC","fumbles","LOST","0"
"2025","5126464","Deuce Adams","QB","Louisville","ACC","fumbles","REC","0"
"2025","5126464","Deuce Adams","QB","Louisville","ACC","passing","ATT","21"
"2025","5126464","Deuce Adams","QB","Louisville","ACC","passing","COMPLETIONS","15"
"2025","5126464","Deuce Adams","QB","Louisville","ACC","passing","INT","0"
"2025","5126464","Deuce Adams","QB","Louisville","ACC","passing","PCT","0.714"
"2025","5126464","Deuce Adams","QB","Louisville","ACC","passing","TD","0"
"2025","5126464","Deuce Adams","QB","Louisville","ACC","passing","YDS","112"
"2025","5126464","Deuce Adams","QB","Louisville","ACC","passing","YPA","5.3"
"2025","5126464","Deuce Adams","QB","Louisville","ACC","rushing","CAR","14"
"2025","5126464","Deuce Adams","QB","Louisville","ACC","rushing","LONG","11"
"2025","5126464","Deuce Adams","QB","Louisville","ACC","rushing","TD","0"
"2025","5126464","Deuce Adams","QB","Louisville","ACC","rushing","YDS","33"
"2025","5126464","Deuce Adams","QB","Louisville","ACC","rushing","YPC","2.4"
"2025","5126471","Daniel Kaelin","QB","Virginia","ACC","fumbles","FUM","3"
"2025","5126471","Daniel Kaelin","QB","Virginia","ACC","fumbles","LOST","2"
"2025","5126471","Daniel Kaelin","QB","Virginia","ACC","fumbles","REC","0"
"2025","5126471","Daniel Kaelin","QB","Virginia","ACC","passing","ATT","52"
"2025","5126471","Daniel Kaelin","QB","Virginia","ACC","passing","COMPLETIONS","30"
"2025","5126471","Daniel Kaelin","QB","Virginia","ACC","passing","INT","1"
"2025","5126471","Daniel Kaelin","QB","Virginia","ACC","passing","PCT","0.577"
"2025","5126471","Daniel Kaelin","QB","Virginia","ACC","passing","TD","1"
"2025","5126471","Daniel Kaelin","QB","Virginia","ACC","passing","YDS","339"
"2025","5126471","Daniel Kaelin","QB","Virginia","ACC","passing","YPA","6.5"
"2025","5126471","Daniel Kaelin","QB","Virginia","ACC","rushing","CAR","12"
"2025","5126471","Daniel Kaelin","QB","Virginia","ACC","rushing","LONG","54"
"2025","5126471","Daniel Kaelin","QB","Virginia","ACC","rushing","TD","0"
"2025","5126471","Daniel Kaelin","QB","Virginia","ACC","rushing","YDS","72"
"2025","5126471","Daniel Kaelin","QB","Virginia","ACC","rushing","YPC","6.0"
"2025","5126513","Jayden Scott","RB","NC State","ACC","kickReturns","AVG","21.3"
"2025","5126513","Jayden Scott","RB","NC State","ACC","kickReturns","LONG","38"
"2025","5126513","Jayden Scott","RB","NC State","ACC","kickReturns","NO","11"
"2025","5126513","Jayden Scott","RB","NC State","ACC","kickReturns","TD","0"
"2025","5126513","Jayden Scott","RB","NC State","ACC","kickReturns","YDS","234"
"2025","5126513","Jayden Scott","RB","NC State","ACC","receiving","LONG","28"
"2025","5126513","Jayden Scott","RB","NC State","ACC","receiving","REC","15"
"2025","5126513","Jayden Scott","RB","NC State","ACC","receiving","TD","0"
"2025","5126513","Jayden Scott","RB","NC State","ACC","receiving","YDS","132"
"2025","5126513","Jayden Scott","RB","NC State","ACC","receiving","YPR","8.8"
"2025","5126513","Jayden Scott","RB","NC State","ACC","rushing","CAR","106"
"2025","5126513","Jayden Scott","RB","NC State","ACC","rushing","LONG","69"
"2025","5126513","Jayden Scott","RB","NC State","ACC","rushing","TD","4"
"2025","5126513","Jayden Scott","RB","NC State","ACC","rushing","YDS","595"
"2025","5126513","Jayden Scott","RB","NC State","ACC","rushing","YPC","5.6"
"2025","5126850","Whittman Whaley","LB","Wake Forest","ACC","defensive","PD","0"
"2025","5126850","Whittman Whaley","LB","Wake Forest","ACC","defensive","QB HUR","0"
"2025","5126850","Whittman Whaley","LB","Wake Forest","ACC","defensive","SACKS","0"
"2025","5126850","Whittman Whaley","LB","Wake Forest","ACC","defensive","SOLO","1"
"2025","5126850","Whittman Whaley","LB","Wake Forest","ACC","defensive","TD","0"
"2025","5126850","Whittman Whaley","LB","Wake Forest","ACC","defensive","TFL","0"
"2025","5126850","Whittman Whaley","LB","Wake Forest","ACC","defensive","TOT","2"
"2025","5126850","Whittman Whaley","LB","Wake Forest","ACC","fumbles","FUM","0"
"2025","5126850","Whittman Whaley","LB","Wake Forest","ACC","fumbles","LOST","0"
"2025","5126850","Whittman Whaley","LB","Wake Forest","ACC","fumbles","REC","1"
"2025","5126999","Marquise Lightfoot","DL","Miami","ACC","defensive","PD","1"
"2025","5126999","Marquise Lightfoot","DL","Miami","ACC","defensive","QB HUR","6"
"2025","5126999","Marquise Lightfoot","DL","Miami","ACC","defensive","SACKS","2.5"
"2025","5126999","Marquise Lightfoot","DL","Miami","ACC","defensive","SOLO","16"
"2025","5126999","Marquise Lightfoot","DL","Miami","ACC","defensive","TD","0"
"2025","5126999","Marquise Lightfoot","DL","Miami","ACC","defensive","TFL","5.5"
"2025","5126999","Marquise Lightfoot","DL","Miami","ACC","defensive","TOT","25"
"2025","5127019","Darien Mayo","DE","Clemson","ACC","defensive","PD","0"
"2025","5127019","Darien Mayo","DE","Clemson","ACC","defensive","QB HUR","0"
"2025","5127019","Darien Mayo","DE","Clemson","ACC","defensive","SACKS","0"
"2025","5127019","Darien Mayo","DE","Clemson","ACC","defensive","SOLO","0"
"2025","5127019","Darien Mayo","DE","Clemson","ACC","defensive","TD","0"
"2025","5127019","Darien Mayo","DE","Clemson","ACC","defensive","TFL","0"
"2025","5127019","Darien Mayo","DE","Clemson","ACC","defensive","TOT","1"
"2025","5127028","Jordan Boyd","DL","Georgia Tech","ACC","defensive","PD","0"
"2025","5127028","Jordan Boyd","DL","Georgia Tech","ACC","defensive","QB HUR","2"
"2025","5127028","Jordan Boyd","DL","Georgia Tech","ACC","defensive","SACKS","1"
"2025","5127028","Jordan Boyd","DL","Georgia Tech","ACC","defensive","SOLO","6"
"2025","5127028","Jordan Boyd","DL","Georgia Tech","ACC","defensive","TD","0"
"2025","5127028","Jordan Boyd","DL","Georgia Tech","ACC","defensive","TFL","2.5"
"2025","5127028","Jordan Boyd","DL","Georgia Tech","ACC","defensive","TOT","11"
"2025","5127028","Jordan Boyd","DL","Georgia Tech","ACC","fumbles","FUM","0"
"2025","5127028","Jordan Boyd","DL","Georgia Tech","ACC","fumbles","LOST","0"
"2025","5127028","Jordan Boyd","DL","Georgia Tech","ACC","fumbles","REC","1"
"2025","5127033","Emmett Laws","DL","Virginia Tech","ACC","defensive","PD","0"
"2025","5127033","Emmett Laws","DL","Virginia Tech","ACC","defensive","QB HUR","0"
"2025","5127033","Emmett Laws","DL","Virginia Tech","ACC","defensive","SACKS","1"
"2025","5127033","Emmett Laws","DL","Virginia Tech","ACC","defensive","SOLO","4"
"2025","5127033","Emmett Laws","DL","Virginia Tech","ACC","defensive","TD","0"
"2025","5127033","Emmett Laws","DL","Virginia Tech","ACC","defensive","TFL","1"
"2025","5127033","Emmett Laws","DL","Virginia Tech","ACC","defensive","TOT","12"
"2025","5127043","Preston Watson","DT","Duke","ACC","defensive","PD","1"
"2025","5127043","Preston Watson","DT","Duke","ACC","defensive","QB HUR","2"
"2025","5127043","Preston Watson","DT","Duke","ACC","defensive","SACKS","0.5"
"2025","5127043","Preston Watson","DT","Duke","ACC","defensive","SOLO","8"
"2025","5127043","Preston Watson","DT","Duke","ACC","defensive","TD","0"
"2025","5127043","Preston Watson","DT","Duke","ACC","defensive","TFL","3.0"
"2025","5127043","Preston Watson","DT","Duke","ACC","defensive","TOT","15"
"2025","5127045","Drew Woodaz","LB","Clemson","ACC","defensive","PD","0"
"2025","5127045","Drew Woodaz","LB","Clemson","ACC","defensive","QB HUR","0"
"2025","5127045","Drew Woodaz","LB","Clemson","ACC","defensive","SACKS","0"
"2025","5127045","Drew Woodaz","LB","Clemson","ACC","defensive","SOLO","0"
"2025","5127045","Drew Woodaz","LB","Clemson","ACC","defensive","TD","0"
"2025","5127045","Drew Woodaz","LB","Clemson","ACC","defensive","TFL","0"
"2025","5127045","Drew Woodaz","LB","Clemson","ACC","defensive","TOT","1"
"2025","5127733","Jalon Thompson","DB","North Carolina","ACC","defensive","PD","2"
"2025","5127733","Jalon Thompson","DB","North Carolina","ACC","defensive","QB HUR","0"
"2025","5127733","Jalon Thompson","DB","North Carolina","ACC","defensive","SACKS","0"
"2025","5127733","Jalon Thompson","DB","North Carolina","ACC","defensive","SOLO","5"
"2025","5127733","Jalon Thompson","DB","North Carolina","ACC","defensive","TD","0"
"2025","5127733","Jalon Thompson","DB","North Carolina","ACC","defensive","TFL","0"
"2025","5127733","Jalon Thompson","DB","North Carolina","ACC","defensive","TOT","7"
"2025","5127735","Xavier Lucas","DB","Miami","ACC","defensive","PD","8"
"2025","5127735","Xavier Lucas","DB","Miami","ACC","defensive","QB HUR","1"
"2025","5127735","Xavier Lucas","DB","Miami","ACC","defensive","SACKS","1"
"2025","5127735","Xavier Lucas","DB","Miami","ACC","defensive","SOLO","30"
"2025","5127735","Xavier Lucas","DB","Miami","ACC","defensive","TD","0"
"2025","5127735","Xavier Lucas","DB","Miami","ACC","defensive","TFL","2.0"
"2025","5127735","Xavier Lucas","DB","Miami","ACC","defensive","TOT","45"
"2025","5127735","Xavier Lucas","DB","Miami","ACC","interceptions","AVG","0.0"
"2025","5127735","Xavier Lucas","DB","Miami","ACC","interceptions","INT","1"
"2025","5127735","Xavier Lucas","DB","Miami","ACC","interceptions","TD","0"
"2025","5127735","Xavier Lucas","DB","Miami","ACC","interceptions","YDS","0"
"2025","5127738","Ashton Hampton","CB","Clemson","ACC","defensive","PD","8"
"2025","5127738","Ashton Hampton","CB","Clemson","ACC","defensive","QB HUR","0"
"2025","5127738","Ashton Hampton","CB","Clemson","ACC","defensive","SACKS","1"
"2025","5127738","Ashton Hampton","CB","Clemson","ACC","defensive","SOLO","35"
"2025","5127738","Ashton Hampton","CB","Clemson","ACC","defensive","TD","0"
"2025","5127738","Ashton Hampton","CB","Clemson","ACC","defensive","TFL","3"
"2025","5127738","Ashton Hampton","CB","Clemson","ACC","defensive","TOT","45"
"2025","5127738","Ashton Hampton","CB","Clemson","ACC","interceptions","AVG","0.0"
"2025","5127738","Ashton Hampton","CB","Clemson","ACC","interceptions","INT","1"
"2025","5127738","Ashton Hampton","CB","Clemson","ACC","interceptions","TD","0"
"2025","5127738","Ashton Hampton","CB","Clemson","ACC","interceptions","YDS","0"
"2025","5127807","Jaylen'Dai Sumlin","S","Stanford","ACC","defensive","PD","0"
"2025","5127807","Jaylen'Dai Sumlin","S","Stanford","ACC","defensive","QB HUR","0"
"2025","5127807","Jaylen'Dai Sumlin","S","Stanford","ACC","defensive","SACKS","0"
"2025","5127807","Jaylen'Dai Sumlin","S","Stanford","ACC","defensive","SOLO","2"
"2025","5127807","Jaylen'Dai Sumlin","S","Stanford","ACC","defensive","TD","0"
"2025","5127807","Jaylen'Dai Sumlin","S","Stanford","ACC","defensive","TFL","0"
"2025","5127807","Jaylen'Dai Sumlin","S","Stanford","ACC","defensive","TOT","2"
"2025","5127877","Peyton Waters","DB","North Carolina","ACC","defensive","PD","0"
"2025","5127877","Peyton Waters","DB","North Carolina","ACC","defensive","QB HUR","0"
"2025","5127877","Peyton Waters","DB","North Carolina","ACC","defensive","SACKS","0"
"2025","5127877","Peyton Waters","DB","North Carolina","ACC","defensive","SOLO","2"
"2025","5127877","Peyton Waters","DB","North Carolina","ACC","defensive","TD","0"
"2025","5127877","Peyton Waters","DB","North Carolina","ACC","defensive","TFL","0"
"2025","5127877","Peyton Waters","DB","North Carolina","ACC","defensive","TOT","3"
"2025","5128063","Ricky Knight III","DB","Florida State","ACC","defensive","PD","0"
"2025","5128063","Ricky Knight III","DB","Florida State","ACC","defensive","QB HUR","0"
"2025","5128063","Ricky Knight III","DB","Florida State","ACC","defensive","SACKS","0"
"2025","5128063","Ricky Knight III","DB","Florida State","ACC","defensive","SOLO","1"
"2025","5128063","Ricky Knight III","DB","Florida State","ACC","defensive","TD","0"
"2025","5128063","Ricky Knight III","DB","Florida State","ACC","defensive","TFL","0"
"2025","5128063","Ricky Knight III","DB","Florida State","ACC","defensive","TOT","1"
"2025","5132253","Isiah Canion","WR","Georgia Tech","ACC","fumbles","FUM","1"
"2025","5132253","Isiah Canion","WR","Georgia Tech","ACC","fumbles","LOST","1"
"2025","5132253","Isiah Canion","WR","Georgia Tech","ACC","fumbles","REC","0"
"2025","5132253","Isiah Canion","WR","Georgia Tech","ACC","receiving","LONG","42"
"2025","5132253","Isiah Canion","WR","Georgia Tech","ACC","receiving","REC","32"
"2025","5132253","Isiah Canion","WR","Georgia Tech","ACC","receiving","TD","4"
"2025","5132253","Isiah Canion","WR","Georgia Tech","ACC","receiving","YDS","467"
"2025","5132253","Isiah Canion","WR","Georgia Tech","ACC","receiving","YPR","14.6"
"2025","5132631","Cam Pruitt","LB","Miami","ACC","defensive","PD","0"
"2025","5132631","Cam Pruitt","LB","Miami","ACC","defensive","QB HUR","0"
"2025","5132631","Cam Pruitt","LB","Miami","ACC","defensive","SACKS","0.5"
"2025","5132631","Cam Pruitt","LB","Miami","ACC","defensive","SOLO","5"
"2025","5132631","Cam Pruitt","LB","Miami","ACC","defensive","TD","0"
"2025","5132631","Cam Pruitt","LB","Miami","ACC","defensive","TFL","0.5"
"2025","5132631","Cam Pruitt","LB","Miami","ACC","defensive","TOT","10"
"2025","5132812","Aaron Philo","QB","Georgia Tech","ACC","fumbles","FUM","1"
"2025","5132812","Aaron Philo","QB","Georgia Tech","ACC","fumbles","LOST","1"
"2025","5132812","Aaron Philo","QB","Georgia Tech","ACC","fumbles","REC","0"
"2025","5132812","Aaron Philo","QB","Georgia Tech","ACC","passing","ATT","28"
"2025","5132812","Aaron Philo","QB","Georgia Tech","ACC","passing","COMPLETIONS","21"
"2025","5132812","Aaron Philo","QB","Georgia Tech","ACC","passing","INT","1"
"2025","5132812","Aaron Philo","QB","Georgia Tech","ACC","passing","PCT","0.750"
"2025","5132812","Aaron Philo","QB","Georgia Tech","ACC","passing","TD","1"
"2025","5132812","Aaron Philo","QB","Georgia Tech","ACC","passing","YDS","373"
"2025","5132812","Aaron Philo","QB","Georgia Tech","ACC","passing","YPA","13.3"
"2025","5132812","Aaron Philo","QB","Georgia Tech","ACC","rushing","CAR","4"
"2025","5132812","Aaron Philo","QB","Georgia Tech","ACC","rushing","LONG","12"
"2025","5132812","Aaron Philo","QB","Georgia Tech","ACC","rushing","TD","0"
"2025","5132812","Aaron Philo","QB","Georgia Tech","ACC","rushing","YDS","19"
"2025","5132812","Aaron Philo","QB","Georgia Tech","ACC","rushing","YPC","4.8"
"2025","5136049","Duke Watson","RB","Louisville","ACC","fumbles","FUM","2"
"2025","5136049","Duke Watson","RB","Louisville","ACC","fumbles","LOST","1"
"2025","5136049","Duke Watson","RB","Louisville","ACC","fumbles","REC","0"
"2025","5136049","Duke Watson","RB","Louisville","ACC","receiving","LONG","30"
"2025","5136049","Duke Watson","RB","Louisville","ACC","receiving","REC","6"
"2025","5136049","Duke Watson","RB","Louisville","ACC","receiving","TD","1"
"2025","5136049","Duke Watson","RB","Louisville","ACC","receiving","YDS","49"
"2025","5136049","Duke Watson","RB","Louisville","ACC","receiving","YPR","8.2"
"2025","5136049","Duke Watson","RB","Louisville","ACC","rushing","CAR","49"
"2025","5136049","Duke Watson","RB","Louisville","ACC","rushing","LONG","15"
"2025","5136049","Duke Watson","RB","Louisville","ACC","rushing","TD","1"
"2025","5136049","Duke Watson","RB","Louisville","ACC","rushing","YDS","158"
"2025","5136049","Duke Watson","RB","Louisville","ACC","rushing","YPC","3.2"
"2025","5136504","Jaiden Patterson","DB","North Carolina","ACC","defensive","PD","5"
"2025","5136504","Jaiden Patterson","DB","North Carolina","ACC","defensive","QB HUR","0"
"2025","5136504","Jaiden Patterson","DB","North Carolina","ACC","defensive","SACKS","0"
"2025","5136504","Jaiden Patterson","DB","North Carolina","ACC","defensive","SOLO","22"
"2025","5136504","Jaiden Patterson","DB","North Carolina","ACC","defensive","TD","0"
"2025","5136504","Jaiden Patterson","DB","North Carolina","ACC","defensive","TFL","2"
"2025","5136504","Jaiden Patterson","DB","North Carolina","ACC","defensive","TOT","33"
"2025","5136504","Jaiden Patterson","DB","North Carolina","ACC","interceptions","AVG","7.0"
"2025","5136504","Jaiden Patterson","DB","North Carolina","ACC","interceptions","INT","1"
"2025","5136504","Jaiden Patterson","DB","North Carolina","ACC","interceptions","TD","0"
"2025","5136504","Jaiden Patterson","DB","North Carolina","ACC","interceptions","YDS","7"
"2025","5136784","Francis Brewu","DL","Pittsburgh","ACC","defensive","PD","0"
"2025","5136784","Francis Brewu","DL","Pittsburgh","ACC","defensive","QB HUR","2"
"2025","5136784","Francis Brewu","DL","Pittsburgh","ACC","defensive","SACKS","1"
"2025","5136784","Francis Brewu","DL","Pittsburgh","ACC","defensive","SOLO","18"
"2025","5136784","Francis Brewu","DL","Pittsburgh","ACC","defensive","TD","0"
"2025","5136784","Francis Brewu","DL","Pittsburgh","ACC","defensive","TFL","6"
"2025","5136784","Francis Brewu","DL","Pittsburgh","ACC","defensive","TOT","34"
"2025","5138131","Deshawn Purdie","QB","Wake Forest","ACC","defensive","PD","0"
"2025","5138131","Deshawn Purdie","QB","Wake Forest","ACC","defensive","QB HUR","0"
"2025","5138131","Deshawn Purdie","QB","Wake Forest","ACC","defensive","SACKS","0"
"2025","5138131","Deshawn Purdie","QB","Wake Forest","ACC","defensive","SOLO","1"
"2025","5138131","Deshawn Purdie","QB","Wake Forest","ACC","defensive","TD","0"
"2025","5138131","Deshawn Purdie","QB","Wake Forest","ACC","defensive","TFL","0"
"2025","5138131","Deshawn Purdie","QB","Wake Forest","ACC","defensive","TOT","1"
"2025","5138131","Deshawn Purdie","QB","Wake Forest","ACC","fumbles","FUM","2"
"2025","5138131","Deshawn Purdie","QB","Wake Forest","ACC","fumbles","LOST","1"
"2025","5138131","Deshawn Purdie","QB","Wake Forest","ACC","fumbles","REC","0"
"2025","5138131","Deshawn Purdie","QB","Wake Forest","ACC","passing","ATT","82"
"2025","5138131","Deshawn Purdie","QB","Wake Forest","ACC","passing","COMPLETIONS","41"
"2025","5138131","Deshawn Purdie","QB","Wake Forest","ACC","passing","INT","3"
"2025","5138131","Deshawn Purdie","QB","Wake Forest","ACC","passing","PCT","0.500"
"2025","5138131","Deshawn Purdie","QB","Wake Forest","ACC","passing","TD","6"
"2025","5138131","Deshawn Purdie","QB","Wake Forest","ACC","passing","YDS","618"
"2025","5138131","Deshawn Purdie","QB","Wake Forest","ACC","passing","YPA","7.5"
"2025","5138131","Deshawn Purdie","QB","Wake Forest","ACC","rushing","CAR","11"
"2025","5138131","Deshawn Purdie","QB","Wake Forest","ACC","rushing","LONG","13"
"2025","5138131","Deshawn Purdie","QB","Wake Forest","ACC","rushing","TD","0"
"2025","5138131","Deshawn Purdie","QB","Wake Forest","ACC","rushing","YDS","-11"
"2025","5138131","Deshawn Purdie","QB","Wake Forest","ACC","rushing","YPC","-1.0"
"2025","5138229","Deric Dandy","DL","Virginia Tech","ACC","defensive","PD","0"
"2025","5138229","Deric Dandy","DL","Virginia Tech","ACC","defensive","QB HUR","0"
"2025","5138229","Deric Dandy","DL","Virginia Tech","ACC","defensive","SACKS","0"
"2025","5138229","Deric Dandy","DL","Virginia Tech","ACC","defensive","SOLO","1"
"2025","5138229","Deric Dandy","DL","Virginia Tech","ACC","defensive","TD","0"
"2025","5138229","Deric Dandy","DL","Virginia Tech","ACC","defensive","TFL","0"
"2025","5138229","Deric Dandy","DL","Virginia Tech","ACC","defensive","TOT","1"
"2025","5138634","Jacobi Murray","DL","Stanford","ACC","defensive","PD","0"
"2025","5138634","Jacobi Murray","DL","Stanford","ACC","defensive","QB HUR","0"
"2025","5138634","Jacobi Murray","DL","Stanford","ACC","defensive","SACKS","0"
"2025","5138634","Jacobi Murray","DL","Stanford","ACC","defensive","SOLO","1"
"2025","5138634","Jacobi Murray","DL","Stanford","ACC","defensive","TD","0"
"2025","5138634","Jacobi Murray","DL","Stanford","ACC","defensive","TFL","0"
"2025","5138634","Jacobi Murray","DL","Stanford","ACC","defensive","TOT","5"
"2025","5138653","Zach Crothers","DL","Pittsburgh","ACC","defensive","PD","0"
"2025","5138653","Zach Crothers","DL","Pittsburgh","ACC","defensive","QB HUR","1"
"2025","5138653","Zach Crothers","DL","Pittsburgh","ACC","defensive","SACKS","1.5"
"2025","5138653","Zach Crothers","DL","Pittsburgh","ACC","defensive","SOLO","4"
"2025","5138653","Zach Crothers","DL","Pittsburgh","ACC","defensive","TD","0"
"2025","5138653","Zach Crothers","DL","Pittsburgh","ACC","defensive","TFL","3.0"
"2025","5138653","Zach Crothers","DL","Pittsburgh","ACC","defensive","TOT","15"
"2025","5139079","Daniel Anderson","LB","North Carolina","ACC","defensive","PD","0"
"2025","5139079","Daniel Anderson","LB","North Carolina","ACC","defensive","QB HUR","1"
"2025","5139079","Daniel Anderson","LB","North Carolina","ACC","defensive","SACKS","0"
"2025","5139079","Daniel Anderson","LB","North Carolina","ACC","defensive","SOLO","0"
"2025","5139079","Daniel Anderson","LB","North Carolina","ACC","defensive","TD","0"
"2025","5139079","Daniel Anderson","LB","North Carolina","ACC","defensive","TFL","0"
"2025","5139079","Daniel Anderson","LB","North Carolina","ACC","defensive","TOT","3"
"2025","5139080","Ethan Minter","S","Virginia","ACC","defensive","PD","3"
"2025","5139080","Ethan Minter","S","Virginia","ACC","defensive","QB HUR","1"
"2025","5139080","Ethan Minter","S","Virginia","ACC","defensive","SACKS","0"
"2025","5139080","Ethan Minter","S","Virginia","ACC","defensive","SOLO","23"
"2025","5139080","Ethan Minter","S","Virginia","ACC","defensive","TD","0"
"2025","5139080","Ethan Minter","S","Virginia","ACC","defensive","TFL","4.0"
"2025","5139080","Ethan Minter","S","Virginia","ACC","defensive","TOT","47"
"2025","5139080","Ethan Minter","S","Virginia","ACC","interceptions","AVG","10.0"
"2025","5139080","Ethan Minter","S","Virginia","ACC","interceptions","INT","1"
"2025","5139080","Ethan Minter","S","Virginia","ACC","interceptions","TD","0"
"2025","5139080","Ethan Minter","S","Virginia","ACC","interceptions","YDS","10"
"2025","5139216","Luke Ferrelli","LB","California","ACC","defensive","PD","1"
"2025","5139216","Luke Ferrelli","LB","California","ACC","defensive","QB HUR","1"
"2025","5139216","Luke Ferrelli","LB","California","ACC","defensive","SACKS","1"
"2025","5139216","Luke Ferrelli","LB","California","ACC","defensive","SOLO","38"
"2025","5139216","Luke Ferrelli","LB","California","ACC","defensive","TD","0"
"2025","5139216","Luke Ferrelli","LB","California","ACC","defensive","TFL","5.0"
"2025","5139216","Luke Ferrelli","LB","California","ACC","defensive","TOT","91"
"2025","5139216","Luke Ferrelli","LB","California","ACC","interceptions","AVG","2.0"
"2025","5139216","Luke Ferrelli","LB","California","ACC","interceptions","INT","1"
"2025","5139216","Luke Ferrelli","LB","California","ACC","interceptions","TD","0"
"2025","5139216","Luke Ferrelli","LB","California","ACC","interceptions","YDS","2"
"2025","5139525","Devin Cook","DB","Wake Forest","ACC","defensive","PD","0"
"2025","5139525","Devin Cook","DB","Wake Forest","ACC","defensive","QB HUR","0"
"2025","5139525","Devin Cook","DB","Wake Forest","ACC","defensive","SACKS","0"
"2025","5139525","Devin Cook","DB","Wake Forest","ACC","defensive","SOLO","4"
"2025","5139525","Devin Cook","DB","Wake Forest","ACC","defensive","TD","0"
"2025","5139525","Devin Cook","DB","Wake Forest","ACC","defensive","TFL","1"
"2025","5139525","Devin Cook","DB","Wake Forest","ACC","defensive","TOT","7"
"2025","5139664","Jayden Parrish","LB","Florida State","ACC","defensive","PD","0"
"2025","5139664","Jayden Parrish","LB","Florida State","ACC","defensive","QB HUR","0"
"2025","5139664","Jayden Parrish","LB","Florida State","ACC","defensive","SACKS","0"
"2025","5139664","Jayden Parrish","LB","Florida State","ACC","defensive","SOLO","0"
"2025","5139664","Jayden Parrish","LB","Florida State","ACC","defensive","TD","0"
"2025","5139664","Jayden Parrish","LB","Florida State","ACC","defensive","TFL","0"
"2025","5139664","Jayden Parrish","LB","Florida State","ACC","defensive","TOT","3"
"2025","5140699","Sam Neely","CB","Stanford","ACC","defensive","PD","1"
"2025","5140699","Sam Neely","CB","Stanford","ACC","defensive","QB HUR","0"
"2025","5140699","Sam Neely","CB","Stanford","ACC","defensive","SACKS","0"
"2025","5140699","Sam Neely","CB","Stanford","ACC","defensive","SOLO","6"
"2025","5140699","Sam Neely","CB","Stanford","ACC","defensive","TD","0"
"2025","5140699","Sam Neely","CB","Stanford","ACC","defensive","TFL","0"
"2025","5140699","Sam Neely","CB","Stanford","ACC","defensive","TOT","6"
"2025","5141349","Amare Adams","DT","Clemson","ACC","defensive","PD","0"
"2025","5141349","Amare Adams","DT","Clemson","ACC","defensive","QB HUR","0"
"2025","5141349","Amare Adams","DT","Clemson","ACC","defensive","SACKS","0"
"2025","5141349","Amare Adams","DT","Clemson","ACC","defensive","SOLO","1"
"2025","5141349","Amare Adams","DT","Clemson","ACC","defensive","TD","0"
"2025","5141349","Amare Adams","DT","Clemson","ACC","defensive","TFL","0"
"2025","5141349","Amare Adams","DT","Clemson","ACC","defensive","TOT","5"
"2025","5141351","Josiah Abdullah","WR","Virginia","ACC","puntReturns","AVG","12.0"
"2025","5141351","Josiah Abdullah","WR","Virginia","ACC","puntReturns","LONG","12"
"2025","5141351","Josiah Abdullah","WR","Virginia","ACC","puntReturns","NO","1"
"2025","5141351","Josiah Abdullah","WR","Virginia","ACC","puntReturns","TD","0"
"2025","5141351","Josiah Abdullah","WR","Virginia","ACC","puntReturns","YDS","12"
"2025","5141351","Josiah Abdullah","WR","Virginia","ACC","receiving","LONG","11"
"2025","5141351","Josiah Abdullah","WR","Virginia","ACC","receiving","REC","2"
"2025","5141351","Josiah Abdullah","WR","Virginia","ACC","receiving","TD","0"
"2025","5141351","Josiah Abdullah","WR","Virginia","ACC","receiving","YDS","9"
"2025","5141351","Josiah Abdullah","WR","Virginia","ACC","receiving","YPR","4.5"
"2025","5141360","Shamar Arnoux","DB","Florida State","ACC","defensive","PD","1"
"2025","5141360","Shamar Arnoux","DB","Florida State","ACC","defensive","QB HUR","1"
"2025","5141360","Shamar Arnoux","DB","Florida State","ACC","defensive","SACKS","0"
"2025","5141360","Shamar Arnoux","DB","Florida State","ACC","defensive","SOLO","19"
"2025","5141360","Shamar Arnoux","DB","Florida State","ACC","defensive","TD","0"
"2025","5141360","Shamar Arnoux","DB","Florida State","ACC","defensive","TFL","0"
"2025","5141360","Shamar Arnoux","DB","Florida State","ACC","defensive","TOT","27"
"2025","5141362","Jordan Allen","WR","Georgia Tech","ACC","fumbles","FUM","1"
"2025","5141362","Jordan Allen","WR","Georgia Tech","ACC","fumbles","LOST","1"
"2025","5141362","Jordan Allen","WR","Georgia Tech","ACC","fumbles","REC","0"
"2025","5141362","Jordan Allen","WR","Georgia Tech","ACC","receiving","LONG","78"
"2025","5141362","Jordan Allen","WR","Georgia Tech","ACC","receiving","REC","22"
"2025","5141362","Jordan Allen","WR","Georgia Tech","ACC","receiving","TD","0"
"2025","5141362","Jordan Allen","WR","Georgia Tech","ACC","receiving","YDS","304"
"2025","5141362","Jordan Allen","WR","Georgia Tech","ACC","receiving","YPR","13.8"
"2025","5141362","Jordan Allen","WR","Georgia Tech","ACC","rushing","CAR","6"
"2025","5141362","Jordan Allen","WR","Georgia Tech","ACC","rushing","LONG","54"
"2025","5141362","Jordan Allen","WR","Georgia Tech","ACC","rushing","TD","1"
"2025","5141362","Jordan Allen","WR","Georgia Tech","ACC","rushing","YDS","85"
"2025","5141362","Jordan Allen","WR","Georgia Tech","ACC","rushing","YPC","14.2"
"2025","5141368","Ja'Boree Antoine","DB","Miami","ACC","defensive","PD","1"
"2025","5141368","Ja'Boree Antoine","DB","Miami","ACC","defensive","QB HUR","0"
"2025","5141368","Ja'Boree Antoine","DB","Miami","ACC","defensive","SACKS","0"
"2025","5141368","Ja'Boree Antoine","DB","Miami","ACC","defensive","SOLO","5"
"2025","5141368","Ja'Boree Antoine","DB","Miami","ACC","defensive","TD","0"
"2025","5141368","Ja'Boree Antoine","DB","Miami","ACC","defensive","TFL","0"
"2025","5141368","Ja'Boree Antoine","DB","Miami","ACC","defensive","TOT","7"
"2025","5141370","Armondo Blount","DL","Miami","ACC","defensive","PD","1"
"2025","5141370","Armondo Blount","DL","Miami","ACC","defensive","QB HUR","6"
"2025","5141370","Armondo Blount","DL","Miami","ACC","defensive","SACKS","2.5"
"2025","5141370","Armondo Blount","DL","Miami","ACC","defensive","SOLO","7"
"2025","5141370","Armondo Blount","DL","Miami","ACC","defensive","TD","0"
"2025","5141370","Armondo Blount","DL","Miami","ACC","defensive","TFL","2.5"
"2025","5141370","Armondo Blount","DL","Miami","ACC","defensive","TOT","17"
"2025","5141370","Armondo Blount","DL","Miami","ACC","fumbles","FUM","0"
"2025","5141370","Armondo Blount","DL","Miami","ACC","fumbles","LOST","0"
"2025","5141370","Armondo Blount","DL","Miami","ACC","fumbles","REC","1"
"2025","5141383","Kole Briehler","DL","Stanford","ACC","defensive","PD","0"
"2025","5141383","Kole Briehler","DL","Stanford","ACC","defensive","QB HUR","0"
"2025","5141383","Kole Briehler","DL","Stanford","ACC","defensive","SACKS","0"
"2025","5141383","Kole Briehler","DL","Stanford","ACC","defensive","SOLO","1"
"2025","5141383","Kole Briehler","DL","Stanford","ACC","defensive","TD","0"
"2025","5141383","Kole Briehler","DL","Stanford","ACC","defensive","TFL","0"
"2025","5141383","Kole Briehler","DL","Stanford","ACC","defensive","TOT","1"
"2025","5141404","Bryce Davis","DE","Duke","ACC","defensive","PD","1"
"2025","5141404","Bryce Davis","DE","Duke","ACC","defensive","QB HUR","2"
"2025","5141404","Bryce Davis","DE","Duke","ACC","defensive","SACKS","0"
"2025","5141404","Bryce Davis","DE","Duke","ACC","defensive","SOLO","6"
"2025","5141404","Bryce Davis","DE","Duke","ACC","defensive","TD","0"
"2025","5141404","Bryce Davis","DE","Duke","ACC","defensive","TFL","2"
"2025","5141404","Bryce Davis","DE","Duke","ACC","defensive","TOT","10"
"2025","5141412","Brett Clatterbaugh","LB","Virginia Tech","ACC","defensive","PD","0"
"2025","5141412","Brett Clatterbaugh","LB","Virginia Tech","ACC","defensive","QB HUR","0"
"2025","5141412","Brett Clatterbaugh","LB","Virginia Tech","ACC","defensive","SACKS","0"
"2025","5141412","Brett Clatterbaugh","LB","Virginia Tech","ACC","defensive","SOLO","2"
"2025","5141412","Brett Clatterbaugh","LB","Virginia Tech","ACC","defensive","TD","0"
"2025","5141412","Brett Clatterbaugh","LB","Virginia Tech","ACC","defensive","TFL","1"
"2025","5141412","Brett Clatterbaugh","LB","Virginia Tech","ACC","defensive","TOT","2"
"2025","5141422","Gideon Davidson","RB","Clemson","ACC","kickReturns","AVG","6.0"
"2025","5141422","Gideon Davidson","RB","Clemson","ACC","kickReturns","LONG","12"
"2025","5141422","Gideon Davidson","RB","Clemson","ACC","kickReturns","NO","2"
"2025","5141422","Gideon Davidson","RB","Clemson","ACC","kickReturns","TD","0"
"2025","5141422","Gideon Davidson","RB","Clemson","ACC","kickReturns","YDS","12"
"2025","5141422","Gideon Davidson","RB","Clemson","ACC","receiving","LONG","15"
"2025","5141422","Gideon Davidson","RB","Clemson","ACC","receiving","REC","11"
"2025","5141422","Gideon Davidson","RB","Clemson","ACC","receiving","TD","0"
"2025","5141422","Gideon Davidson","RB","Clemson","ACC","receiving","YDS","93"
"2025","5141422","Gideon Davidson","RB","Clemson","ACC","receiving","YPR","8.5"
"2025","5141422","Gideon Davidson","RB","Clemson","ACC","rushing","CAR","60"
"2025","5141422","Gideon Davidson","RB","Clemson","ACC","rushing","LONG","28"
"2025","5141422","Gideon Davidson","RB","Clemson","ACC","rushing","TD","0"
"2025","5141422","Gideon Davidson","RB","Clemson","ACC","rushing","YDS","260"
"2025","5141422","Gideon Davidson","RB","Clemson","ACC","rushing","YPC","4.3"
"2025","5141467","Luka Gilbert","TE","Miami","ACC","receiving","LONG","20"
"2025","5141467","Luka Gilbert","TE","Miami","ACC","receiving","REC","2"
"2025","5141467","Luka Gilbert","TE","Miami","ACC","receiving","TD","0"
"2025","5141467","Luka Gilbert","TE","Miami","ACC","receiving","YDS","37"
"2025","5141467","Luka Gilbert","TE","Miami","ACC","receiving","YPR","18.5"
"2025","5141487","Ty Hawkins","QB","SMU","ACC","passing","ATT","1"
"2025","5141487","Ty Hawkins","QB","SMU","ACC","passing","COMPLETIONS","1"
"2025","5141487","Ty Hawkins","QB","SMU","ACC","passing","INT","0"
"2025","5141487","Ty Hawkins","QB","SMU","ACC","passing","PCT","1.000"
"2025","5141487","Ty Hawkins","QB","SMU","ACC","passing","TD","0"
"2025","5141487","Ty Hawkins","QB","SMU","ACC","passing","YDS","9"
"2025","5141487","Ty Hawkins","QB","SMU","ACC","passing","YPA","9.0"
"2025","5141487","Ty Hawkins","QB","SMU","ACC","rushing","CAR","3"
"2025","5141487","Ty Hawkins","QB","SMU","ACC","rushing","LONG","12"
"2025","5141487","Ty Hawkins","QB","SMU","ACC","rushing","TD","0"
"2025","5141487","Ty Hawkins","QB","SMU","ACC","rushing","YDS","21"
"2025","5141487","Ty Hawkins","QB","SMU","ACC","rushing","YPC","7.0"
"2025","5141526","Brayden Jacobs","OL","Clemson","ACC","defensive","PD","0"
"2025","5141526","Brayden Jacobs","OL","Clemson","ACC","defensive","QB HUR","0"
"2025","5141526","Brayden Jacobs","OL","Clemson","ACC","defensive","SACKS","0"
"2025","5141526","Brayden Jacobs","OL","Clemson","ACC","defensive","SOLO","0"
"2025","5141526","Brayden Jacobs","OL","Clemson","ACC","defensive","TD","0"
"2025","5141526","Brayden Jacobs","OL","Clemson","ACC","defensive","TFL","0"
"2025","5141526","Brayden Jacobs","OL","Clemson","ACC","defensive","TOT","1"
"2025","5141551","Gabe Kaminski","LB","Stanford","ACC","defensive","PD","0"
"2025","5141551","Gabe Kaminski","LB","Stanford","ACC","defensive","QB HUR","2"
"2025","5141551","Gabe Kaminski","LB","Stanford","ACC","defensive","SACKS","0"
"2025","5141551","Gabe Kaminski","LB","Stanford","ACC","defensive","SOLO","1"
"2025","5141551","Gabe Kaminski","LB","Stanford","ACC","defensive","TD","0"
"2025","5141551","Gabe Kaminski","LB","Stanford","ACC","defensive","TFL","0.5"
"2025","5141551","Gabe Kaminski","LB","Stanford","ACC","defensive","TOT","7"
"2025","5141558","Davon Mitchell","TE","Louisville","ACC","defensive","PD","0"
"2025","5141558","Davon Mitchell","TE","Louisville","ACC","defensive","QB HUR","0"
"2025","5141558","Davon Mitchell","TE","Louisville","ACC","defensive","SACKS","0"
"2025","5141558","Davon Mitchell","TE","Louisville","ACC","defensive","SOLO","1"
"2025","5141558","Davon Mitchell","TE","Louisville","ACC","defensive","TD","0"
"2025","5141558","Davon Mitchell","TE","Louisville","ACC","defensive","TFL","0"
"2025","5141558","Davon Mitchell","TE","Louisville","ACC","defensive","TOT","1"
"2025","5141558","Davon Mitchell","TE","Louisville","ACC","receiving","LONG","8"
"2025","5141558","Davon Mitchell","TE","Louisville","ACC","receiving","REC","1"
"2025","5141558","Davon Mitchell","TE","Louisville","ACC","receiving","TD","0"
"2025","5141558","Davon Mitchell","TE","Louisville","ACC","receiving","YDS","8"
"2025","5141558","Davon Mitchell","TE","Louisville","ACC","receiving","YPR","8.0"
"2025","5141560","Ousmane Kromah","RB","Florida State","ACC","fumbles","FUM","1"
"2025","5141560","Ousmane Kromah","RB","Florida State","ACC","fumbles","LOST","1"
"2025","5141560","Ousmane Kromah","RB","Florida State","ACC","fumbles","REC","0"
"2025","5141560","Ousmane Kromah","RB","Florida State","ACC","receiving","LONG","43"
"2025","5141560","Ousmane Kromah","RB","Florida State","ACC","receiving","REC","9"
"2025","5141560","Ousmane Kromah","RB","Florida State","ACC","receiving","TD","1"
"2025","5141560","Ousmane Kromah","RB","Florida State","ACC","receiving","YDS","147"
"2025","5141560","Ousmane Kromah","RB","Florida State","ACC","receiving","YPR","16.3"
"2025","5141560","Ousmane Kromah","RB","Florida State","ACC","rushing","CAR","72"
"2025","5141560","Ousmane Kromah","RB","Florida State","ACC","rushing","LONG","23"
"2025","5141560","Ousmane Kromah","RB","Florida State","ACC","rushing","TD","0"
"2025","5141560","Ousmane Kromah","RB","Florida State","ACC","rushing","YDS","408"
"2025","5141560","Ousmane Kromah","RB","Florida State","ACC","rushing","YPC","5.7"
"2025","5141569","Ezekiel Marcelin Jr.","LB","Miami","ACC","defensive","PD","0"
"2025","5141569","Ezekiel Marcelin Jr.","LB","Miami","ACC","defensive","QB HUR","0"
"2025","5141569","Ezekiel Marcelin Jr.","LB","Miami","ACC","defensive","SACKS","0"
"2025","5141569","Ezekiel Marcelin Jr.","LB","Miami","ACC","defensive","SOLO","0"
"2025","5141569","Ezekiel Marcelin Jr.","LB","Miami","ACC","defensive","TD","0"
"2025","5141569","Ezekiel Marcelin Jr.","LB","Miami","ACC","defensive","TFL","0"
"2025","5141569","Ezekiel Marcelin Jr.","LB","Miami","ACC","defensive","TOT","2"
"2025","5141574","Aiden Manutai","DB","California","ACC","defensive","PD","2"
"2025","5141574","Aiden Manutai","DB","California","ACC","defensive","QB HUR","1"
"2025","5141574","Aiden Manutai","DB","California","ACC","defensive","SACKS","0"
"2025","5141574","Aiden Manutai","DB","California","ACC","defensive","SOLO","31"
"2025","5141574","Aiden Manutai","DB","California","ACC","defensive","TD","0"
"2025","5141574","Aiden Manutai","DB","California","ACC","defensive","TFL","2"
"2025","5141574","Aiden Manutai","DB","California","ACC","defensive","TOT","44"
"2025","5141574","Aiden Manutai","DB","California","ACC","fumbles","FUM","0"
"2025","5141574","Aiden Manutai","DB","California","ACC","fumbles","LOST","0"
"2025","5141574","Aiden Manutai","DB","California","ACC","fumbles","REC","1"
"2025","5141574","Aiden Manutai","DB","California","ACC","interceptions","AVG","14.0"
"2025","5141574","Aiden Manutai","DB","California","ACC","interceptions","INT","1"
"2025","5141574","Aiden Manutai","DB","California","ACC","interceptions","TD","0"
"2025","5141574","Aiden Manutai","DB","California","ACC","interceptions","YDS","14"
"2025","5141593","Joshua Moore","WR","Miami","ACC","receiving","LONG","39"
"2025","5141593","Joshua Moore","WR","Miami","ACC","receiving","REC","17"
"2025","5141593","Joshua Moore","WR","Miami","ACC","receiving","TD","2"
"2025","5141593","Joshua Moore","WR","Miami","ACC","receiving","YDS","210"
"2025","5141593","Joshua Moore","WR","Miami","ACC","receiving","YPR","12.4"
"2025","5141601","Shamarius Peterkin","WR","Virginia Tech","ACC","defensive","PD","0"
"2025","5141601","Shamarius Peterkin","WR","Virginia Tech","ACC","defensive","QB HUR","0"
"2025","5141601","Shamarius Peterkin","WR","Virginia Tech","ACC","defensive","SACKS","0"
"2025","5141601","Shamarius Peterkin","WR","Virginia Tech","ACC","defensive","SOLO","2"
"2025","5141601","Shamarius Peterkin","WR","Virginia Tech","ACC","defensive","TD","0"
"2025","5141601","Shamarius Peterkin","WR","Virginia Tech","ACC","defensive","TFL","0"
"2025","5141601","Shamarius Peterkin","WR","Virginia Tech","ACC","defensive","TOT","2"
"2025","5141601","Shamarius Peterkin","WR","Virginia Tech","ACC","receiving","LONG","57"
"2025","5141601","Shamarius Peterkin","WR","Virginia Tech","ACC","receiving","REC","2"
"2025","5141601","Shamarius Peterkin","WR","Virginia Tech","ACC","receiving","TD","1"
"2025","5141601","Shamarius Peterkin","WR","Virginia Tech","ACC","receiving","YDS","62"
"2025","5141601","Shamarius Peterkin","WR","Virginia Tech","ACC","receiving","YPR","31.0"
"2025","5141605","Luke Nickel","QB","Miami","ACC","passing","ATT","1"
"2025","5141605","Luke Nickel","QB","Miami","ACC","passing","COMPLETIONS","0"
"2025","5141605","Luke Nickel","QB","Miami","ACC","passing","INT","0"
"2025","5141605","Luke Nickel","QB","Miami","ACC","passing","PCT","0.000"
"2025","5141605","Luke Nickel","QB","Miami","ACC","passing","TD","0"
"2025","5141605","Luke Nickel","QB","Miami","ACC","passing","YDS","0"
"2025","5141605","Luke Nickel","QB","Miami","ACC","passing","YPA","0.0"
"2025","5141619","Sael Reyes","S","SMU","ACC","defensive","PD","0"
"2025","5141619","Sael Reyes","S","SMU","ACC","defensive","QB HUR","0"
"2025","5141619","Sael Reyes","S","SMU","ACC","defensive","SACKS","0"
"2025","5141619","Sael Reyes","S","SMU","ACC","defensive","SOLO","1"
"2025","5141619","Sael Reyes","S","SMU","ACC","defensive","TD","0"
"2025","5141619","Sael Reyes","S","SMU","ACC","defensive","TFL","0"
"2025","5141619","Sael Reyes","S","SMU","ACC","defensive","TOT","2"
"2025","5141619","Sael Reyes","S","SMU","ACC","interceptions","AVG","0.0"
"2025","5141619","Sael Reyes","S","SMU","ACC","interceptions","INT","1"
"2025","5141619","Sael Reyes","S","SMU","ACC","interceptions","TD","0"
"2025","5141619","Sael Reyes","S","SMU","ACC","interceptions","YDS","0"
"2025","5141634","Steele Pizzella","QB","Wake Forest","ACC","passing","ATT","1"
"2025","5141634","Steele Pizzella","QB","Wake Forest","ACC","passing","COMPLETIONS","0"
"2025","5141634","Steele Pizzella","QB","Wake Forest","ACC","passing","INT","0"
"2025","5141634","Steele Pizzella","QB","Wake Forest","ACC","passing","PCT","0.000"
"2025","5141634","Steele Pizzella","QB","Wake Forest","ACC","passing","TD","0"
"2025","5141634","Steele Pizzella","QB","Wake Forest","ACC","passing","YDS","0"
"2025","5141634","Steele Pizzella","QB","Wake Forest","ACC","passing","YPA","0.0"
"2025","5141634","Steele Pizzella","QB","Wake Forest","ACC","rushing","CAR","1"
"2025","5141634","Steele Pizzella","QB","Wake Forest","ACC","rushing","LONG","0"
"2025","5141634","Steele Pizzella","QB","Wake Forest","ACC","rushing","TD","0"
"2025","5141634","Steele Pizzella","QB","Wake Forest","ACC","rushing","YDS","-1"
"2025","5141634","Steele Pizzella","QB","Wake Forest","ACC","rushing","YPC","-1.0"
"2025","5141639","Tyren Polley","S","SMU","ACC","defensive","PD","2"
"2025","5141639","Tyren Polley","S","SMU","ACC","defensive","QB HUR","0"
"2025","5141639","Tyren Polley","S","SMU","ACC","defensive","SACKS","0"
"2025","5141639","Tyren Polley","S","SMU","ACC","defensive","SOLO","16"
"2025","5141639","Tyren Polley","S","SMU","ACC","defensive","TD","0"
"2025","5141639","Tyren Polley","S","SMU","ACC","defensive","TFL","0"
"2025","5141639","Tyren Polley","S","SMU","ACC","defensive","TOT","20"
"2025","5141639","Tyren Polley","S","SMU","ACC","interceptions","AVG","14.0"
"2025","5141639","Tyren Polley","S","SMU","ACC","interceptions","INT","2"
"2025","5141639","Tyren Polley","S","SMU","ACC","interceptions","TD","0"
"2025","5141639","Tyren Polley","S","SMU","ACC","interceptions","YDS","28"
"2025","5141640","Cam Sapp","WR","Pittsburgh","ACC","receiving","LONG","7"
"2025","5141640","Cam Sapp","WR","Pittsburgh","ACC","receiving","REC","1"
"2025","5141640","Cam Sapp","WR","Pittsburgh","ACC","receiving","TD","0"
"2025","5141640","Cam Sapp","WR","Pittsburgh","ACC","receiving","YDS","7"
"2025","5141640","Cam Sapp","WR","Pittsburgh","ACC","receiving","YPR","7.0"
"2025","5141642","Max Redmon","DB","Florida State","ACC","defensive","PD","0"
"2025","5141642","Max Redmon","DB","Florida State","ACC","defensive","QB HUR","0"
"2025","5141642","Max Redmon","DB","Florida State","ACC","defensive","SACKS","0"
"2025","5141642","Max Redmon","DB","Florida State","ACC","defensive","SOLO","0"
"2025","5141642","Max Redmon","DB","Florida State","ACC","defensive","TD","0"
"2025","5141642","Max Redmon","DB","Florida State","ACC","defensive","TFL","0"
"2025","5141642","Max Redmon","DB","Florida State","ACC","defensive","TOT","3"
"2025","5141653","Daylon Singleton","WR","SMU","ACC","defensive","PD","0"
"2025","5141653","Daylon Singleton","WR","SMU","ACC","defensive","QB HUR","0"
"2025","5141653","Daylon Singleton","WR","SMU","ACC","defensive","SACKS","0"
"2025","5141653","Daylon Singleton","WR","SMU","ACC","defensive","SOLO","1"
"2025","5141653","Daylon Singleton","WR","SMU","ACC","defensive","TD","0"
"2025","5141653","Daylon Singleton","WR","SMU","ACC","defensive","TFL","0"
"2025","5141653","Daylon Singleton","WR","SMU","ACC","defensive","TOT","1"
"2025","5141653","Daylon Singleton","WR","SMU","ACC","kickReturns","AVG","19.5"
"2025","5141653","Daylon Singleton","WR","SMU","ACC","kickReturns","LONG","24"
"2025","5141653","Daylon Singleton","WR","SMU","ACC","kickReturns","NO","4"
"2025","5141653","Daylon Singleton","WR","SMU","ACC","kickReturns","TD","0"
"2025","5141653","Daylon Singleton","WR","SMU","ACC","kickReturns","YDS","78"
"2025","5141653","Daylon Singleton","WR","SMU","ACC","receiving","LONG","0"
"2025","5141653","Daylon Singleton","WR","SMU","ACC","receiving","REC","1"
"2025","5141653","Daylon Singleton","WR","SMU","ACC","receiving","TD","0"
"2025","5141653","Daylon Singleton","WR","SMU","ACC","receiving","YDS","-1"
"2025","5141653","Daylon Singleton","WR","SMU","ACC","receiving","YPR","-1.0"
"2025","5141655","Kaylib Singleton","DB","Syracuse","ACC","defensive","PD","0"
"2025","5141655","Kaylib Singleton","DB","Syracuse","ACC","defensive","QB HUR","0"
"2025","5141655","Kaylib Singleton","DB","Syracuse","ACC","defensive","SACKS","0"
"2025","5141655","Kaylib Singleton","DB","Syracuse","ACC","defensive","SOLO","8"
"2025","5141655","Kaylib Singleton","DB","Syracuse","ACC","defensive","TD","0"
"2025","5141655","Kaylib Singleton","DB","Syracuse","ACC","defensive","TFL","0.5"
"2025","5141655","Kaylib Singleton","DB","Syracuse","ACC","defensive","TOT","11"
"2025","5141657","Isaiah Robinson","WR","Virginia","ACC","defensive","PD","0"
"2025","5141657","Isaiah Robinson","WR","Virginia","ACC","defensive","QB HUR","0"
"2025","5141657","Isaiah Robinson","WR","Virginia","ACC","defensive","SACKS","0"
"2025","5141657","Isaiah Robinson","WR","Virginia","ACC","defensive","SOLO","0"
"2025","5141657","Isaiah Robinson","WR","Virginia","ACC","defensive","TD","0"
"2025","5141657","Isaiah Robinson","WR","Virginia","ACC","defensive","TFL","0"
"2025","5141657","Isaiah Robinson","WR","Virginia","ACC","defensive","TOT","1"
"2025","5141657","Isaiah Robinson","WR","Virginia","ACC","receiving","LONG","15"
"2025","5141657","Isaiah Robinson","WR","Virginia","ACC","receiving","REC","3"
"2025","5141657","Isaiah Robinson","WR","Virginia","ACC","receiving","TD","0"
"2025","5141657","Isaiah Robinson","WR","Virginia","ACC","receiving","YDS","28"
"2025","5141657","Isaiah Robinson","WR","Virginia","ACC","receiving","YPR","9.3"
"2025","5141661","Kevin Sperry","QB","Florida State","ACC","passing","ATT","17"
"2025","5141661","Kevin Sperry","QB","Florida State","ACC","passing","COMPLETIONS","12"
"2025","5141661","Kevin Sperry","QB","Florida State","ACC","passing","INT","0"
"2025","5141661","Kevin Sperry","QB","Florida State","ACC","passing","PCT","0.706"
"2025","5141661","Kevin Sperry","QB","Florida State","ACC","passing","TD","2"
"2025","5141661","Kevin Sperry","QB","Florida State","ACC","passing","YDS","194"
"2025","5141661","Kevin Sperry","QB","Florida State","ACC","passing","YPA","11.4"
"2025","5141661","Kevin Sperry","QB","Florida State","ACC","rushing","CAR","7"
"2025","5141661","Kevin Sperry","QB","Florida State","ACC","rushing","LONG","18"
"2025","5141661","Kevin Sperry","QB","Florida State","ACC","rushing","TD","0"
"2025","5141661","Kevin Sperry","QB","Florida State","ACC","rushing","YDS","27"
"2025","5141661","Kevin Sperry","QB","Florida State","ACC","rushing","YPC","3.9"
"2025","5141677","Ja'Kyrian Turner","RB","Pittsburgh","ACC","fumbles","FUM","2"
"2025","5141677","Ja'Kyrian Turner","RB","Pittsburgh","ACC","fumbles","LOST","2"
"2025","5141677","Ja'Kyrian Turner","RB","Pittsburgh","ACC","fumbles","REC","0"
"2025","5141677","Ja'Kyrian Turner","RB","Pittsburgh","ACC","receiving","LONG","28"
"2025","5141677","Ja'Kyrian Turner","RB","Pittsburgh","ACC","receiving","REC","25"
"2025","5141677","Ja'Kyrian Turner","RB","Pittsburgh","ACC","receiving","TD","0"
"2025","5141677","Ja'Kyrian Turner","RB","Pittsburgh","ACC","receiving","YDS","150"
"2025","5141677","Ja'Kyrian Turner","RB","Pittsburgh","ACC","receiving","YPR","6.0"
"2025","5141677","Ja'Kyrian Turner","RB","Pittsburgh","ACC","rushing","CAR","140"
"2025","5141677","Ja'Kyrian Turner","RB","Pittsburgh","ACC","rushing","LONG","56"
"2025","5141677","Ja'Kyrian Turner","RB","Pittsburgh","ACC","rushing","TD","7"
"2025","5141677","Ja'Kyrian Turner","RB","Pittsburgh","ACC","rushing","YDS","747"
"2025","5141677","Ja'Kyrian Turner","RB","Pittsburgh","ACC","rushing","YPC","5.3"
"2025","5141705","CJ Spence","CB","Virginia","ACC","defensive","PD","0"
"2025","5141705","CJ Spence","CB","Virginia","ACC","defensive","QB HUR","0"
"2025","5141705","CJ Spence","CB","Virginia","ACC","defensive","SACKS","0"
"2025","5141705","CJ Spence","CB","Virginia","ACC","defensive","SOLO","2"
"2025","5141705","CJ Spence","CB","Virginia","ACC","defensive","TD","0"
"2025","5141705","CJ Spence","CB","Virginia","ACC","defensive","TFL","0"
"2025","5141705","CJ Spence","CB","Virginia","ACC","defensive","TOT","3"
"2025","5141750","Ari Watford","DE","Clemson","ACC","defensive","PD","0"
"2025","5141750","Ari Watford","DE","Clemson","ACC","defensive","QB HUR","0"
"2025","5141750","Ari Watford","DE","Clemson","ACC","defensive","SACKS","0"
"2025","5141750","Ari Watford","DE","Clemson","ACC","defensive","SOLO","1"
"2025","5141750","Ari Watford","DE","Clemson","ACC","defensive","TD","0"
"2025","5141750","Ari Watford","DE","Clemson","ACC","defensive","TFL","0"
"2025","5141750","Ari Watford","DE","Clemson","ACC","defensive","TOT","1"
"2025","5141763","Amaree Williams","TE","Florida State","ACC","defensive","PD","0"
"2025","5141763","Amaree Williams","TE","Florida State","ACC","defensive","QB HUR","1"
"2025","5141763","Amaree Williams","TE","Florida State","ACC","defensive","SACKS","1.5"
"2025","5141763","Amaree Williams","TE","Florida State","ACC","defensive","SOLO","5"
"2025","5141763","Amaree Williams","TE","Florida State","ACC","defensive","TD","0"
"2025","5141763","Amaree Williams","TE","Florida State","ACC","defensive","TFL","2.0"
"2025","5141763","Amaree Williams","TE","Florida State","ACC","defensive","TOT","10"
"2025","5141763","Amaree Williams","TE","Florida State","ACC","kickReturns","AVG","0.0"
"2025","5141763","Amaree Williams","TE","Florida State","ACC","kickReturns","LONG","0"
"2025","5141763","Amaree Williams","TE","Florida State","ACC","kickReturns","NO","1"
"2025","5141763","Amaree Williams","TE","Florida State","ACC","kickReturns","TD","0"
"2025","5141763","Amaree Williams","TE","Florida State","ACC","kickReturns","YDS","0"
"2025","5141763","Amaree Williams","TE","Florida State","ACC","receiving","LONG","35"
"2025","5141763","Amaree Williams","TE","Florida State","ACC","receiving","REC","2"
"2025","5141763","Amaree Williams","TE","Florida State","ACC","receiving","TD","1"
"2025","5141763","Amaree Williams","TE","Florida State","ACC","receiving","YDS","51"
"2025","5141763","Amaree Williams","TE","Florida State","ACC","receiving","YPR","25.5"
"2025","5142227","Brandon Booker","LB","SMU","ACC","defensive","PD","2"
"2025","5142227","Brandon Booker","LB","SMU","ACC","defensive","QB HUR","4"
"2025","5142227","Brandon Booker","LB","SMU","ACC","defensive","SACKS","0.5"
"2025","5142227","Brandon Booker","LB","SMU","ACC","defensive","SOLO","26"
"2025","5142227","Brandon Booker","LB","SMU","ACC","defensive","TD","0"
"2025","5142227","Brandon Booker","LB","SMU","ACC","defensive","TFL","3.0"
"2025","5142227","Brandon Booker","LB","SMU","ACC","defensive","TOT","69"
"2025","5142237","Myles Turpin","DB","Wake Forest","ACC","defensive","PD","0"
"2025","5142237","Myles Turpin","DB","Wake Forest","ACC","defensive","QB HUR","0"
"2025","5142237","Myles Turpin","DB","Wake Forest","ACC","defensive","SACKS","0"
"2025","5142237","Myles Turpin","DB","Wake Forest","ACC","defensive","SOLO","17"
"2025","5142237","Myles Turpin","DB","Wake Forest","ACC","defensive","TD","0"
"2025","5142237","Myles Turpin","DB","Wake Forest","ACC","defensive","TFL","0.5"
"2025","5142237","Myles Turpin","DB","Wake Forest","ACC","defensive","TOT","24"
"2025","5142238","Tyler Mason","RB","Virginia Tech","ACC","receiving","LONG","3"
"2025","5142238","Tyler Mason","RB","Virginia Tech","ACC","receiving","REC","2"
"2025","5142238","Tyler Mason","RB","Virginia Tech","ACC","receiving","TD","1"
"2025","5142238","Tyler Mason","RB","Virginia Tech","ACC","receiving","YDS","3"
"2025","5142238","Tyler Mason","RB","Virginia Tech","ACC","receiving","YPR","1.5"
"2025","5142238","Tyler Mason","RB","Virginia Tech","ACC","rushing","CAR","3"
"2025","5142238","Tyler Mason","RB","Virginia Tech","ACC","rushing","LONG","13"
"2025","5142238","Tyler Mason","RB","Virginia Tech","ACC","rushing","TD","0"
"2025","5142238","Tyler Mason","RB","Virginia Tech","ACC","rushing","YDS","20"
"2025","5142238","Tyler Mason","RB","Virginia Tech","ACC","rushing","YPC","6.7"
"2025","5142262","Dylan Day","DB","Miami","ACC","defensive","PD","2"
"2025","5142262","Dylan Day","DB","Miami","ACC","defensive","QB HUR","0"
"2025","5142262","Dylan Day","DB","Miami","ACC","defensive","SACKS","1"
"2025","5142262","Dylan Day","DB","Miami","ACC","defensive","SOLO","5"
"2025","5142262","Dylan Day","DB","Miami","ACC","defensive","TD","0"
"2025","5142262","Dylan Day","DB","Miami","ACC","defensive","TFL","1"
"2025","5142262","Dylan Day","DB","Miami","ACC","defensive","TOT","11"
"2025","5142321","Chris Wheatley-Humphrey","RB","Miami","ACC","kickReturns","AVG","15.0"
"2025","5142321","Chris Wheatley-Humphrey","RB","Miami","ACC","kickReturns","LONG","19"
"2025","5142321","Chris Wheatley-Humphrey","RB","Miami","ACC","kickReturns","NO","3"
"2025","5142321","Chris Wheatley-Humphrey","RB","Miami","ACC","kickReturns","TD","0"
"2025","5142321","Chris Wheatley-Humphrey","RB","Miami","ACC","kickReturns","YDS","45"
"2025","5142321","Chris Wheatley-Humphrey","RB","Miami","ACC","rushing","CAR","22"
"2025","5142321","Chris Wheatley-Humphrey","RB","Miami","ACC","rushing","LONG","19"
"2025","5142321","Chris Wheatley-Humphrey","RB","Miami","ACC","rushing","TD","0"
"2025","5142321","Chris Wheatley-Humphrey","RB","Miami","ACC","rushing","YDS","108"
"2025","5142321","Chris Wheatley-Humphrey","RB","Miami","ACC","rushing","YPC","4.9"
"2025","5142603","Mark Iheanachor","LB","SMU","ACC","defensive","PD","0"
"2025","5142603","Mark Iheanachor","LB","SMU","ACC","defensive","QB HUR","0"
"2025","5142603","Mark Iheanachor","LB","SMU","ACC","defensive","SACKS","1"
"2025","5142603","Mark Iheanachor","LB","SMU","ACC","defensive","SOLO","4"
"2025","5142603","Mark Iheanachor","LB","SMU","ACC","defensive","TD","0"
"2025","5142603","Mark Iheanachor","LB","SMU","ACC","defensive","TFL","1"
"2025","5142603","Mark Iheanachor","LB","SMU","ACC","defensive","TOT","4"
"2025","5142604","Brock Schott","TE","Miami","ACC","receiving","LONG","14"
"2025","5142604","Brock Schott","TE","Miami","ACC","receiving","REC","2"
"2025","5142604","Brock Schott","TE","Miami","ACC","receiving","TD","0"
"2025","5142604","Brock Schott","TE","Miami","ACC","receiving","YDS","24"
"2025","5142604","Brock Schott","TE","Miami","ACC","receiving","YPR","12.0"
"2025","5142694","Tah'j Butler","LB","Georgia Tech","ACC","defensive","PD","3"
"2025","5142694","Tah'j Butler","LB","Georgia Tech","ACC","defensive","QB HUR","1"
"2025","5142694","Tah'j Butler","LB","Georgia Tech","ACC","defensive","SACKS","0"
"2025","5142694","Tah'j Butler","LB","Georgia Tech","ACC","defensive","SOLO","18"
"2025","5142694","Tah'j Butler","LB","Georgia Tech","ACC","defensive","TD","0"
"2025","5142694","Tah'j Butler","LB","Georgia Tech","ACC","defensive","TFL","3.0"
"2025","5142694","Tah'j Butler","LB","Georgia Tech","ACC","defensive","TOT","34"
"2025","5142694","Tah'j Butler","LB","Georgia Tech","ACC","interceptions","AVG","10.0"
"2025","5142694","Tah'j Butler","LB","Georgia Tech","ACC","interceptions","INT","1"
"2025","5142694","Tah'j Butler","LB","Georgia Tech","ACC","interceptions","TD","0"
"2025","5142694","Tah'j Butler","LB","Georgia Tech","ACC","interceptions","YDS","10"
"2025","5143034","Peter Pesansky","DL","North Carolina","ACC","defensive","PD","0"
"2025","5143034","Peter Pesansky","DL","North Carolina","ACC","defensive","QB HUR","0"
"2025","5143034","Peter Pesansky","DL","North Carolina","ACC","defensive","SACKS","0"
"2025","5143034","Peter Pesansky","DL","North Carolina","ACC","defensive","SOLO","0"
"2025","5143034","Peter Pesansky","DL","North Carolina","ACC","defensive","TD","0"
"2025","5143034","Peter Pesansky","DL","North Carolina","ACC","defensive","TFL","0"
"2025","5143034","Peter Pesansky","DL","North Carolina","ACC","defensive","TOT","1"
"2025","5143191","Micah Ford","RB","Stanford","ACC","fumbles","FUM","1"
"2025","5143191","Micah Ford","RB","Stanford","ACC","fumbles","LOST","0"
"2025","5143191","Micah Ford","RB","Stanford","ACC","fumbles","REC","0"
"2025","5143191","Micah Ford","RB","Stanford","ACC","passing","ATT","1"
"2025","5143191","Micah Ford","RB","Stanford","ACC","passing","COMPLETIONS","0"
"2025","5143191","Micah Ford","RB","Stanford","ACC","passing","INT","0"
"2025","5143191","Micah Ford","RB","Stanford","ACC","passing","PCT","0.000"
"2025","5143191","Micah Ford","RB","Stanford","ACC","passing","TD","0"
"2025","5143191","Micah Ford","RB","Stanford","ACC","passing","YDS","0"
"2025","5143191","Micah Ford","RB","Stanford","ACC","passing","YPA","0.0"
"2025","5143191","Micah Ford","RB","Stanford","ACC","receiving","LONG","54"
"2025","5143191","Micah Ford","RB","Stanford","ACC","receiving","REC","11"
"2025","5143191","Micah Ford","RB","Stanford","ACC","receiving","TD","0"
"2025","5143191","Micah Ford","RB","Stanford","ACC","receiving","YDS","119"
"2025","5143191","Micah Ford","RB","Stanford","ACC","receiving","YPR","10.8"
"2025","5143191","Micah Ford","RB","Stanford","ACC","rushing","CAR","145"
"2025","5143191","Micah Ford","RB","Stanford","ACC","rushing","LONG","75"
"2025","5143191","Micah Ford","RB","Stanford","ACC","rushing","TD","4"
"2025","5143191","Micah Ford","RB","Stanford","ACC","rushing","YDS","643"
"2025","5143191","Micah Ford","RB","Stanford","ACC","rushing","YPC","4.4"
"2025","5143595","Shaun Boykins","WR","Louisville","ACC","receiving","LONG","5"
"2025","5143595","Shaun Boykins","WR","Louisville","ACC","receiving","REC","1"
"2025","5143595","Shaun Boykins","WR","Louisville","ACC","receiving","TD","0"
"2025","5143595","Shaun Boykins","WR","Louisville","ACC","receiving","YDS","5"
"2025","5143595","Shaun Boykins","WR","Louisville","ACC","receiving","YPR","5.0"
"2025","5143595","Shaun Boykins","WR","Louisville","ACC","rushing","CAR","37"
"2025","5143595","Shaun Boykins","WR","Louisville","ACC","rushing","LONG","26"
"2025","5143595","Shaun Boykins","WR","Louisville","ACC","rushing","TD","1"
"2025","5143595","Shaun Boykins","WR","Louisville","ACC","rushing","YDS","190"
"2025","5143595","Shaun Boykins","WR","Louisville","ACC","rushing","YPC","5.1"
"2025","5143920","John Rogers","TE","Virginia","ACC","defensive","PD","0"
"2025","5143920","John Rogers","TE","Virginia","ACC","defensive","QB HUR","0"
"2025","5143920","John Rogers","TE","Virginia","ACC","defensive","SACKS","0"
"2025","5143920","John Rogers","TE","Virginia","ACC","defensive","SOLO","0"
"2025","5143920","John Rogers","TE","Virginia","ACC","defensive","TD","0"
"2025","5143920","John Rogers","TE","Virginia","ACC","defensive","TFL","0"
"2025","5143920","John Rogers","TE","Virginia","ACC","defensive","TOT","1"
"2025","5143920","John Rogers","TE","Virginia","ACC","receiving","LONG","26"
"2025","5143920","John Rogers","TE","Virginia","ACC","receiving","REC","9"
"2025","5143920","John Rogers","TE","Virginia","ACC","receiving","TD","1"
"2025","5143920","John Rogers","TE","Virginia","ACC","receiving","YDS","101"
"2025","5143920","John Rogers","TE","Virginia","ACC","receiving","YPR","11.2"
"2025","5144020","Connor Bachhuber","DL","Stanford","ACC","defensive","PD","0"
"2025","5144020","Connor Bachhuber","DL","Stanford","ACC","defensive","QB HUR","0"
"2025","5144020","Connor Bachhuber","DL","Stanford","ACC","defensive","SACKS","0"
"2025","5144020","Connor Bachhuber","DL","Stanford","ACC","defensive","SOLO","0"
"2025","5144020","Connor Bachhuber","DL","Stanford","ACC","defensive","TD","0"
"2025","5144020","Connor Bachhuber","DL","Stanford","ACC","defensive","TFL","0"
"2025","5144020","Connor Bachhuber","DL","Stanford","ACC","defensive","TOT","1"
"2025","5144083","Davin Brewton","LB","Pittsburgh","ACC","defensive","PD","0"
"2025","5144083","Davin Brewton","LB","Pittsburgh","ACC","defensive","QB HUR","0"
"2025","5144083","Davin Brewton","LB","Pittsburgh","ACC","defensive","SACKS","0"
"2025","5144083","Davin Brewton","LB","Pittsburgh","ACC","defensive","SOLO","3"
"2025","5144083","Davin Brewton","LB","Pittsburgh","ACC","defensive","TD","0"
"2025","5144083","Davin Brewton","LB","Pittsburgh","ACC","defensive","TFL","0.5"
"2025","5144083","Davin Brewton","LB","Pittsburgh","ACC","defensive","TOT","5"
"2025","5144163","Nicco Maggio","DL","North Carolina","ACC","defensive","PD","0"
"2025","5144163","Nicco Maggio","DL","North Carolina","ACC","defensive","QB HUR","0"
"2025","5144163","Nicco Maggio","DL","North Carolina","ACC","defensive","SACKS","0"
"2025","5144163","Nicco Maggio","DL","North Carolina","ACC","defensive","SOLO","0"
"2025","5144163","Nicco Maggio","DL","North Carolina","ACC","defensive","TD","0"
"2025","5144163","Nicco Maggio","DL","North Carolina","ACC","defensive","TFL","0"
"2025","5144163","Nicco Maggio","DL","North Carolina","ACC","defensive","TOT","2"
"2025","5144163","Nicco Maggio","DL","North Carolina","ACC","fumbles","FUM","0"
"2025","5144163","Nicco Maggio","DL","North Carolina","ACC","fumbles","LOST","0"
"2025","5144163","Nicco Maggio","DL","North Carolina","ACC","fumbles","REC","1"
"2025","5144685","Ma'Khi Jones","S","Duke","ACC","defensive","PD","1"
"2025","5144685","Ma'Khi Jones","S","Duke","ACC","defensive","QB HUR","1"
"2025","5144685","Ma'Khi Jones","S","Duke","ACC","defensive","SACKS","1"
"2025","5144685","Ma'Khi Jones","S","Duke","ACC","defensive","SOLO","14"
"2025","5144685","Ma'Khi Jones","S","Duke","ACC","defensive","TD","0"
"2025","5144685","Ma'Khi Jones","S","Duke","ACC","defensive","TFL","1.5"
"2025","5144685","Ma'Khi Jones","S","Duke","ACC","defensive","TOT","34"
"2025","5144685","Ma'Khi Jones","S","Duke","ACC","fumbles","FUM","0"
"2025","5144685","Ma'Khi Jones","S","Duke","ACC","fumbles","LOST","0"
"2025","5144685","Ma'Khi Jones","S","Duke","ACC","fumbles","REC","1"
"2025","5145453","Jeremiah Melvin","WR","Wake Forest","ACC","receiving","LONG","27"
"2025","5145453","Jeremiah Melvin","WR","Wake Forest","ACC","receiving","REC","3"
"2025","5145453","Jeremiah Melvin","WR","Wake Forest","ACC","receiving","TD","1"
"2025","5145453","Jeremiah Melvin","WR","Wake Forest","ACC","receiving","YDS","39"
"2025","5145453","Jeremiah Melvin","WR","Wake Forest","ACC","receiving","YPR","13.0"
"2025","5145593","Trent Carter","LB","Louisville","ACC","defensive","PD","0"
"2025","5145593","Trent Carter","LB","Louisville","ACC","defensive","QB HUR","0"
"2025","5145593","Trent Carter","LB","Louisville","ACC","defensive","SACKS","1"
"2025","5145593","Trent Carter","LB","Louisville","ACC","defensive","SOLO","1"
"2025","5145593","Trent Carter","LB","Louisville","ACC","defensive","TD","0"
"2025","5145593","Trent Carter","LB","Louisville","ACC","defensive","TFL","1"
"2025","5145593","Trent Carter","LB","Louisville","ACC","defensive","TOT","2"
"2025","5145789","Cole Geer","QB","Virginia","ACC","passing","ATT","2"
"2025","5145789","Cole Geer","QB","Virginia","ACC","passing","COMPLETIONS","2"
"2025","5145789","Cole Geer","QB","Virginia","ACC","passing","INT","0"
"2025","5145789","Cole Geer","QB","Virginia","ACC","passing","PCT","1.000"
"2025","5145789","Cole Geer","QB","Virginia","ACC","passing","TD","0"
"2025","5145789","Cole Geer","QB","Virginia","ACC","passing","YDS","8"
"2025","5145789","Cole Geer","QB","Virginia","ACC","passing","YPA","4.0"
"2025","5145789","Cole Geer","QB","Virginia","ACC","rushing","CAR","3"
"2025","5145789","Cole Geer","QB","Virginia","ACC","rushing","LONG","12"
"2025","5145789","Cole Geer","QB","Virginia","ACC","rushing","TD","0"
"2025","5145789","Cole Geer","QB","Virginia","ACC","rushing","YDS","15"
"2025","5145789","Cole Geer","QB","Virginia","ACC","rushing","YPC","5.0"
"2025","5146111","Daylen Russell","DL","Miami","ACC","defensive","PD","0"
"2025","5146111","Daylen Russell","DL","Miami","ACC","defensive","QB HUR","0"
"2025","5146111","Daylen Russell","DL","Miami","ACC","defensive","SACKS","0"
"2025","5146111","Daylen Russell","DL","Miami","ACC","defensive","SOLO","3"
"2025","5146111","Daylen Russell","DL","Miami","ACC","defensive","TD","0"
"2025","5146111","Daylen Russell","DL","Miami","ACC","defensive","TFL","1"
"2025","5146111","Daylen Russell","DL","Miami","ACC","defensive","TOT","6"
"2025","5146366","Allen Bryant","DB","Pittsburgh","ACC","defensive","PD","0"
"2025","5146366","Allen Bryant","DB","Pittsburgh","ACC","defensive","QB HUR","0"
"2025","5146366","Allen Bryant","DB","Pittsburgh","ACC","defensive","SACKS","0"
"2025","5146366","Allen Bryant","DB","Pittsburgh","ACC","defensive","SOLO","13"
"2025","5146366","Allen Bryant","DB","Pittsburgh","ACC","defensive","TD","0"
"2025","5146366","Allen Bryant","DB","Pittsburgh","ACC","defensive","TFL","0"
"2025","5146366","Allen Bryant","DB","Pittsburgh","ACC","defensive","TOT","16"
"2025","5146425","Quentin Reddish","S","Virginia Tech","ACC","defensive","PD","0"
"2025","5146425","Quentin Reddish","S","Virginia Tech","ACC","defensive","QB HUR","0"
"2025","5146425","Quentin Reddish","S","Virginia Tech","ACC","defensive","SACKS","0"
"2025","5146425","Quentin Reddish","S","Virginia Tech","ACC","defensive","SOLO","9"
"2025","5146425","Quentin Reddish","S","Virginia Tech","ACC","defensive","TD","0"
"2025","5146425","Quentin Reddish","S","Virginia Tech","ACC","defensive","TFL","0"
"2025","5146425","Quentin Reddish","S","Virginia Tech","ACC","defensive","TOT","15"
"2025","5146425","Quentin Reddish","S","Virginia Tech","ACC","interceptions","AVG","0.0"
"2025","5146425","Quentin Reddish","S","Virginia Tech","ACC","interceptions","INT","1"
"2025","5146425","Quentin Reddish","S","Virginia Tech","ACC","interceptions","TD","0"
"2025","5146425","Quentin Reddish","S","Virginia Tech","ACC","interceptions","YDS","0"
"2025","5146575","Graham Knowles","QB","Georgia Tech","ACC","passing","ATT","1"
"2025","5146575","Graham Knowles","QB","Georgia Tech","ACC","passing","COMPLETIONS","1"
"2025","5146575","Graham Knowles","QB","Georgia Tech","ACC","passing","INT","0"
"2025","5146575","Graham Knowles","QB","Georgia Tech","ACC","passing","PCT","1.000"
"2025","5146575","Graham Knowles","QB","Georgia Tech","ACC","passing","TD","1"
"2025","5146575","Graham Knowles","QB","Georgia Tech","ACC","passing","YDS","84"
"2025","5146575","Graham Knowles","QB","Georgia Tech","ACC","passing","YPA","84.0"
"2025","5146577","Davion Pritchard","DB","Pittsburgh","ACC","defensive","PD","0"
"2025","5146577","Davion Pritchard","DB","Pittsburgh","ACC","defensive","QB HUR","0"
"2025","5146577","Davion Pritchard","DB","Pittsburgh","ACC","defensive","SACKS","0"
"2025","5146577","Davion Pritchard","DB","Pittsburgh","ACC","defensive","SOLO","0"
"2025","5146577","Davion Pritchard","DB","Pittsburgh","ACC","defensive","TD","0"
"2025","5146577","Davion Pritchard","DB","Pittsburgh","ACC","defensive","TFL","0"
"2025","5146577","Davion Pritchard","DB","Pittsburgh","ACC","defensive","TOT","1"
"2025","5146681","Eze Osondu","LB","California","ACC","defensive","PD","0"
"2025","5146681","Eze Osondu","LB","California","ACC","defensive","QB HUR","0"
"2025","5146681","Eze Osondu","LB","California","ACC","defensive","SACKS","0"
"2025","5146681","Eze Osondu","LB","California","ACC","defensive","SOLO","1"
"2025","5146681","Eze Osondu","LB","California","ACC","defensive","TD","0"
"2025","5146681","Eze Osondu","LB","California","ACC","defensive","TFL","0"
"2025","5146681","Eze Osondu","LB","California","ACC","defensive","TOT","6"
"2025","5146724","Turbo Richard","RB","Boston College","ACC","fumbles","FUM","2"
"2025","5146724","Turbo Richard","RB","Boston College","ACC","fumbles","LOST","2"
"2025","5146724","Turbo Richard","RB","Boston College","ACC","fumbles","REC","0"
"2025","5146724","Turbo Richard","RB","Boston College","ACC","receiving","LONG","49"
"2025","5146724","Turbo Richard","RB","Boston College","ACC","receiving","REC","30"
"2025","5146724","Turbo Richard","RB","Boston College","ACC","receiving","TD","2"
"2025","5146724","Turbo Richard","RB","Boston College","ACC","receiving","YDS","213"
"2025","5146724","Turbo Richard","RB","Boston College","ACC","receiving","YPR","7.1"
"2025","5146724","Turbo Richard","RB","Boston College","ACC","rushing","CAR","145"
"2025","5146724","Turbo Richard","RB","Boston College","ACC","rushing","LONG","71"
"2025","5146724","Turbo Richard","RB","Boston College","ACC","rushing","TD","9"
"2025","5146724","Turbo Richard","RB","Boston College","ACC","rushing","YDS","749"
"2025","5146724","Turbo Richard","RB","Boston College","ACC","rushing","YPC","5.2"
"2025","5146747","Javarius Green","WR","North Carolina","ACC","puntReturns","AVG","7.2"
"2025","5146747","Javarius Green","WR","North Carolina","ACC","puntReturns","LONG","25"
"2025","5146747","Javarius Green","WR","North Carolina","ACC","puntReturns","NO","9"
"2025","5146747","Javarius Green","WR","North Carolina","ACC","puntReturns","TD","0"
"2025","5146747","Javarius Green","WR","North Carolina","ACC","puntReturns","YDS","65"
"2025","5146747","Javarius Green","WR","North Carolina","ACC","receiving","LONG","39"
"2025","5146747","Javarius Green","WR","North Carolina","ACC","receiving","REC","13"
"2025","5146747","Javarius Green","WR","North Carolina","ACC","receiving","TD","0"
"2025","5146747","Javarius Green","WR","North Carolina","ACC","receiving","YDS","150"
"2025","5146747","Javarius Green","WR","North Carolina","ACC","receiving","YPR","11.5"
"2025","5146755","Jamie Tremble","TE","Syracuse","ACC","defensive","PD","0"
"2025","5146755","Jamie Tremble","TE","Syracuse","ACC","defensive","QB HUR","2"
"2025","5146755","Jamie Tremble","TE","Syracuse","ACC","defensive","SACKS","3"
"2025","5146755","Jamie Tremble","TE","Syracuse","ACC","defensive","SOLO","9"
"2025","5146755","Jamie Tremble","TE","Syracuse","ACC","defensive","TD","0"
"2025","5146755","Jamie Tremble","TE","Syracuse","ACC","defensive","TFL","3"
"2025","5146755","Jamie Tremble","TE","Syracuse","ACC","defensive","TOT","10"
"2025","5146755","Jamie Tremble","TE","Syracuse","ACC","receiving","LONG","1"
"2025","5146755","Jamie Tremble","TE","Syracuse","ACC","receiving","REC","1"
"2025","5146755","Jamie Tremble","TE","Syracuse","ACC","receiving","TD","0"
"2025","5146755","Jamie Tremble","TE","Syracuse","ACC","receiving","YDS","1"
"2025","5146755","Jamie Tremble","TE","Syracuse","ACC","receiving","YPR","1.0"
"2025","5146764","Benjamin Blackburn","TE","Stanford","ACC","receiving","LONG","26"
"2025","5146764","Benjamin Blackburn","TE","Stanford","ACC","receiving","REC","9"
"2025","5146764","Benjamin Blackburn","TE","Stanford","ACC","receiving","TD","1"
"2025","5146764","Benjamin Blackburn","TE","Stanford","ACC","receiving","YDS","109"
"2025","5146764","Benjamin Blackburn","TE","Stanford","ACC","receiving","YPR","12.1"
"2025","5146808","Landen Marshall","DL","Georgia Tech","ACC","defensive","PD","0"
"2025","5146808","Landen Marshall","DL","Georgia Tech","ACC","defensive","QB HUR","0"
"2025","5146808","Landen Marshall","DL","Georgia Tech","ACC","defensive","SACKS","0"
"2025","5146808","Landen Marshall","DL","Georgia Tech","ACC","defensive","SOLO","1"
"2025","5146808","Landen Marshall","DL","Georgia Tech","ACC","defensive","TD","0"
"2025","5146808","Landen Marshall","DL","Georgia Tech","ACC","defensive","TFL","0"
"2025","5146808","Landen Marshall","DL","Georgia Tech","ACC","defensive","TOT","3"
"2025","5146819","Joe Asiain","DL","Stanford","ACC","defensive","PD","0"
"2025","5146819","Joe Asiain","DL","Stanford","ACC","defensive","QB HUR","0"
"2025","5146819","Joe Asiain","DL","Stanford","ACC","defensive","SACKS","0"
"2025","5146819","Joe Asiain","DL","Stanford","ACC","defensive","SOLO","0"
"2025","5146819","Joe Asiain","DL","Stanford","ACC","defensive","TD","0"
"2025","5146819","Joe Asiain","DL","Stanford","ACC","defensive","TFL","0"
"2025","5146819","Joe Asiain","DL","Stanford","ACC","defensive","TOT","2"
"2025","5146821","Kemori Dixon","LB","Boston College","ACC","defensive","PD","0"
"2025","5146821","Kemori Dixon","LB","Boston College","ACC","defensive","QB HUR","0"
"2025","5146821","Kemori Dixon","LB","Boston College","ACC","defensive","SACKS","1"
"2025","5146821","Kemori Dixon","LB","Boston College","ACC","defensive","SOLO","3"
"2025","5146821","Kemori Dixon","LB","Boston College","ACC","defensive","TD","0"
"2025","5146821","Kemori Dixon","LB","Boston College","ACC","defensive","TFL","1"
"2025","5146821","Kemori Dixon","LB","Boston College","ACC","defensive","TOT","4"
"2025","5146831","Kahlil House","OL","Stanford","ACC","defensive","PD","0"
"2025","5146831","Kahlil House","OL","Stanford","ACC","defensive","QB HUR","0"
"2025","5146831","Kahlil House","OL","Stanford","ACC","defensive","SACKS","0"
"2025","5146831","Kahlil House","OL","Stanford","ACC","defensive","SOLO","1"
"2025","5146831","Kahlil House","OL","Stanford","ACC","defensive","TD","0"
"2025","5146831","Kahlil House","OL","Stanford","ACC","defensive","TFL","0"
"2025","5146831","Kahlil House","OL","Stanford","ACC","defensive","TOT","1"
"2025","5146867","Maurice Davis","DL","Louisville","ACC","defensive","PD","0"
"2025","5146867","Maurice Davis","DL","Louisville","ACC","defensive","QB HUR","0"
"2025","5146867","Maurice Davis","DL","Louisville","ACC","defensive","SACKS","0"
"2025","5146867","Maurice Davis","DL","Louisville","ACC","defensive","SOLO","3"
"2025","5146867","Maurice Davis","DL","Louisville","ACC","defensive","TD","0"
"2025","5146867","Maurice Davis","DL","Louisville","ACC","defensive","TFL","0.5"
"2025","5146867","Maurice Davis","DL","Louisville","ACC","defensive","TOT","6"
"2025","5146880","Amontrae Bradford","DL","Georgia Tech","ACC","defensive","PD","1"
"2025","5146880","Amontrae Bradford","DL","Georgia Tech","ACC","defensive","QB HUR","3"
"2025","5146880","Amontrae Bradford","DL","Georgia Tech","ACC","defensive","SACKS","2.5"
"2025","5146880","Amontrae Bradford","DL","Georgia Tech","ACC","defensive","SOLO","9"
"2025","5146880","Amontrae Bradford","DL","Georgia Tech","ACC","defensive","TD","0"
"2025","5146880","Amontrae Bradford","DL","Georgia Tech","ACC","defensive","TFL","5.5"
"2025","5146880","Amontrae Bradford","DL","Georgia Tech","ACC","defensive","TOT","19"
"2025","5146896","Kobe Smith","DE","Duke","ACC","defensive","PD","0"
"2025","5146896","Kobe Smith","DE","Duke","ACC","defensive","QB HUR","2"
"2025","5146896","Kobe Smith","DE","Duke","ACC","defensive","SACKS","0"
"2025","5146896","Kobe Smith","DE","Duke","ACC","defensive","SOLO","4"
"2025","5146896","Kobe Smith","DE","Duke","ACC","defensive","TD","0"
"2025","5146896","Kobe Smith","DE","Duke","ACC","defensive","TFL","0"
"2025","5146896","Kobe Smith","DE","Duke","ACC","defensive","TOT","10"
"2025","5146906","Tyshon Reed","DE","Duke","ACC","defensive","PD","0"
"2025","5146906","Tyshon Reed","DE","Duke","ACC","defensive","QB HUR","1"
"2025","5146906","Tyshon Reed","DE","Duke","ACC","defensive","SACKS","0.5"
"2025","5146906","Tyshon Reed","DE","Duke","ACC","defensive","SOLO","9"
"2025","5146906","Tyshon Reed","DE","Duke","ACC","defensive","TD","0"
"2025","5146906","Tyshon Reed","DE","Duke","ACC","defensive","TFL","3.0"
"2025","5146906","Tyshon Reed","DE","Duke","ACC","defensive","TOT","23"
"2025","5146953","Leroy Jackson","DL","North Carolina","ACC","defensive","PD","1"
"2025","5146953","Leroy Jackson","DL","North Carolina","ACC","defensive","QB HUR","2"
"2025","5146953","Leroy Jackson","DL","North Carolina","ACC","defensive","SACKS","0"
"2025","5146953","Leroy Jackson","DL","North Carolina","ACC","defensive","SOLO","13"
"2025","5146953","Leroy Jackson","DL","North Carolina","ACC","defensive","TD","0"
"2025","5146953","Leroy Jackson","DL","North Carolina","ACC","defensive","TFL","0"
"2025","5146953","Leroy Jackson","DL","North Carolina","ACC","defensive","TOT","34"
"2025","5146992","Chase Bond","DE","NC State","ACC","defensive","PD","0"
"2025","5146992","Chase Bond","DE","NC State","ACC","defensive","QB HUR","2"
"2025","5146992","Chase Bond","DE","NC State","ACC","defensive","SACKS","1.5"
"2025","5146992","Chase Bond","DE","NC State","ACC","defensive","SOLO","6"
"2025","5146992","Chase Bond","DE","NC State","ACC","defensive","TD","0"
"2025","5146992","Chase Bond","DE","NC State","ACC","defensive","TFL","5.5"
"2025","5146992","Chase Bond","DE","NC State","ACC","defensive","TOT","11"
"2025","5147100","Marcellus Barnes Jr.","CB","SMU","ACC","defensive","PD","6"
"2025","5147100","Marcellus Barnes Jr.","CB","SMU","ACC","defensive","QB HUR","0"
"2025","5147100","Marcellus Barnes Jr.","CB","SMU","ACC","defensive","SACKS","0"
"2025","5147100","Marcellus Barnes Jr.","CB","SMU","ACC","defensive","SOLO","21"
"2025","5147100","Marcellus Barnes Jr.","CB","SMU","ACC","defensive","TD","0"
"2025","5147100","Marcellus Barnes Jr.","CB","SMU","ACC","defensive","TFL","2"
"2025","5147100","Marcellus Barnes Jr.","CB","SMU","ACC","defensive","TOT","32"
"2025","5147100","Marcellus Barnes Jr.","CB","SMU","ACC","fumbles","FUM","0"
"2025","5147100","Marcellus Barnes Jr.","CB","SMU","ACC","fumbles","LOST","0"
"2025","5147100","Marcellus Barnes Jr.","CB","SMU","ACC","fumbles","REC","1"
"2025","5147100","Marcellus Barnes Jr.","CB","SMU","ACC","interceptions","AVG","0.0"
"2025","5147100","Marcellus Barnes Jr.","CB","SMU","ACC","interceptions","INT","1"
"2025","5147100","Marcellus Barnes Jr.","CB","SMU","ACC","interceptions","TD","0"
"2025","5147100","Marcellus Barnes Jr.","CB","SMU","ACC","interceptions","YDS","0"
"2025","5147100","Marcellus Barnes Jr.","CB","SMU","ACC","puntReturns","AVG","0.0"
"2025","5147100","Marcellus Barnes Jr.","CB","SMU","ACC","puntReturns","LONG","0"
"2025","5147100","Marcellus Barnes Jr.","CB","SMU","ACC","puntReturns","NO","1"
"2025","5147100","Marcellus Barnes Jr.","CB","SMU","ACC","puntReturns","TD","0"
"2025","5147100","Marcellus Barnes Jr.","CB","SMU","ACC","puntReturns","YDS","0"
"2025","5147109","Darrius Davis","S","Stanford","ACC","defensive","PD","2"
"2025","5147109","Darrius Davis","S","Stanford","ACC","defensive","QB HUR","0"
"2025","5147109","Darrius Davis","S","Stanford","ACC","defensive","SACKS","0"
"2025","5147109","Darrius Davis","S","Stanford","ACC","defensive","SOLO","18"
"2025","5147109","Darrius Davis","S","Stanford","ACC","defensive","TD","1"
"2025","5147109","Darrius Davis","S","Stanford","ACC","defensive","TFL","1"
"2025","5147109","Darrius Davis","S","Stanford","ACC","defensive","TOT","26"
"2025","5147109","Darrius Davis","S","Stanford","ACC","fumbles","FUM","0"
"2025","5147109","Darrius Davis","S","Stanford","ACC","fumbles","LOST","0"
"2025","5147109","Darrius Davis","S","Stanford","ACC","fumbles","REC","1"
"2025","5147145","Khmori House","LB","North Carolina","ACC","defensive","PD","1"
"2025","5147145","Khmori House","LB","North Carolina","ACC","defensive","QB HUR","6"
"2025","5147145","Khmori House","LB","North Carolina","ACC","defensive","SACKS","1"
"2025","5147145","Khmori House","LB","North Carolina","ACC","defensive","SOLO","42"
"2025","5147145","Khmori House","LB","North Carolina","ACC","defensive","TD","0"
"2025","5147145","Khmori House","LB","North Carolina","ACC","defensive","TFL","2.5"
"2025","5147145","Khmori House","LB","North Carolina","ACC","defensive","TOT","73"
"2025","5147145","Khmori House","LB","North Carolina","ACC","interceptions","AVG","13.0"
"2025","5147145","Khmori House","LB","North Carolina","ACC","interceptions","INT","1"
"2025","5147145","Khmori House","LB","North Carolina","ACC","interceptions","TD","0"
"2025","5147145","Khmori House","LB","North Carolina","ACC","interceptions","YDS","13"
"2025","5147162","Jivan Baly","CB","NC State","ACC","defensive","PD","0"
"2025","5147162","Jivan Baly","CB","NC State","ACC","defensive","QB HUR","0"
"2025","5147162","Jivan Baly","CB","NC State","ACC","defensive","SACKS","0"
"2025","5147162","Jivan Baly","CB","NC State","ACC","defensive","SOLO","5"
"2025","5147162","Jivan Baly","CB","NC State","ACC","defensive","TD","0"
"2025","5147162","Jivan Baly","CB","NC State","ACC","defensive","TFL","0"
"2025","5147162","Jivan Baly","CB","NC State","ACC","defensive","TOT","9"
"2025","5147171","Kevon Gray","CB","Virginia","ACC","defensive","PD","0"
"2025","5147171","Kevon Gray","CB","Virginia","ACC","defensive","QB HUR","0"
"2025","5147171","Kevon Gray","CB","Virginia","ACC","defensive","SACKS","0"
"2025","5147171","Kevon Gray","CB","Virginia","ACC","defensive","SOLO","0"
"2025","5147171","Kevon Gray","CB","Virginia","ACC","defensive","TD","0"
"2025","5147171","Kevon Gray","CB","Virginia","ACC","defensive","TFL","0"
"2025","5147171","Kevon Gray","CB","Virginia","ACC","defensive","TOT","2"
"2025","5147171","Kevon Gray","CB","Virginia","ACC","fumbles","FUM","0"
"2025","5147171","Kevon Gray","CB","Virginia","ACC","fumbles","LOST","0"
"2025","5147171","Kevon Gray","CB","Virginia","ACC","fumbles","REC","1"
"2025","5147183","Sam Mattingly","LB","Stanford","ACC","defensive","PD","0"
"2025","5147183","Sam Mattingly","LB","Stanford","ACC","defensive","QB HUR","0"
"2025","5147183","Sam Mattingly","LB","Stanford","ACC","defensive","SACKS","0"
"2025","5147183","Sam Mattingly","LB","Stanford","ACC","defensive","SOLO","16"
"2025","5147183","Sam Mattingly","LB","Stanford","ACC","defensive","TD","0"
"2025","5147183","Sam Mattingly","LB","Stanford","ACC","defensive","TFL","1.5"
"2025","5147183","Sam Mattingly","LB","Stanford","ACC","defensive","TOT","23"
"2025","5147185","Ashton McShane","DB","Boston College","ACC","defensive","PD","0"
"2025","5147185","Ashton McShane","DB","Boston College","ACC","defensive","QB HUR","0"
"2025","5147185","Ashton McShane","DB","Boston College","ACC","defensive","SACKS","0"
"2025","5147185","Ashton McShane","DB","Boston College","ACC","defensive","SOLO","1"
"2025","5147185","Ashton McShane","DB","Boston College","ACC","defensive","TD","0"
"2025","5147185","Ashton McShane","DB","Boston College","ACC","defensive","TFL","0"
"2025","5147185","Ashton McShane","DB","Boston College","ACC","defensive","TOT","2"
"2025","5147186","William Nettles","CB","SMU","ACC","defensive","PD","4"
"2025","5147186","William Nettles","CB","SMU","ACC","defensive","QB HUR","0"
"2025","5147186","William Nettles","CB","SMU","ACC","defensive","SACKS","0.5"
"2025","5147186","William Nettles","CB","SMU","ACC","defensive","SOLO","25"
"2025","5147186","William Nettles","CB","SMU","ACC","defensive","TD","0"
"2025","5147186","William Nettles","CB","SMU","ACC","defensive","TFL","0.5"
"2025","5147186","William Nettles","CB","SMU","ACC","defensive","TOT","37"
"2025","5147186","William Nettles","CB","SMU","ACC","interceptions","AVG","0.0"
"2025","5147186","William Nettles","CB","SMU","ACC","interceptions","INT","1"
"2025","5147186","William Nettles","CB","SMU","ACC","interceptions","TD","0"
"2025","5147186","William Nettles","CB","SMU","ACC","interceptions","YDS","0"
"2025","5147203","Chase Tyler","WR","Duke","ACC","receiving","LONG","62"
"2025","5147203","Chase Tyler","WR","Duke","ACC","receiving","REC","4"
"2025","5147203","Chase Tyler","WR","Duke","ACC","receiving","TD","0"
"2025","5147203","Chase Tyler","WR","Duke","ACC","receiving","YDS","120"
"2025","5147203","Chase Tyler","WR","Duke","ACC","receiving","YPR","30.0"
"2025","5147375","Charlie Comella","DB","Boston College","ACC","defensive","PD","0"
"2025","5147375","Charlie Comella","DB","Boston College","ACC","defensive","QB HUR","0"
"2025","5147375","Charlie Comella","DB","Boston College","ACC","defensive","SACKS","0"
"2025","5147375","Charlie Comella","DB","Boston College","ACC","defensive","SOLO","12"
"2025","5147375","Charlie Comella","DB","Boston College","ACC","defensive","TD","0"
"2025","5147375","Charlie Comella","DB","Boston College","ACC","defensive","TFL","0.5"
"2025","5147375","Charlie Comella","DB","Boston College","ACC","defensive","TOT","17"
"2025","5147375","Charlie Comella","DB","Boston College","ACC","fumbles","FUM","0"
"2025","5147375","Charlie Comella","DB","Boston College","ACC","fumbles","LOST","0"
"2025","5147375","Charlie Comella","DB","Boston College","ACC","fumbles","REC","1"
"2025","5147375","Charlie Comella","DB","Boston College","ACC","puntReturns","AVG","6.5"
"2025","5147375","Charlie Comella","DB","Boston College","ACC","puntReturns","LONG","20"
"2025","5147375","Charlie Comella","DB","Boston College","ACC","puntReturns","NO","4"
"2025","5147375","Charlie Comella","DB","Boston College","ACC","puntReturns","TD","0"
"2025","5147375","Charlie Comella","DB","Boston College","ACC","puntReturns","YDS","26"
"2025","5147376","Kameron Courtney","WR","Virginia","ACC","fumbles","FUM","1"
"2025","5147376","Kameron Courtney","WR","Virginia","ACC","fumbles","LOST","0"
"2025","5147376","Kameron Courtney","WR","Virginia","ACC","fumbles","REC","0"
"2025","5147376","Kameron Courtney","WR","Virginia","ACC","kickReturns","AVG","38.0"
"2025","5147376","Kameron Courtney","WR","Virginia","ACC","kickReturns","LONG","38"
"2025","5147376","Kameron Courtney","WR","Virginia","ACC","kickReturns","NO","1"
"2025","5147376","Kameron Courtney","WR","Virginia","ACC","kickReturns","TD","0"
"2025","5147376","Kameron Courtney","WR","Virginia","ACC","kickReturns","YDS","38"
"2025","5147376","Kameron Courtney","WR","Virginia","ACC","puntReturns","AVG","6.3"
"2025","5147376","Kameron Courtney","WR","Virginia","ACC","puntReturns","LONG","15"
"2025","5147376","Kameron Courtney","WR","Virginia","ACC","puntReturns","NO","3"
"2025","5147376","Kameron Courtney","WR","Virginia","ACC","puntReturns","TD","0"
"2025","5147376","Kameron Courtney","WR","Virginia","ACC","puntReturns","YDS","19"
"2025","5147376","Kameron Courtney","WR","Virginia","ACC","receiving","LONG","34"
"2025","5147376","Kameron Courtney","WR","Virginia","ACC","receiving","REC","25"
"2025","5147376","Kameron Courtney","WR","Virginia","ACC","receiving","TD","0"
"2025","5147376","Kameron Courtney","WR","Virginia","ACC","receiving","YDS","234"
"2025","5147376","Kameron Courtney","WR","Virginia","ACC","receiving","YPR","9.4"
"2025","5147376","Kameron Courtney","WR","Virginia","ACC","rushing","CAR","4"
"2025","5147376","Kameron Courtney","WR","Virginia","ACC","rushing","LONG","23"
"2025","5147376","Kameron Courtney","WR","Virginia","ACC","rushing","TD","1"
"2025","5147376","Kameron Courtney","WR","Virginia","ACC","rushing","YDS","38"
"2025","5147376","Kameron Courtney","WR","Virginia","ACC","rushing","YPC","9.5"
"2025","5147686","Michael-Anthony Okwura","DL","California","ACC","defensive","PD","0"
"2025","5147686","Michael-Anthony Okwura","DL","California","ACC","defensive","QB HUR","0"
"2025","5147686","Michael-Anthony Okwura","DL","California","ACC","defensive","SACKS","0"
"2025","5147686","Michael-Anthony Okwura","DL","California","ACC","defensive","SOLO","1"
"2025","5147686","Michael-Anthony Okwura","DL","California","ACC","defensive","TD","0"
"2025","5147686","Michael-Anthony Okwura","DL","California","ACC","defensive","TFL","0"
"2025","5147686","Michael-Anthony Okwura","DL","California","ACC","defensive","TOT","2"
"2025","5147735","Zane Williams","LB","NC State","ACC","defensive","PD","0"
"2025","5147735","Zane Williams","LB","NC State","ACC","defensive","QB HUR","1"
"2025","5147735","Zane Williams","LB","NC State","ACC","defensive","SACKS","0"
"2025","5147735","Zane Williams","LB","NC State","ACC","defensive","SOLO","5"
"2025","5147735","Zane Williams","LB","NC State","ACC","defensive","TD","0"
"2025","5147735","Zane Williams","LB","NC State","ACC","defensive","TFL","2.0"
"2025","5147735","Zane Williams","LB","NC State","ACC","defensive","TOT","13"
"2025","5147846","Christian Garrett","DL","Georgia Tech","ACC","defensive","PD","1"
"2025","5147846","Christian Garrett","DL","Georgia Tech","ACC","defensive","QB HUR","0"
"2025","5147846","Christian Garrett","DL","Georgia Tech","ACC","defensive","SACKS","1.5"
"2025","5147846","Christian Garrett","DL","Georgia Tech","ACC","defensive","SOLO","4"
"2025","5147846","Christian Garrett","DL","Georgia Tech","ACC","defensive","TD","0"
"2025","5147846","Christian Garrett","DL","Georgia Tech","ACC","defensive","TFL","1.5"
"2025","5147846","Christian Garrett","DL","Georgia Tech","ACC","defensive","TOT","8"
"2025","5147934","Tae Harris","DB","Georgia Tech","ACC","defensive","PD","2"
"2025","5147934","Tae Harris","DB","Georgia Tech","ACC","defensive","QB HUR","0"
"2025","5147934","Tae Harris","DB","Georgia Tech","ACC","defensive","SACKS","0"
"2025","5147934","Tae Harris","DB","Georgia Tech","ACC","defensive","SOLO","15"
"2025","5147934","Tae Harris","DB","Georgia Tech","ACC","defensive","TD","0"
"2025","5147934","Tae Harris","DB","Georgia Tech","ACC","defensive","TFL","0"
"2025","5147934","Tae Harris","DB","Georgia Tech","ACC","defensive","TOT","20"
"2025","5148278","Braheem Long Jr.","DB","Syracuse","ACC","defensive","PD","2"
"2025","5148278","Braheem Long Jr.","DB","Syracuse","ACC","defensive","QB HUR","0"
"2025","5148278","Braheem Long Jr.","DB","Syracuse","ACC","defensive","SACKS","2"
"2025","5148278","Braheem Long Jr.","DB","Syracuse","ACC","defensive","SOLO","28"
"2025","5148278","Braheem Long Jr.","DB","Syracuse","ACC","defensive","TD","0"
"2025","5148278","Braheem Long Jr.","DB","Syracuse","ACC","defensive","TFL","2"
"2025","5148278","Braheem Long Jr.","DB","Syracuse","ACC","defensive","TOT","42"
"2025","5148278","Braheem Long Jr.","DB","Syracuse","ACC","interceptions","AVG","0.0"
"2025","5148278","Braheem Long Jr.","DB","Syracuse","ACC","interceptions","INT","1"
"2025","5148278","Braheem Long Jr.","DB","Syracuse","ACC","interceptions","TD","0"
"2025","5148278","Braheem Long Jr.","DB","Syracuse","ACC","interceptions","YDS","0"
"2025","5148414","Frank Cusano","LB","Wake Forest","ACC","defensive","PD","1"
"2025","5148414","Frank Cusano","LB","Wake Forest","ACC","defensive","QB HUR","2"
"2025","5148414","Frank Cusano","LB","Wake Forest","ACC","defensive","SACKS","0.5"
"2025","5148414","Frank Cusano","LB","Wake Forest","ACC","defensive","SOLO","18"
"2025","5148414","Frank Cusano","LB","Wake Forest","ACC","defensive","TD","0"
"2025","5148414","Frank Cusano","LB","Wake Forest","ACC","defensive","TFL","1.5"
"2025","5148414","Frank Cusano","LB","Wake Forest","ACC","defensive","TOT","45"
"2025","5148423","Cam Richardson","CB","Stanford","ACC","defensive","PD","0"
"2025","5148423","Cam Richardson","CB","Stanford","ACC","defensive","QB HUR","0"
"2025","5148423","Cam Richardson","CB","Stanford","ACC","defensive","SACKS","0"
"2025","5148423","Cam Richardson","CB","Stanford","ACC","defensive","SOLO","6"
"2025","5148423","Cam Richardson","CB","Stanford","ACC","defensive","TD","0"
"2025","5148423","Cam Richardson","CB","Stanford","ACC","defensive","TFL","0"
"2025","5148423","Cam Richardson","CB","Stanford","ACC","defensive","TOT","9"
"2025","5148611","Will Wilson","QB","NC State","ACC","defensive","PD","0"
"2025","5148611","Will Wilson","QB","NC State","ACC","defensive","QB HUR","0"
"2025","5148611","Will Wilson","QB","NC State","ACC","defensive","SACKS","0"
"2025","5148611","Will Wilson","QB","NC State","ACC","defensive","SOLO","0"
"2025","5148611","Will Wilson","QB","NC State","ACC","defensive","TD","0"
"2025","5148611","Will Wilson","QB","NC State","ACC","defensive","TFL","0"
"2025","5148611","Will Wilson","QB","NC State","ACC","defensive","TOT","1"
"2025","5148611","Will Wilson","QB","NC State","ACC","fumbles","FUM","1"
"2025","5148611","Will Wilson","QB","NC State","ACC","fumbles","LOST","0"
"2025","5148611","Will Wilson","QB","NC State","ACC","fumbles","REC","0"
"2025","5148611","Will Wilson","QB","NC State","ACC","passing","ATT","5"
"2025","5148611","Will Wilson","QB","NC State","ACC","passing","COMPLETIONS","3"
"2025","5148611","Will Wilson","QB","NC State","ACC","passing","INT","1"
"2025","5148611","Will Wilson","QB","NC State","ACC","passing","PCT","0.600"
"2025","5148611","Will Wilson","QB","NC State","ACC","passing","TD","0"
"2025","5148611","Will Wilson","QB","NC State","ACC","passing","YDS","16"
"2025","5148611","Will Wilson","QB","NC State","ACC","passing","YPA","3.2"
"2025","5148611","Will Wilson","QB","NC State","ACC","rushing","CAR","43"
"2025","5148611","Will Wilson","QB","NC State","ACC","rushing","LONG","16"
"2025","5148611","Will Wilson","QB","NC State","ACC","rushing","TD","10"
"2025","5148611","Will Wilson","QB","NC State","ACC","rushing","YDS","146"
"2025","5148611","Will Wilson","QB","NC State","ACC","rushing","YPC","3.4"
"2025","5148628","Logan Brooking","TE","Clemson","ACC","receiving","LONG","4"
"2025","5148628","Logan Brooking","TE","Clemson","ACC","receiving","REC","1"
"2025","5148628","Logan Brooking","TE","Clemson","ACC","receiving","TD","1"
"2025","5148628","Logan Brooking","TE","Clemson","ACC","receiving","YDS","4"
"2025","5148628","Logan Brooking","TE","Clemson","ACC","receiving","YPR","4.0"
"2025","5148822","Chris Barnes","WR","Wake Forest","ACC","defensive","PD","0"
"2025","5148822","Chris Barnes","WR","Wake Forest","ACC","defensive","QB HUR","0"
"2025","5148822","Chris Barnes","WR","Wake Forest","ACC","defensive","SACKS","0"
"2025","5148822","Chris Barnes","WR","Wake Forest","ACC","defensive","SOLO","0"
"2025","5148822","Chris Barnes","WR","Wake Forest","ACC","defensive","TD","1"
"2025","5148822","Chris Barnes","WR","Wake Forest","ACC","defensive","TFL","0"
"2025","5148822","Chris Barnes","WR","Wake Forest","ACC","defensive","TOT","0"
"2025","5148822","Chris Barnes","WR","Wake Forest","ACC","fumbles","FUM","2"
"2025","5148822","Chris Barnes","WR","Wake Forest","ACC","fumbles","LOST","0"
"2025","5148822","Chris Barnes","WR","Wake Forest","ACC","fumbles","REC","0"
"2025","5148822","Chris Barnes","WR","Wake Forest","ACC","kickReturns","AVG","37.6"
"2025","5148822","Chris Barnes","WR","Wake Forest","ACC","kickReturns","LONG","98"
"2025","5148822","Chris Barnes","WR","Wake Forest","ACC","kickReturns","NO","7"
"2025","5148822","Chris Barnes","WR","Wake Forest","ACC","kickReturns","TD","1"
"2025","5148822","Chris Barnes","WR","Wake Forest","ACC","kickReturns","YDS","263"
"2025","5148822","Chris Barnes","WR","Wake Forest","ACC","receiving","LONG","70"
"2025","5148822","Chris Barnes","WR","Wake Forest","ACC","receiving","REC","39"
"2025","5148822","Chris Barnes","WR","Wake Forest","ACC","receiving","TD","3"
"2025","5148822","Chris Barnes","WR","Wake Forest","ACC","receiving","YDS","547"
"2025","5148822","Chris Barnes","WR","Wake Forest","ACC","receiving","YPR","14.0"
"2025","5148822","Chris Barnes","WR","Wake Forest","ACC","rushing","CAR","13"
"2025","5148822","Chris Barnes","WR","Wake Forest","ACC","rushing","LONG","78"
"2025","5148822","Chris Barnes","WR","Wake Forest","ACC","rushing","TD","0"
"2025","5148822","Chris Barnes","WR","Wake Forest","ACC","rushing","YDS","143"
"2025","5148822","Chris Barnes","WR","Wake Forest","ACC","rushing","YPC","11.0"
"2025","5148835","Jayzen Flint","DL","Boston College","ACC","defensive","PD","0"
"2025","5148835","Jayzen Flint","DL","Boston College","ACC","defensive","QB HUR","0"
"2025","5148835","Jayzen Flint","DL","Boston College","ACC","defensive","SACKS","0"
"2025","5148835","Jayzen Flint","DL","Boston College","ACC","defensive","SOLO","2"
"2025","5148835","Jayzen Flint","DL","Boston College","ACC","defensive","TD","0"
"2025","5148835","Jayzen Flint","DL","Boston College","ACC","defensive","TFL","0"
"2025","5148835","Jayzen Flint","DL","Boston College","ACC","defensive","TOT","3"
"2025","5149495","DJ Warner","DE","SMU","ACC","defensive","PD","1"
"2025","5149495","DJ Warner","DE","SMU","ACC","defensive","QB HUR","3"
"2025","5149495","DJ Warner","DE","SMU","ACC","defensive","SACKS","2.0"
"2025","5149495","DJ Warner","DE","SMU","ACC","defensive","SOLO","2"
"2025","5149495","DJ Warner","DE","SMU","ACC","defensive","TD","0"
"2025","5149495","DJ Warner","DE","SMU","ACC","defensive","TFL","2.0"
"2025","5149495","DJ Warner","DE","SMU","ACC","defensive","TOT","6"
"2025","5149828","Jonathan Agumadu","LB","North Carolina","ACC","defensive","PD","0"
"2025","5149828","Jonathan Agumadu","LB","North Carolina","ACC","defensive","QB HUR","0"
"2025","5149828","Jonathan Agumadu","LB","North Carolina","ACC","defensive","SACKS","0"
"2025","5149828","Jonathan Agumadu","LB","North Carolina","ACC","defensive","SOLO","7"
"2025","5149828","Jonathan Agumadu","LB","North Carolina","ACC","defensive","TD","0"
"2025","5149828","Jonathan Agumadu","LB","North Carolina","ACC","defensive","TFL","0"
"2025","5149828","Jonathan Agumadu","LB","North Carolina","ACC","defensive","TOT","10"
"2025","5150133","Christian Pritchett","DB","Georgia Tech","ACC","defensive","PD","0"
"2025","5150133","Christian Pritchett","DB","Georgia Tech","ACC","defensive","QB HUR","0"
"2025","5150133","Christian Pritchett","DB","Georgia Tech","ACC","defensive","SACKS","0"
"2025","5150133","Christian Pritchett","DB","Georgia Tech","ACC","defensive","SOLO","1"
"2025","5150133","Christian Pritchett","DB","Georgia Tech","ACC","defensive","TD","0"
"2025","5150133","Christian Pritchett","DB","Georgia Tech","ACC","defensive","TFL","0"
"2025","5150133","Christian Pritchett","DB","Georgia Tech","ACC","defensive","TOT","4"
"2025","5150561","Olsen Patt-Henry","TE","Clemson","ACC","receiving","LONG","25"
"2025","5150561","Olsen Patt-Henry","TE","Clemson","ACC","receiving","REC","16"
"2025","5150561","Olsen Patt-Henry","TE","Clemson","ACC","receiving","TD","0"
"2025","5150561","Olsen Patt-Henry","TE","Clemson","ACC","receiving","YDS","126"
"2025","5150561","Olsen Patt-Henry","TE","Clemson","ACC","receiving","YPR","7.9"
"2025","5150563","Tristan Martinez","WR","Clemson","ACC","receiving","LONG","2"
"2025","5150563","Tristan Martinez","WR","Clemson","ACC","receiving","REC","1"
"2025","5150563","Tristan Martinez","WR","Clemson","ACC","receiving","TD","0"
"2025","5150563","Tristan Martinez","WR","Clemson","ACC","receiving","YDS","2"
"2025","5150563","Tristan Martinez","WR","Clemson","ACC","receiving","YPR","2.0"
"2025","5150835","Michael Grant","QB","Florida State","ACC","fumbles","FUM","1"
"2025","5150835","Michael Grant","QB","Florida State","ACC","fumbles","LOST","1"
"2025","5150835","Michael Grant","QB","Florida State","ACC","fumbles","REC","0"
"2025","5150835","Michael Grant","QB","Florida State","ACC","passing","ATT","1"
"2025","5150835","Michael Grant","QB","Florida State","ACC","passing","COMPLETIONS","1"
"2025","5150835","Michael Grant","QB","Florida State","ACC","passing","INT","0"
"2025","5150835","Michael Grant","QB","Florida State","ACC","passing","PCT","1.000"
"2025","5150835","Michael Grant","QB","Florida State","ACC","passing","TD","0"
"2025","5150835","Michael Grant","QB","Florida State","ACC","passing","YDS","14"
"2025","5150835","Michael Grant","QB","Florida State","ACC","passing","YPA","14.0"
"2025","5150835","Michael Grant","QB","Florida State","ACC","rushing","CAR","1"
"2025","5150835","Michael Grant","QB","Florida State","ACC","rushing","LONG","0"
"2025","5150835","Michael Grant","QB","Florida State","ACC","rushing","TD","0"
"2025","5150835","Michael Grant","QB","Florida State","ACC","rushing","YDS","-9"
"2025","5150835","Michael Grant","QB","Florida State","ACC","rushing","YPC","-9.0"
"2025","5150836","Jaden Jones","DL","Florida State","ACC","defensive","PD","1"
"2025","5150836","Jaden Jones","DL","Florida State","ACC","defensive","QB HUR","2"
"2025","5150836","Jaden Jones","DL","Florida State","ACC","defensive","SACKS","0"
"2025","5150836","Jaden Jones","DL","Florida State","ACC","defensive","SOLO","2"
"2025","5150836","Jaden Jones","DL","Florida State","ACC","defensive","TD","0"
"2025","5150836","Jaden Jones","DL","Florida State","ACC","defensive","TFL","1"
"2025","5150836","Jaden Jones","DL","Florida State","ACC","defensive","TOT","7"
"2025","5150837","Ashlynd Barker","DB","Florida State","ACC","defensive","PD","2"
"2025","5150837","Ashlynd Barker","DB","Florida State","ACC","defensive","QB HUR","1"
"2025","5150837","Ashlynd Barker","DB","Florida State","ACC","defensive","SACKS","3.5"
"2025","5150837","Ashlynd Barker","DB","Florida State","ACC","defensive","SOLO","26"
"2025","5150837","Ashlynd Barker","DB","Florida State","ACC","defensive","TD","0"
"2025","5150837","Ashlynd Barker","DB","Florida State","ACC","defensive","TFL","5.0"
"2025","5150837","Ashlynd Barker","DB","Florida State","ACC","defensive","TOT","48"
"2025","5150840","Ashton Bracewell","LB","Florida State","ACC","defensive","PD","0"
"2025","5150840","Ashton Bracewell","LB","Florida State","ACC","defensive","QB HUR","0"
"2025","5150840","Ashton Bracewell","LB","Florida State","ACC","defensive","SACKS","0"
"2025","5150840","Ashton Bracewell","LB","Florida State","ACC","defensive","SOLO","2"
"2025","5150840","Ashton Bracewell","LB","Florida State","ACC","defensive","TD","0"
"2025","5150840","Ashton Bracewell","LB","Florida State","ACC","defensive","TFL","1"
"2025","5150840","Ashton Bracewell","LB","Florida State","ACC","defensive","TOT","2"
"2025","5150841","Donny Hiebert","DB","Florida State","ACC","defensive","PD","0"
"2025","5150841","Donny Hiebert","DB","Florida State","ACC","defensive","QB HUR","0"
"2025","5150841","Donny Hiebert","DB","Florida State","ACC","defensive","SACKS","0"
"2025","5150841","Donny Hiebert","DB","Florida State","ACC","defensive","SOLO","0"
"2025","5150841","Donny Hiebert","DB","Florida State","ACC","defensive","TD","0"
"2025","5150841","Donny Hiebert","DB","Florida State","ACC","defensive","TFL","0"
"2025","5150841","Donny Hiebert","DB","Florida State","ACC","defensive","TOT","3"
"2025","5150844","Andre Otto","OL","Florida State","ACC","defensive","PD","0"
"2025","5150844","Andre Otto","OL","Florida State","ACC","defensive","QB HUR","0"
"2025","5150844","Andre Otto","OL","Florida State","ACC","defensive","SACKS","0"
"2025","5150844","Andre Otto","OL","Florida State","ACC","defensive","SOLO","0"
"2025","5150844","Andre Otto","OL","Florida State","ACC","defensive","TD","0"
"2025","5150844","Andre Otto","OL","Florida State","ACC","defensive","TFL","0"
"2025","5150844","Andre Otto","OL","Florida State","ACC","defensive","TOT","1"
"2025","5150848","Grant Fielder","DL","Florida State","ACC","defensive","PD","0"
"2025","5150848","Grant Fielder","DL","Florida State","ACC","defensive","QB HUR","0"
"2025","5150848","Grant Fielder","DL","Florida State","ACC","defensive","SACKS","0"
"2025","5150848","Grant Fielder","DL","Florida State","ACC","defensive","SOLO","1"
"2025","5150848","Grant Fielder","DL","Florida State","ACC","defensive","TD","0"
"2025","5150848","Grant Fielder","DL","Florida State","ACC","defensive","TFL","0"
"2025","5150848","Grant Fielder","DL","Florida State","ACC","defensive","TOT","1"
"2025","5150861","Jayden Dixon-Veal","WR","California","ACC","receiving","LONG","24"
"2025","5150861","Jayden Dixon-Veal","WR","California","ACC","receiving","REC","4"
"2025","5150861","Jayden Dixon-Veal","WR","California","ACC","receiving","TD","1"
"2025","5150861","Jayden Dixon-Veal","WR","California","ACC","receiving","YDS","47"
"2025","5150861","Jayden Dixon-Veal","WR","California","ACC","receiving","YPR","11.8"
"2025","5150861","Jayden Dixon-Veal","WR","California","ACC","rushing","CAR","1"
"2025","5150861","Jayden Dixon-Veal","WR","California","ACC","rushing","LONG","2"
"2025","5150861","Jayden Dixon-Veal","WR","California","ACC","rushing","TD","0"
"2025","5150861","Jayden Dixon-Veal","WR","California","ACC","rushing","YDS","2"
"2025","5150861","Jayden Dixon-Veal","WR","California","ACC","rushing","YPC","2.0"
"2025","5150880","George Ballance","LB","Virginia Tech","ACC","defensive","PD","1"
"2025","5150880","George Ballance","LB","Virginia Tech","ACC","defensive","QB HUR","0"
"2025","5150880","George Ballance","LB","Virginia Tech","ACC","defensive","SACKS","0"
"2025","5150880","George Ballance","LB","Virginia Tech","ACC","defensive","SOLO","6"
"2025","5150880","George Ballance","LB","Virginia Tech","ACC","defensive","TD","0"
"2025","5150880","George Ballance","LB","Virginia Tech","ACC","defensive","TFL","0"
"2025","5150880","George Ballance","LB","Virginia Tech","ACC","defensive","TOT","10"
"2025","5150903","Zechariah Poyser","DB","Miami","ACC","defensive","PD","5"
"2025","5150903","Zechariah Poyser","DB","Miami","ACC","defensive","QB HUR","1"
"2025","5150903","Zechariah Poyser","DB","Miami","ACC","defensive","SACKS","1"
"2025","5150903","Zechariah Poyser","DB","Miami","ACC","defensive","SOLO","42"
"2025","5150903","Zechariah Poyser","DB","Miami","ACC","defensive","TD","0"
"2025","5150903","Zechariah Poyser","DB","Miami","ACC","defensive","TFL","3"
"2025","5150903","Zechariah Poyser","DB","Miami","ACC","defensive","TOT","68"
"2025","5150903","Zechariah Poyser","DB","Miami","ACC","fumbles","FUM","0"
"2025","5150903","Zechariah Poyser","DB","Miami","ACC","fumbles","LOST","0"
"2025","5150903","Zechariah Poyser","DB","Miami","ACC","fumbles","REC","2"
"2025","5150999","David Blay","DL","Miami","ACC","defensive","PD","1"
"2025","5150999","David Blay","DL","Miami","ACC","defensive","QB HUR","1"
"2025","5150999","David Blay","DL","Miami","ACC","defensive","SACKS","0"
"2025","5150999","David Blay","DL","Miami","ACC","defensive","SOLO","10"
"2025","5150999","David Blay","DL","Miami","ACC","defensive","TD","0"
"2025","5150999","David Blay","DL","Miami","ACC","defensive","TFL","2.5"
"2025","5150999","David Blay","DL","Miami","ACC","defensive","TOT","28"
"2025","5151004","Tom Maginness","P","North Carolina","ACC","punting","In 20","19"
"2025","5151004","Tom Maginness","P","North Carolina","ACC","punting","LONG","60"
"2025","5151004","Tom Maginness","P","North Carolina","ACC","punting","NO","56"
"2025","5151004","Tom Maginness","P","North Carolina","ACC","punting","TB","1"
"2025","5151004","Tom Maginness","P","North Carolina","ACC","punting","YDS","2391"
"2025","5151004","Tom Maginness","P","North Carolina","ACC","punting","YPP","42.7"
"2025","5151021","Jaden Minkins","DB","Louisville","ACC","defensive","PD","0"
"2025","5151021","Jaden Minkins","DB","Louisville","ACC","defensive","QB HUR","0"
"2025","5151021","Jaden Minkins","DB","Louisville","ACC","defensive","SACKS","0"
"2025","5151021","Jaden Minkins","DB","Louisville","ACC","defensive","SOLO","1"
"2025","5151021","Jaden Minkins","DB","Louisville","ACC","defensive","TD","0"
"2025","5151021","Jaden Minkins","DB","Louisville","ACC","defensive","TFL","0"
"2025","5151021","Jaden Minkins","DB","Louisville","ACC","defensive","TOT","2"
"2025","5151023","Carter Schwartz","P","Louisville","ACC","punting","In 20","6"
"2025","5151023","Carter Schwartz","P","Louisville","ACC","punting","LONG","61"
"2025","5151023","Carter Schwartz","P","Louisville","ACC","punting","NO","14"
"2025","5151023","Carter Schwartz","P","Louisville","ACC","punting","TB","0"
"2025","5151023","Carter Schwartz","P","Louisville","ACC","punting","YDS","555"
"2025","5151023","Carter Schwartz","P","Louisville","ACC","punting","YPP","39.6"
"2025","5151024","Jaedon King","WR","Louisville","ACC","receiving","LONG","0"
"2025","5151024","Jaedon King","WR","Louisville","ACC","receiving","REC","1"
"2025","5151024","Jaedon King","WR","Louisville","ACC","receiving","TD","0"
"2025","5151024","Jaedon King","WR","Louisville","ACC","receiving","YDS","-3"
"2025","5151024","Jaedon King","WR","Louisville","ACC","receiving","YPR","-3.0"
"2025","5151144","Lardarius Webb Jr.","DB","Wake Forest","ACC","defensive","PD","7"
"2025","5151144","Lardarius Webb Jr.","DB","Wake Forest","ACC","defensive","QB HUR","0"
"2025","5151144","Lardarius Webb Jr.","DB","Wake Forest","ACC","defensive","SACKS","1"
"2025","5151144","Lardarius Webb Jr.","DB","Wake Forest","ACC","defensive","SOLO","19"
"2025","5151144","Lardarius Webb Jr.","DB","Wake Forest","ACC","defensive","TD","0"
"2025","5151144","Lardarius Webb Jr.","DB","Wake Forest","ACC","defensive","TFL","2"
"2025","5151144","Lardarius Webb Jr.","DB","Wake Forest","ACC","defensive","TOT","35"
"2025","5151202","Da'Marcus Crosby","DB","Virginia","ACC","defensive","PD","0"
"2025","5151202","Da'Marcus Crosby","DB","Virginia","ACC","defensive","QB HUR","0"
"2025","5151202","Da'Marcus Crosby","DB","Virginia","ACC","defensive","SACKS","0"
"2025","5151202","Da'Marcus Crosby","DB","Virginia","ACC","defensive","SOLO","2"
"2025","5151202","Da'Marcus Crosby","DB","Virginia","ACC","defensive","TD","0"
"2025","5151202","Da'Marcus Crosby","DB","Virginia","ACC","defensive","TFL","0"
"2025","5151202","Da'Marcus Crosby","DB","Virginia","ACC","defensive","TOT","5"
"2025","5151396","Morgan Tribbett","LS","SMU","ACC","defensive","PD","0"
"2025","5151396","Morgan Tribbett","LS","SMU","ACC","defensive","QB HUR","0"
"2025","5151396","Morgan Tribbett","LS","SMU","ACC","defensive","SACKS","0"
"2025","5151396","Morgan Tribbett","LS","SMU","ACC","defensive","SOLO","2"
"2025","5151396","Morgan Tribbett","LS","SMU","ACC","defensive","TD","0"
"2025","5151396","Morgan Tribbett","LS","SMU","ACC","defensive","TFL","0"
"2025","5151396","Morgan Tribbett","LS","SMU","ACC","defensive","TOT","4"
"2025","5151802","Griffin Reimer","TE","NC State","ACC","receiving","LONG","7"
"2025","5151802","Griffin Reimer","TE","NC State","ACC","receiving","REC","1"
"2025","5151802","Griffin Reimer","TE","NC State","ACC","receiving","TD","0"
"2025","5151802","Griffin Reimer","TE","NC State","ACC","receiving","YDS","7"
"2025","5151802","Griffin Reimer","TE","NC State","ACC","receiving","YPR","7.0"
"2025","5151811","Coleson Fields","RB","NC State","ACC","defensive","PD","0"
"2025","5151811","Coleson Fields","RB","NC State","ACC","defensive","QB HUR","0"
"2025","5151811","Coleson Fields","RB","NC State","ACC","defensive","SACKS","0"
"2025","5151811","Coleson Fields","RB","NC State","ACC","defensive","SOLO","1"
"2025","5151811","Coleson Fields","RB","NC State","ACC","defensive","TD","0"
"2025","5151811","Coleson Fields","RB","NC State","ACC","defensive","TFL","0"
"2025","5151811","Coleson Fields","RB","NC State","ACC","defensive","TOT","3"
"2025","5151811","Coleson Fields","RB","NC State","ACC","kickReturns","AVG","11.6"
"2025","5151811","Coleson Fields","RB","NC State","ACC","kickReturns","LONG","22"
"2025","5151811","Coleson Fields","RB","NC State","ACC","kickReturns","NO","5"
"2025","5151811","Coleson Fields","RB","NC State","ACC","kickReturns","TD","0"
"2025","5151811","Coleson Fields","RB","NC State","ACC","kickReturns","YDS","58"
"2025","5151811","Coleson Fields","RB","NC State","ACC","receiving","LONG","16"
"2025","5151811","Coleson Fields","RB","NC State","ACC","receiving","REC","3"
"2025","5151811","Coleson Fields","RB","NC State","ACC","receiving","TD","0"
"2025","5151811","Coleson Fields","RB","NC State","ACC","receiving","YDS","36"
"2025","5151811","Coleson Fields","RB","NC State","ACC","receiving","YPR","12.0"
"2025","5151811","Coleson Fields","RB","NC State","ACC","rushing","CAR","11"
"2025","5151811","Coleson Fields","RB","NC State","ACC","rushing","LONG","7"
"2025","5151811","Coleson Fields","RB","NC State","ACC","rushing","TD","0"
"2025","5151811","Coleson Fields","RB","NC State","ACC","rushing","YDS","19"
"2025","5151811","Coleson Fields","RB","NC State","ACC","rushing","YPC","1.7"
"2025","5151880","Thaddeus Dixon","DB","North Carolina","ACC","defensive","PD","6"
"2025","5151880","Thaddeus Dixon","DB","North Carolina","ACC","defensive","QB HUR","0"
"2025","5151880","Thaddeus Dixon","DB","North Carolina","ACC","defensive","SACKS","0"
"2025","5151880","Thaddeus Dixon","DB","North Carolina","ACC","defensive","SOLO","14"
"2025","5151880","Thaddeus Dixon","DB","North Carolina","ACC","defensive","TD","0"
"2025","5151880","Thaddeus Dixon","DB","North Carolina","ACC","defensive","TFL","2"
"2025","5151880","Thaddeus Dixon","DB","North Carolina","ACC","defensive","TOT","20"
"2025","5152021","Jerry Lawson","DL","Louisville","ACC","defensive","PD","1"
"2025","5152021","Jerry Lawson","DL","Louisville","ACC","defensive","QB HUR","1"
"2025","5152021","Jerry Lawson","DL","Louisville","ACC","defensive","SACKS","0.5"
"2025","5152021","Jerry Lawson","DL","Louisville","ACC","defensive","SOLO","7"
"2025","5152021","Jerry Lawson","DL","Louisville","ACC","defensive","TD","0"
"2025","5152021","Jerry Lawson","DL","Louisville","ACC","defensive","TFL","2.5"
"2025","5152021","Jerry Lawson","DL","Louisville","ACC","defensive","TOT","16"
"2025","5152159","William Tackie Jr.","DB","Wake Forest","ACC","defensive","PD","0"
"2025","5152159","William Tackie Jr.","DB","Wake Forest","ACC","defensive","QB HUR","0"
"2025","5152159","William Tackie Jr.","DB","Wake Forest","ACC","defensive","SACKS","0"
"2025","5152159","William Tackie Jr.","DB","Wake Forest","ACC","defensive","SOLO","3"
"2025","5152159","William Tackie Jr.","DB","Wake Forest","ACC","defensive","TD","0"
"2025","5152159","William Tackie Jr.","DB","Wake Forest","ACC","defensive","TFL","0"
"2025","5152159","William Tackie Jr.","DB","Wake Forest","ACC","defensive","TOT","5"
"2025","5152167","Brendan Doyle","TE","Stanford","ACC","defensive","PD","0"
"2025","5152167","Brendan Doyle","TE","Stanford","ACC","defensive","QB HUR","0"
"2025","5152167","Brendan Doyle","TE","Stanford","ACC","defensive","SACKS","0"
"2025","5152167","Brendan Doyle","TE","Stanford","ACC","defensive","SOLO","1"
"2025","5152167","Brendan Doyle","TE","Stanford","ACC","defensive","TD","0"
"2025","5152167","Brendan Doyle","TE","Stanford","ACC","defensive","TFL","0"
"2025","5152167","Brendan Doyle","TE","Stanford","ACC","defensive","TOT","1"
"2025","5152167","Brendan Doyle","TE","Stanford","ACC","receiving","LONG","3"
"2025","5152167","Brendan Doyle","TE","Stanford","ACC","receiving","REC","1"
"2025","5152167","Brendan Doyle","TE","Stanford","ACC","receiving","TD","0"
"2025","5152167","Brendan Doyle","TE","Stanford","ACC","receiving","YDS","3"
"2025","5152167","Brendan Doyle","TE","Stanford","ACC","receiving","YPR","3.0"
"2025","5152213","Leon Bell","OL","California","ACC","defensive","PD","0"
"2025","5152213","Leon Bell","OL","California","ACC","defensive","QB HUR","0"
"2025","5152213","Leon Bell","OL","California","ACC","defensive","SACKS","0"
"2025","5152213","Leon Bell","OL","California","ACC","defensive","SOLO","0"
"2025","5152213","Leon Bell","OL","California","ACC","defensive","TD","0"
"2025","5152213","Leon Bell","OL","California","ACC","defensive","TFL","0"
"2025","5152213","Leon Bell","OL","California","ACC","defensive","TOT","2"
"2025","5152226","Terry Webb","DT","SMU","ACC","defensive","PD","4"
"2025","5152226","Terry Webb","DT","SMU","ACC","defensive","QB HUR","2"
"2025","5152226","Terry Webb","DT","SMU","ACC","defensive","SACKS","5.5"
"2025","5152226","Terry Webb","DT","SMU","ACC","defensive","SOLO","22"
"2025","5152226","Terry Webb","DT","SMU","ACC","defensive","TD","0"
"2025","5152226","Terry Webb","DT","SMU","ACC","defensive","TFL","7.0"
"2025","5152226","Terry Webb","DT","SMU","ACC","defensive","TOT","46"
"2025","5152839","Jaylen King","QB","Florida State","ACC","passing","ATT","1"
"2025","5152839","Jaylen King","QB","Florida State","ACC","passing","COMPLETIONS","0"
"2025","5152839","Jaylen King","QB","Florida State","ACC","passing","INT","0"
"2025","5152839","Jaylen King","QB","Florida State","ACC","passing","PCT","0.000"
"2025","5152839","Jaylen King","QB","Florida State","ACC","passing","TD","0"
"2025","5152839","Jaylen King","QB","Florida State","ACC","passing","YDS","0"
"2025","5152839","Jaylen King","QB","Florida State","ACC","passing","YPA","0.0"
"2025","5152839","Jaylen King","QB","Florida State","ACC","rushing","CAR","2"
"2025","5152839","Jaylen King","QB","Florida State","ACC","rushing","LONG","6"
"2025","5152839","Jaylen King","QB","Florida State","ACC","rushing","TD","0"
"2025","5152839","Jaylen King","QB","Florida State","ACC","rushing","YDS","6"
"2025","5152839","Jaylen King","QB","Florida State","ACC","rushing","YPC","3.0"
"2025","5153074","Carlos Hernandez","WR","Wake Forest","ACC","defensive","PD","0"
"2025","5153074","Carlos Hernandez","WR","Wake Forest","ACC","defensive","QB HUR","0"
"2025","5153074","Carlos Hernandez","WR","Wake Forest","ACC","defensive","SACKS","0"
"2025","5153074","Carlos Hernandez","WR","Wake Forest","ACC","defensive","SOLO","0"
"2025","5153074","Carlos Hernandez","WR","Wake Forest","ACC","defensive","TD","1"
"2025","5153074","Carlos Hernandez","WR","Wake Forest","ACC","defensive","TFL","0"
"2025","5153074","Carlos Hernandez","WR","Wake Forest","ACC","defensive","TOT","0"
"2025","5153074","Carlos Hernandez","WR","Wake Forest","ACC","fumbles","FUM","4"
"2025","5153074","Carlos Hernandez","WR","Wake Forest","ACC","fumbles","LOST","1"
"2025","5153074","Carlos Hernandez","WR","Wake Forest","ACC","fumbles","REC","0"
"2025","5153074","Carlos Hernandez","WR","Wake Forest","ACC","kickReturns","AVG","19.0"
"2025","5153074","Carlos Hernandez","WR","Wake Forest","ACC","kickReturns","LONG","19"
"2025","5153074","Carlos Hernandez","WR","Wake Forest","ACC","kickReturns","NO","1"
"2025","5153074","Carlos Hernandez","WR","Wake Forest","ACC","kickReturns","TD","0"
"2025","5153074","Carlos Hernandez","WR","Wake Forest","ACC","kickReturns","YDS","19"
"2025","5153074","Carlos Hernandez","WR","Wake Forest","ACC","puntReturns","AVG","11.0"
"2025","5153074","Carlos Hernandez","WR","Wake Forest","ACC","puntReturns","LONG","88"
"2025","5153074","Carlos Hernandez","WR","Wake Forest","ACC","puntReturns","NO","23"
"2025","5153074","Carlos Hernandez","WR","Wake Forest","ACC","puntReturns","TD","1"
"2025","5153074","Carlos Hernandez","WR","Wake Forest","ACC","puntReturns","YDS","253"
"2025","5153074","Carlos Hernandez","WR","Wake Forest","ACC","receiving","LONG","93"
"2025","5153074","Carlos Hernandez","WR","Wake Forest","ACC","receiving","REC","40"
"2025","5153074","Carlos Hernandez","WR","Wake Forest","ACC","receiving","TD","3"
"2025","5153074","Carlos Hernandez","WR","Wake Forest","ACC","receiving","YDS","611"
"2025","5153074","Carlos Hernandez","WR","Wake Forest","ACC","receiving","YPR","15.3"
"2025","5153074","Carlos Hernandez","WR","Wake Forest","ACC","rushing","CAR","1"
"2025","5153074","Carlos Hernandez","WR","Wake Forest","ACC","rushing","LONG","51"
"2025","5153074","Carlos Hernandez","WR","Wake Forest","ACC","rushing","TD","1"
"2025","5153074","Carlos Hernandez","WR","Wake Forest","ACC","rushing","YDS","54"
"2025","5153074","Carlos Hernandez","WR","Wake Forest","ACC","rushing","YPC","54.0"
"2025","5153257","Maddox Marcellus","LB","Virginia","ACC","defensive","PD","1"
"2025","5153257","Maddox Marcellus","LB","Virginia","ACC","defensive","QB HUR","1"
"2025","5153257","Maddox Marcellus","LB","Virginia","ACC","defensive","SACKS","1.5"
"2025","5153257","Maddox Marcellus","LB","Virginia","ACC","defensive","SOLO","17"
"2025","5153257","Maddox Marcellus","LB","Virginia","ACC","defensive","TD","0"
"2025","5153257","Maddox Marcellus","LB","Virginia","ACC","defensive","TFL","2.5"
"2025","5153257","Maddox Marcellus","LB","Virginia","ACC","defensive","TOT","49"
"2025","5153257","Maddox Marcellus","LB","Virginia","ACC","interceptions","AVG","4.0"
"2025","5153257","Maddox Marcellus","LB","Virginia","ACC","interceptions","INT","1"
"2025","5153257","Maddox Marcellus","LB","Virginia","ACC","interceptions","TD","0"
"2025","5153257","Maddox Marcellus","LB","Virginia","ACC","interceptions","YDS","4"
"2025","5153257","Maddox Marcellus","LB","Virginia","ACC","kickReturns","AVG","0.0"
"2025","5153257","Maddox Marcellus","LB","Virginia","ACC","kickReturns","LONG","0"
"2025","5153257","Maddox Marcellus","LB","Virginia","ACC","kickReturns","NO","1"
"2025","5153257","Maddox Marcellus","LB","Virginia","ACC","kickReturns","TD","0"
"2025","5153257","Maddox Marcellus","LB","Virginia","ACC","kickReturns","YDS","0"
"2025","5153412","Brayden Manley","DL","Georgia Tech","ACC","defensive","PD","1"
"2025","5153412","Brayden Manley","DL","Georgia Tech","ACC","defensive","QB HUR","5"
"2025","5153412","Brayden Manley","DL","Georgia Tech","ACC","defensive","SACKS","3.0"
"2025","5153412","Brayden Manley","DL","Georgia Tech","ACC","defensive","SOLO","10"
"2025","5153412","Brayden Manley","DL","Georgia Tech","ACC","defensive","TD","0"
"2025","5153412","Brayden Manley","DL","Georgia Tech","ACC","defensive","TFL","3.0"
"2025","5153412","Brayden Manley","DL","Georgia Tech","ACC","defensive","TOT","17"
"2025","5153665","Cian Slone","LB","NC State","ACC","defensive","PD","1"
"2025","5153665","Cian Slone","LB","NC State","ACC","defensive","QB HUR","16"
"2025","5153665","Cian Slone","LB","NC State","ACC","defensive","SACKS","1.5"
"2025","5153665","Cian Slone","LB","NC State","ACC","defensive","SOLO","24"
"2025","5153665","Cian Slone","LB","NC State","ACC","defensive","TD","0"
"2025","5153665","Cian Slone","LB","NC State","ACC","defensive","TFL","7.0"
"2025","5153665","Cian Slone","LB","NC State","ACC","defensive","TOT","62"
"2025","5153665","Cian Slone","LB","NC State","ACC","fumbles","FUM","0"
"2025","5153665","Cian Slone","LB","NC State","ACC","fumbles","LOST","0"
"2025","5153665","Cian Slone","LB","NC State","ACC","fumbles","REC","1"
"2025","5153665","Cian Slone","LB","NC State","ACC","interceptions","AVG","0.0"
"2025","5153665","Cian Slone","LB","NC State","ACC","interceptions","INT","1"
"2025","5153665","Cian Slone","LB","NC State","ACC","interceptions","TD","0"
"2025","5153665","Cian Slone","LB","NC State","ACC","interceptions","YDS","0"
"2025","5153681","Henry Stickler","WR","SMU","ACC","defensive","PD","0"
"2025","5153681","Henry Stickler","WR","SMU","ACC","defensive","QB HUR","0"
"2025","5153681","Henry Stickler","WR","SMU","ACC","defensive","SACKS","0"
"2025","5153681","Henry Stickler","WR","SMU","ACC","defensive","SOLO","1"
"2025","5153681","Henry Stickler","WR","SMU","ACC","defensive","TD","0"
"2025","5153681","Henry Stickler","WR","SMU","ACC","defensive","TFL","0"
"2025","5153681","Henry Stickler","WR","SMU","ACC","defensive","TOT","1"
"2025","5153762","Cayman Spaulding","LB","Georgia Tech","ACC","defensive","PD","1"
"2025","5153762","Cayman Spaulding","LB","Georgia Tech","ACC","defensive","QB HUR","0"
"2025","5153762","Cayman Spaulding","LB","Georgia Tech","ACC","defensive","SACKS","2.5"
"2025","5153762","Cayman Spaulding","LB","Georgia Tech","ACC","defensive","SOLO","24"
"2025","5153762","Cayman Spaulding","LB","Georgia Tech","ACC","defensive","TD","0"
"2025","5153762","Cayman Spaulding","LB","Georgia Tech","ACC","defensive","TFL","3.0"
"2025","5153762","Cayman Spaulding","LB","Georgia Tech","ACC","defensive","TOT","41"
"2025","5154303","Zion Fowler-El","WR","Pittsburgh","ACC","defensive","PD","0"
"2025","5154303","Zion Fowler-El","WR","Pittsburgh","ACC","defensive","QB HUR","0"
"2025","5154303","Zion Fowler-El","WR","Pittsburgh","ACC","defensive","SACKS","0"
"2025","5154303","Zion Fowler-El","WR","Pittsburgh","ACC","defensive","SOLO","1"
"2025","5154303","Zion Fowler-El","WR","Pittsburgh","ACC","defensive","TD","0"
"2025","5154303","Zion Fowler-El","WR","Pittsburgh","ACC","defensive","TFL","0"
"2025","5154303","Zion Fowler-El","WR","Pittsburgh","ACC","defensive","TOT","2"
"2025","5154303","Zion Fowler-El","WR","Pittsburgh","ACC","receiving","LONG","18"
"2025","5154303","Zion Fowler-El","WR","Pittsburgh","ACC","receiving","REC","7"
"2025","5154303","Zion Fowler-El","WR","Pittsburgh","ACC","receiving","TD","1"
"2025","5154303","Zion Fowler-El","WR","Pittsburgh","ACC","receiving","YDS","60"
"2025","5154303","Zion Fowler-El","WR","Pittsburgh","ACC","receiving","YPR","8.6"
"2025","5154304","Caleb Williams","RB","Pittsburgh","ACC","defensive","PD","0"
"2025","5154304","Caleb Williams","RB","Pittsburgh","ACC","defensive","QB HUR","0"
"2025","5154304","Caleb Williams","RB","Pittsburgh","ACC","defensive","SACKS","0"
"2025","5154304","Caleb Williams","RB","Pittsburgh","ACC","defensive","SOLO","1"
"2025","5154304","Caleb Williams","RB","Pittsburgh","ACC","defensive","TD","0"
"2025","5154304","Caleb Williams","RB","Pittsburgh","ACC","defensive","TFL","0"
"2025","5154304","Caleb Williams","RB","Pittsburgh","ACC","defensive","TOT","1"
"2025","5154304","Caleb Williams","RB","Pittsburgh","ACC","receiving","LONG","0"
"2025","5154304","Caleb Williams","RB","Pittsburgh","ACC","receiving","REC","2"
"2025","5154304","Caleb Williams","RB","Pittsburgh","ACC","receiving","TD","0"
"2025","5154304","Caleb Williams","RB","Pittsburgh","ACC","receiving","YDS","-1"
"2025","5154304","Caleb Williams","RB","Pittsburgh","ACC","receiving","YPR","-0.5"
"2025","5154304","Caleb Williams","RB","Pittsburgh","ACC","rushing","CAR","7"
"2025","5154304","Caleb Williams","RB","Pittsburgh","ACC","rushing","LONG","4"
"2025","5154304","Caleb Williams","RB","Pittsburgh","ACC","rushing","TD","0"
"2025","5154304","Caleb Williams","RB","Pittsburgh","ACC","rushing","YDS","10"
"2025","5154304","Caleb Williams","RB","Pittsburgh","ACC","rushing","YPC","1.4"
"2025","5154305","Cruce Brookins","DB","Pittsburgh","ACC","defensive","PD","2"
"2025","5154305","Cruce Brookins","DB","Pittsburgh","ACC","defensive","QB HUR","0"
"2025","5154305","Cruce Brookins","DB","Pittsburgh","ACC","defensive","SACKS","0"
"2025","5154305","Cruce Brookins","DB","Pittsburgh","ACC","defensive","SOLO","28"
"2025","5154305","Cruce Brookins","DB","Pittsburgh","ACC","defensive","TD","0"
"2025","5154305","Cruce Brookins","DB","Pittsburgh","ACC","defensive","TFL","1"
"2025","5154305","Cruce Brookins","DB","Pittsburgh","ACC","defensive","TOT","53"
"2025","5154305","Cruce Brookins","DB","Pittsburgh","ACC","interceptions","AVG","9.5"
"2025","5154305","Cruce Brookins","DB","Pittsburgh","ACC","interceptions","INT","2"
"2025","5154305","Cruce Brookins","DB","Pittsburgh","ACC","interceptions","TD","0"
"2025","5154305","Cruce Brookins","DB","Pittsburgh","ACC","interceptions","YDS","19"
"2025","5154308","Adam Howanitz","TE","Pittsburgh","ACC","defensive","PD","1"
"2025","5154308","Adam Howanitz","TE","Pittsburgh","ACC","defensive","QB HUR","0"
"2025","5154308","Adam Howanitz","TE","Pittsburgh","ACC","defensive","SACKS","0"
"2025","5154308","Adam Howanitz","TE","Pittsburgh","ACC","defensive","SOLO","0"
"2025","5154308","Adam Howanitz","TE","Pittsburgh","ACC","defensive","TD","0"
"2025","5154308","Adam Howanitz","TE","Pittsburgh","ACC","defensive","TFL","0"
"2025","5154308","Adam Howanitz","TE","Pittsburgh","ACC","defensive","TOT","0"
"2025","5154317","Samuel Carpenter","PK","Pittsburgh","ACC","defensive","PD","0"
"2025","5154317","Samuel Carpenter","PK","Pittsburgh","ACC","defensive","QB HUR","0"
"2025","5154317","Samuel Carpenter","PK","Pittsburgh","ACC","defensive","SACKS","0"
"2025","5154317","Samuel Carpenter","PK","Pittsburgh","ACC","defensive","SOLO","0"
"2025","5154317","Samuel Carpenter","PK","Pittsburgh","ACC","defensive","TD","0"
"2025","5154317","Samuel Carpenter","PK","Pittsburgh","ACC","defensive","TFL","0"
"2025","5154317","Samuel Carpenter","PK","Pittsburgh","ACC","defensive","TOT","1"
"2025","5154317","Samuel Carpenter","PK","Pittsburgh","ACC","kicking","FGA","3"
"2025","5154317","Samuel Carpenter","PK","Pittsburgh","ACC","kicking","FGM","1"
"2025","5154317","Samuel Carpenter","PK","Pittsburgh","ACC","kicking","LONG","24"
"2025","5154317","Samuel Carpenter","PK","Pittsburgh","ACC","kicking","PCT","0.333"
"2025","5154317","Samuel Carpenter","PK","Pittsburgh","ACC","kicking","PTS","9"
"2025","5154317","Samuel Carpenter","PK","Pittsburgh","ACC","kicking","XPA","6"
"2025","5154317","Samuel Carpenter","PK","Pittsburgh","ACC","kicking","XPM","6"
"2025","5154413","Isaiah Spencer","WR","Virginia Tech","ACC","kickReturns","AVG","14.5"
"2025","5154413","Isaiah Spencer","WR","Virginia Tech","ACC","kickReturns","LONG","17"
"2025","5154413","Isaiah Spencer","WR","Virginia Tech","ACC","kickReturns","NO","2"
"2025","5154413","Isaiah Spencer","WR","Virginia Tech","ACC","kickReturns","TD","0"
"2025","5154413","Isaiah Spencer","WR","Virginia Tech","ACC","kickReturns","YDS","29"
"2025","5154413","Isaiah Spencer","WR","Virginia Tech","ACC","puntReturns","AVG","7.3"
"2025","5154413","Isaiah Spencer","WR","Virginia Tech","ACC","puntReturns","LONG","14"
"2025","5154413","Isaiah Spencer","WR","Virginia Tech","ACC","puntReturns","NO","12"
"2025","5154413","Isaiah Spencer","WR","Virginia Tech","ACC","puntReturns","TD","0"
"2025","5154413","Isaiah Spencer","WR","Virginia Tech","ACC","puntReturns","YDS","88"
"2025","5154413","Isaiah Spencer","WR","Virginia Tech","ACC","receiving","LONG","38"
"2025","5154413","Isaiah Spencer","WR","Virginia Tech","ACC","receiving","REC","14"
"2025","5154413","Isaiah Spencer","WR","Virginia Tech","ACC","receiving","TD","0"
"2025","5154413","Isaiah Spencer","WR","Virginia Tech","ACC","receiving","YDS","194"
"2025","5154413","Isaiah Spencer","WR","Virginia Tech","ACC","receiving","YPR","13.9"
"2025","5154413","Isaiah Spencer","WR","Virginia Tech","ACC","rushing","CAR","1"
"2025","5154413","Isaiah Spencer","WR","Virginia Tech","ACC","rushing","LONG","3"
"2025","5154413","Isaiah Spencer","WR","Virginia Tech","ACC","rushing","TD","0"
"2025","5154413","Isaiah Spencer","WR","Virginia Tech","ACC","rushing","YDS","3"
"2025","5154413","Isaiah Spencer","WR","Virginia Tech","ACC","rushing","YPC","3.0"
"2025","5154535","Ja'Son Prevard","DB","Virginia","ACC","defensive","PD","5"
"2025","5154535","Ja'Son Prevard","DB","Virginia","ACC","defensive","QB HUR","1"
"2025","5154535","Ja'Son Prevard","DB","Virginia","ACC","defensive","SACKS","0"
"2025","5154535","Ja'Son Prevard","DB","Virginia","ACC","defensive","SOLO","11"
"2025","5154535","Ja'Son Prevard","DB","Virginia","ACC","defensive","TD","0"
"2025","5154535","Ja'Son Prevard","DB","Virginia","ACC","defensive","TFL","1.0"
"2025","5154535","Ja'Son Prevard","DB","Virginia","ACC","defensive","TOT","24"
"2025","5154535","Ja'Son Prevard","DB","Virginia","ACC","interceptions","AVG","6.0"
"2025","5154535","Ja'Son Prevard","DB","Virginia","ACC","interceptions","INT","3"
"2025","5154535","Ja'Son Prevard","DB","Virginia","ACC","interceptions","TD","0"
"2025","5154535","Ja'Son Prevard","DB","Virginia","ACC","interceptions","YDS","18"
"2025","5155011","Jaylen Moses","S","SMU","ACC","defensive","PD","0"
"2025","5155011","Jaylen Moses","S","SMU","ACC","defensive","QB HUR","0"
"2025","5155011","Jaylen Moses","S","SMU","ACC","defensive","SACKS","0"
"2025","5155011","Jaylen Moses","S","SMU","ACC","defensive","SOLO","10"
"2025","5155011","Jaylen Moses","S","SMU","ACC","defensive","TD","0"
"2025","5155011","Jaylen Moses","S","SMU","ACC","defensive","TFL","0"
"2025","5155011","Jaylen Moses","S","SMU","ACC","defensive","TOT","13"
"2025","5155073","David Omopariola","LB","Syracuse","ACC","defensive","PD","0"
"2025","5155073","David Omopariola","LB","Syracuse","ACC","defensive","QB HUR","2"
"2025","5155073","David Omopariola","LB","Syracuse","ACC","defensive","SACKS","0"
"2025","5155073","David Omopariola","LB","Syracuse","ACC","defensive","SOLO","24"
"2025","5155073","David Omopariola","LB","Syracuse","ACC","defensive","TD","0"
"2025","5155073","David Omopariola","LB","Syracuse","ACC","defensive","TFL","8"
"2025","5155073","David Omopariola","LB","Syracuse","ACC","defensive","TOT","34"
"2025","5155076","Berry Buxton III","DB","Syracuse","ACC","defensive","PD","1"
"2025","5155076","Berry Buxton III","DB","Syracuse","ACC","defensive","QB HUR","0"
"2025","5155076","Berry Buxton III","DB","Syracuse","ACC","defensive","SACKS","0"
"2025","5155076","Berry Buxton III","DB","Syracuse","ACC","defensive","SOLO","14"
"2025","5155076","Berry Buxton III","DB","Syracuse","ACC","defensive","TD","0"
"2025","5155076","Berry Buxton III","DB","Syracuse","ACC","defensive","TFL","0"
"2025","5155076","Berry Buxton III","DB","Syracuse","ACC","defensive","TOT","19"
"2025","5155116","Fran Brown Jr.","LS","Syracuse","ACC","kickReturns","AVG","20.0"
"2025","5155116","Fran Brown Jr.","LS","Syracuse","ACC","kickReturns","LONG","20"
"2025","5155116","Fran Brown Jr.","LS","Syracuse","ACC","kickReturns","NO","1"
"2025","5155116","Fran Brown Jr.","LS","Syracuse","ACC","kickReturns","TD","0"
"2025","5155116","Fran Brown Jr.","LS","Syracuse","ACC","kickReturns","YDS","20"
"2025","5155173","Kevin Wynn","DL","Florida State","ACC","defensive","PD","1"
"2025","5155173","Kevin Wynn","DL","Florida State","ACC","defensive","QB HUR","0"
"2025","5155173","Kevin Wynn","DL","Florida State","ACC","defensive","SACKS","0"
"2025","5155173","Kevin Wynn","DL","Florida State","ACC","defensive","SOLO","0"
"2025","5155173","Kevin Wynn","DL","Florida State","ACC","defensive","TD","0"
"2025","5155173","Kevin Wynn","DL","Florida State","ACC","defensive","TFL","0"
"2025","5155173","Kevin Wynn","DL","Florida State","ACC","defensive","TOT","1"
"2025","5155179","Jacob De Jesus","WR","California","ACC","defensive","PD","0"
"2025","5155179","Jacob De Jesus","WR","California","ACC","defensive","QB HUR","0"
"2025","5155179","Jacob De Jesus","WR","California","ACC","defensive","SACKS","0"
"2025","5155179","Jacob De Jesus","WR","California","ACC","defensive","SOLO","1"
"2025","5155179","Jacob De Jesus","WR","California","ACC","defensive","TD","0"
"2025","5155179","Jacob De Jesus","WR","California","ACC","defensive","TFL","0"
"2025","5155179","Jacob De Jesus","WR","California","ACC","defensive","TOT","1"
"2025","5155179","Jacob De Jesus","WR","California","ACC","fumbles","FUM","5"
"2025","5155179","Jacob De Jesus","WR","California","ACC","fumbles","LOST","2"
"2025","5155179","Jacob De Jesus","WR","California","ACC","fumbles","REC","0"
"2025","5155179","Jacob De Jesus","WR","California","ACC","kickReturns","AVG","20.2"
"2025","5155179","Jacob De Jesus","WR","California","ACC","kickReturns","LONG","36"
"2025","5155179","Jacob De Jesus","WR","California","ACC","kickReturns","NO","18"
"2025","5155179","Jacob De Jesus","WR","California","ACC","kickReturns","TD","0"
"2025","5155179","Jacob De Jesus","WR","California","ACC","kickReturns","YDS","363"
"2025","5155179","Jacob De Jesus","WR","California","ACC","passing","ATT","2"
"2025","5155179","Jacob De Jesus","WR","California","ACC","passing","COMPLETIONS","1"
"2025","5155179","Jacob De Jesus","WR","California","ACC","passing","INT","0"
"2025","5155179","Jacob De Jesus","WR","California","ACC","passing","PCT","0.500"
"2025","5155179","Jacob De Jesus","WR","California","ACC","passing","TD","0"
"2025","5155179","Jacob De Jesus","WR","California","ACC","passing","YDS","27"
"2025","5155179","Jacob De Jesus","WR","California","ACC","passing","YPA","13.5"
"2025","5155179","Jacob De Jesus","WR","California","ACC","puntReturns","AVG","11.8"
"2025","5155179","Jacob De Jesus","WR","California","ACC","puntReturns","LONG","34"
"2025","5155179","Jacob De Jesus","WR","California","ACC","puntReturns","NO","22"
"2025","5155179","Jacob De Jesus","WR","California","ACC","puntReturns","TD","0"
"2025","5155179","Jacob De Jesus","WR","California","ACC","puntReturns","YDS","259"
"2025","5155179","Jacob De Jesus","WR","California","ACC","receiving","LONG","41"
"2025","5155179","Jacob De Jesus","WR","California","ACC","receiving","REC","107"
"2025","5155179","Jacob De Jesus","WR","California","ACC","receiving","TD","6"
"2025","5155179","Jacob De Jesus","WR","California","ACC","receiving","YDS","1022"
"2025","5155179","Jacob De Jesus","WR","California","ACC","receiving","YPR","9.6"
"2025","5155179","Jacob De Jesus","WR","California","ACC","rushing","CAR","7"
"2025","5155179","Jacob De Jesus","WR","California","ACC","rushing","LONG","8"
"2025","5155179","Jacob De Jesus","WR","California","ACC","rushing","TD","0"
"2025","5155179","Jacob De Jesus","WR","California","ACC","rushing","YDS","-1"
"2025","5155179","Jacob De Jesus","WR","California","ACC","rushing","YPC","-0.1"
"2025","5155366","Malachi Hosley","RB","Georgia Tech","ACC","receiving","LONG","35"
"2025","5155366","Malachi Hosley","RB","Georgia Tech","ACC","receiving","REC","14"
"2025","5155366","Malachi Hosley","RB","Georgia Tech","ACC","receiving","TD","0"
"2025","5155366","Malachi Hosley","RB","Georgia Tech","ACC","receiving","YDS","119"
"2025","5155366","Malachi Hosley","RB","Georgia Tech","ACC","receiving","YPR","8.5"
"2025","5155366","Malachi Hosley","RB","Georgia Tech","ACC","rushing","CAR","98"
"2025","5155366","Malachi Hosley","RB","Georgia Tech","ACC","rushing","LONG","55"
"2025","5155366","Malachi Hosley","RB","Georgia Tech","ACC","rushing","TD","7"
"2025","5155366","Malachi Hosley","RB","Georgia Tech","ACC","rushing","YDS","697"
"2025","5155366","Malachi Hosley","RB","Georgia Tech","ACC","rushing","YPC","7.1"
"2025","5155744","Kelvin Hill","DB","Georgia Tech","ACC","defensive","PD","2"
"2025","5155744","Kelvin Hill","DB","Georgia Tech","ACC","defensive","QB HUR","0"
"2025","5155744","Kelvin Hill","DB","Georgia Tech","ACC","defensive","SACKS","0"
"2025","5155744","Kelvin Hill","DB","Georgia Tech","ACC","defensive","SOLO","14"
"2025","5155744","Kelvin Hill","DB","Georgia Tech","ACC","defensive","TD","0"
"2025","5155744","Kelvin Hill","DB","Georgia Tech","ACC","defensive","TFL","2.5"
"2025","5155744","Kelvin Hill","DB","Georgia Tech","ACC","defensive","TOT","21"
"2025","5155981","AJ Richardson","LB","NC State","ACC","defensive","PD","0"
"2025","5155981","AJ Richardson","LB","NC State","ACC","defensive","QB HUR","3"
"2025","5155981","AJ Richardson","LB","NC State","ACC","defensive","SACKS","0"
"2025","5155981","AJ Richardson","LB","NC State","ACC","defensive","SOLO","6"
"2025","5155981","AJ Richardson","LB","NC State","ACC","defensive","TD","0"
"2025","5155981","AJ Richardson","LB","NC State","ACC","defensive","TFL","0"
"2025","5155981","AJ Richardson","LB","NC State","ACC","defensive","TOT","12"
"2025","5156056","Caleb Hampton","RB","Stanford","ACC","kickReturns","AVG","17.0"
"2025","5156056","Caleb Hampton","RB","Stanford","ACC","kickReturns","LONG","17"
"2025","5156056","Caleb Hampton","RB","Stanford","ACC","kickReturns","NO","1"
"2025","5156056","Caleb Hampton","RB","Stanford","ACC","kickReturns","TD","0"
"2025","5156056","Caleb Hampton","RB","Stanford","ACC","kickReturns","YDS","17"
"2025","5156056","Caleb Hampton","RB","Stanford","ACC","receiving","LONG","12"
"2025","5156056","Caleb Hampton","RB","Stanford","ACC","receiving","REC","1"
"2025","5156056","Caleb Hampton","RB","Stanford","ACC","receiving","TD","0"
"2025","5156056","Caleb Hampton","RB","Stanford","ACC","receiving","YDS","12"
"2025","5156056","Caleb Hampton","RB","Stanford","ACC","receiving","YPR","12.0"
"2025","5156056","Caleb Hampton","RB","Stanford","ACC","rushing","CAR","11"
"2025","5156056","Caleb Hampton","RB","Stanford","ACC","rushing","LONG","8"
"2025","5156056","Caleb Hampton","RB","Stanford","ACC","rushing","TD","0"
"2025","5156056","Caleb Hampton","RB","Stanford","ACC","rushing","YDS","29"
"2025","5156056","Caleb Hampton","RB","Stanford","ACC","rushing","YPC","2.6"
"2025","5156057","Myles Libman","WR","Stanford","ACC","defensive","PD","0"
"2025","5156057","Myles Libman","WR","Stanford","ACC","defensive","QB HUR","0"
"2025","5156057","Myles Libman","WR","Stanford","ACC","defensive","SACKS","0"
"2025","5156057","Myles Libman","WR","Stanford","ACC","defensive","SOLO","0"
"2025","5156057","Myles Libman","WR","Stanford","ACC","defensive","TD","0"
"2025","5156057","Myles Libman","WR","Stanford","ACC","defensive","TFL","0"
"2025","5156057","Myles Libman","WR","Stanford","ACC","defensive","TOT","1"
"2025","5156057","Myles Libman","WR","Stanford","ACC","receiving","LONG","20"
"2025","5156057","Myles Libman","WR","Stanford","ACC","receiving","REC","7"
"2025","5156057","Myles Libman","WR","Stanford","ACC","receiving","TD","1"
"2025","5156057","Myles Libman","WR","Stanford","ACC","receiving","YDS","84"
"2025","5156057","Myles Libman","WR","Stanford","ACC","receiving","YPR","12.0"
"2025","5156116","Juju Preston","WR","Clemson","ACC","puntReturns","AVG","10.0"
"2025","5156116","Juju Preston","WR","Clemson","ACC","puntReturns","LONG","10"
"2025","5156116","Juju Preston","WR","Clemson","ACC","puntReturns","NO","1"
"2025","5156116","Juju Preston","WR","Clemson","ACC","puntReturns","TD","0"
"2025","5156116","Juju Preston","WR","Clemson","ACC","puntReturns","YDS","10"
"2025","5156116","Juju Preston","WR","Clemson","ACC","receiving","LONG","4"
"2025","5156116","Juju Preston","WR","Clemson","ACC","receiving","REC","1"
"2025","5156116","Juju Preston","WR","Clemson","ACC","receiving","TD","0"
"2025","5156116","Juju Preston","WR","Clemson","ACC","receiving","YDS","4"
"2025","5156116","Juju Preston","WR","Clemson","ACC","receiving","YPR","4.0"
"2025","5156160","Trevor Sommers","DL","Pittsburgh","ACC","defensive","PD","0"
"2025","5156160","Trevor Sommers","DL","Pittsburgh","ACC","defensive","QB HUR","0"
"2025","5156160","Trevor Sommers","DL","Pittsburgh","ACC","defensive","SACKS","0"
"2025","5156160","Trevor Sommers","DL","Pittsburgh","ACC","defensive","SOLO","0"
"2025","5156160","Trevor Sommers","DL","Pittsburgh","ACC","defensive","TD","0"
"2025","5156160","Trevor Sommers","DL","Pittsburgh","ACC","defensive","TFL","0"
"2025","5156160","Trevor Sommers","DL","Pittsburgh","ACC","defensive","TOT","1"
"2025","5156385","Jewett Hayes","DE","Virginia","ACC","defensive","PD","0"
"2025","5156385","Jewett Hayes","DE","Virginia","ACC","defensive","QB HUR","1"
"2025","5156385","Jewett Hayes","DE","Virginia","ACC","defensive","SACKS","0"
"2025","5156385","Jewett Hayes","DE","Virginia","ACC","defensive","SOLO","0"
"2025","5156385","Jewett Hayes","DE","Virginia","ACC","defensive","TD","0"
"2025","5156385","Jewett Hayes","DE","Virginia","ACC","defensive","TFL","0"
"2025","5156385","Jewett Hayes","DE","Virginia","ACC","defensive","TOT","1"
"2025","5156440","Jamarice Wilder","RB","Louisville","ACC","rushing","CAR","4"
"2025","5156440","Jamarice Wilder","RB","Louisville","ACC","rushing","LONG","7"
"2025","5156440","Jamarice Wilder","RB","Louisville","ACC","rushing","TD","0"
"2025","5156440","Jamarice Wilder","RB","Louisville","ACC","rushing","YDS","15"
"2025","5156440","Jamarice Wilder","RB","Louisville","ACC","rushing","YPC","3.8"
"2025","5156998","CharMar Brown","RB","Miami","ACC","defensive","PD","0"
"2025","5156998","CharMar Brown","RB","Miami","ACC","defensive","QB HUR","0"
"2025","5156998","CharMar Brown","RB","Miami","ACC","defensive","SACKS","0"
"2025","5156998","CharMar Brown","RB","Miami","ACC","defensive","SOLO","1"
"2025","5156998","CharMar Brown","RB","Miami","ACC","defensive","TD","0"
"2025","5156998","CharMar Brown","RB","Miami","ACC","defensive","TFL","0"
"2025","5156998","CharMar Brown","RB","Miami","ACC","defensive","TOT","1"
"2025","5156998","CharMar Brown","RB","Miami","ACC","fumbles","FUM","1"
"2025","5156998","CharMar Brown","RB","Miami","ACC","fumbles","LOST","1"
"2025","5156998","CharMar Brown","RB","Miami","ACC","fumbles","REC","0"
"2025","5156998","CharMar Brown","RB","Miami","ACC","receiving","LONG","22"
"2025","5156998","CharMar Brown","RB","Miami","ACC","receiving","REC","20"
"2025","5156998","CharMar Brown","RB","Miami","ACC","receiving","TD","2"
"2025","5156998","CharMar Brown","RB","Miami","ACC","receiving","YDS","138"
"2025","5156998","CharMar Brown","RB","Miami","ACC","receiving","YPR","6.9"
"2025","5156998","CharMar Brown","RB","Miami","ACC","rushing","CAR","122"
"2025","5156998","CharMar Brown","RB","Miami","ACC","rushing","LONG","13"
"2025","5156998","CharMar Brown","RB","Miami","ACC","rushing","TD","7"
"2025","5156998","CharMar Brown","RB","Miami","ACC","rushing","YDS","460"
"2025","5156998","CharMar Brown","RB","Miami","ACC","rushing","YPC","3.8"
"2025","5157579","Onye Nwosisi","DL","Boston College","ACC","defensive","PD","0"
"2025","5157579","Onye Nwosisi","DL","Boston College","ACC","defensive","QB HUR","0"
"2025","5157579","Onye Nwosisi","DL","Boston College","ACC","defensive","SACKS","0"
"2025","5157579","Onye Nwosisi","DL","Boston College","ACC","defensive","SOLO","2"
"2025","5157579","Onye Nwosisi","DL","Boston College","ACC","defensive","TD","0"
"2025","5157579","Onye Nwosisi","DL","Boston College","ACC","defensive","TFL","0"
"2025","5157579","Onye Nwosisi","DL","Boston College","ACC","defensive","TOT","6"
"2025","5159175","Malachi Toney","WR","Miami","ACC","defensive","PD","0"
"2025","5159175","Malachi Toney","WR","Miami","ACC","defensive","QB HUR","0"
"2025","5159175","Malachi Toney","WR","Miami","ACC","defensive","SACKS","0"
"2025","5159175","Malachi Toney","WR","Miami","ACC","defensive","SOLO","1"
"2025","5159175","Malachi Toney","WR","Miami","ACC","defensive","TD","0"
"2025","5159175","Malachi Toney","WR","Miami","ACC","defensive","TFL","0"
"2025","5159175","Malachi Toney","WR","Miami","ACC","defensive","TOT","1"
"2025","5159175","Malachi Toney","WR","Miami","ACC","fumbles","FUM","3"
"2025","5159175","Malachi Toney","WR","Miami","ACC","fumbles","LOST","1"
"2025","5159175","Malachi Toney","WR","Miami","ACC","fumbles","REC","0"
"2025","5159175","Malachi Toney","WR","Miami","ACC","passing","ATT","7"
"2025","5159175","Malachi Toney","WR","Miami","ACC","passing","COMPLETIONS","4"
"2025","5159175","Malachi Toney","WR","Miami","ACC","passing","INT","0"
"2025","5159175","Malachi Toney","WR","Miami","ACC","passing","PCT","0.571"
"2025","5159175","Malachi Toney","WR","Miami","ACC","passing","TD","2"
"2025","5159175","Malachi Toney","WR","Miami","ACC","passing","YDS","82"
"2025","5159175","Malachi Toney","WR","Miami","ACC","passing","YPA","11.7"
"2025","5159175","Malachi Toney","WR","Miami","ACC","puntReturns","AVG","13.0"
"2025","5159175","Malachi Toney","WR","Miami","ACC","puntReturns","LONG","55"
"2025","5159175","Malachi Toney","WR","Miami","ACC","puntReturns","NO","23"
"2025","5159175","Malachi Toney","WR","Miami","ACC","puntReturns","TD","0"
"2025","5159175","Malachi Toney","WR","Miami","ACC","puntReturns","YDS","298"
"2025","5159175","Malachi Toney","WR","Miami","ACC","receiving","LONG","61"
"2025","5159175","Malachi Toney","WR","Miami","ACC","receiving","REC","109"
"2025","5159175","Malachi Toney","WR","Miami","ACC","receiving","TD","10"
"2025","5159175","Malachi Toney","WR","Miami","ACC","receiving","YDS","1211"
"2025","5159175","Malachi Toney","WR","Miami","ACC","receiving","YPR","11.1"
"2025","5159175","Malachi Toney","WR","Miami","ACC","rushing","CAR","23"
"2025","5159175","Malachi Toney","WR","Miami","ACC","rushing","LONG","13"
"2025","5159175","Malachi Toney","WR","Miami","ACC","rushing","TD","1"
"2025","5159175","Malachi Toney","WR","Miami","ACC","rushing","YDS","113"
"2025","5159175","Malachi Toney","WR","Miami","ACC","rushing","YPC","4.9"
"2025","5159453","Darius Johnson","RB","NC State","ACC","defensive","PD","0"
"2025","5159453","Darius Johnson","RB","NC State","ACC","defensive","QB HUR","0"
"2025","5159453","Darius Johnson","RB","NC State","ACC","defensive","SACKS","0"
"2025","5159453","Darius Johnson","RB","NC State","ACC","defensive","SOLO","1"
"2025","5159453","Darius Johnson","RB","NC State","ACC","defensive","TD","0"
"2025","5159453","Darius Johnson","RB","NC State","ACC","defensive","TFL","0"
"2025","5159453","Darius Johnson","RB","NC State","ACC","defensive","TOT","3"
"2025","5159453","Darius Johnson","RB","NC State","ACC","rushing","CAR","3"
"2025","5159453","Darius Johnson","RB","NC State","ACC","rushing","LONG","7"
"2025","5159453","Darius Johnson","RB","NC State","ACC","rushing","TD","0"
"2025","5159453","Darius Johnson","RB","NC State","ACC","rushing","YDS","10"
"2025","5159453","Darius Johnson","RB","NC State","ACC","rushing","YPC","3.3"
"2025","5159481","Dominic Deluca","TE","Wake Forest","ACC","receiving","LONG","7"
"2025","5159481","Dominic Deluca","TE","Wake Forest","ACC","receiving","REC","1"
"2025","5159481","Dominic Deluca","TE","Wake Forest","ACC","receiving","TD","0"
"2025","5159481","Dominic Deluca","TE","Wake Forest","ACC","receiving","YDS","7"
"2025","5159481","Dominic Deluca","TE","Wake Forest","ACC","receiving","YPR","7.0"
"2025","5159497","James Williams","DL","Florida State","ACC","defensive","PD","0"
"2025","5159497","James Williams","DL","Florida State","ACC","defensive","QB HUR","5"
"2025","5159497","James Williams","DL","Florida State","ACC","defensive","SACKS","1.5"
"2025","5159497","James Williams","DL","Florida State","ACC","defensive","SOLO","4"
"2025","5159497","James Williams","DL","Florida State","ACC","defensive","TD","0"
"2025","5159497","James Williams","DL","Florida State","ACC","defensive","TFL","3.0"
"2025","5159497","James Williams","DL","Florida State","ACC","defensive","TOT","19"
"2025","5159876","Myles Forristall","LB","Georgia Tech","ACC","defensive","PD","0"
"2025","5159876","Myles Forristall","LB","Georgia Tech","ACC","defensive","QB HUR","0"
"2025","5159876","Myles Forristall","LB","Georgia Tech","ACC","defensive","SACKS","0"
"2025","5159876","Myles Forristall","LB","Georgia Tech","ACC","defensive","SOLO","1"
"2025","5159876","Myles Forristall","LB","Georgia Tech","ACC","defensive","TD","0"
"2025","5159876","Myles Forristall","LB","Georgia Tech","ACC","defensive","TFL","0"
"2025","5159876","Myles Forristall","LB","Georgia Tech","ACC","defensive","TOT","1"
"2025","5159878","Will Kiker","DB","Georgia Tech","ACC","defensive","PD","0"
"2025","5159878","Will Kiker","DB","Georgia Tech","ACC","defensive","QB HUR","0"
"2025","5159878","Will Kiker","DB","Georgia Tech","ACC","defensive","SACKS","0"
"2025","5159878","Will Kiker","DB","Georgia Tech","ACC","defensive","SOLO","3"
"2025","5159878","Will Kiker","DB","Georgia Tech","ACC","defensive","TD","0"
"2025","5159878","Will Kiker","DB","Georgia Tech","ACC","defensive","TFL","0"
"2025","5159878","Will Kiker","DB","Georgia Tech","ACC","defensive","TOT","7"
"2025","5159878","Will Kiker","DB","Georgia Tech","ACC","fumbles","FUM","0"
"2025","5159878","Will Kiker","DB","Georgia Tech","ACC","fumbles","LOST","0"
"2025","5159878","Will Kiker","DB","Georgia Tech","ACC","fumbles","REC","1"
"2025","5159878","Will Kiker","DB","Georgia Tech","ACC","receiving","LONG","5"
"2025","5159878","Will Kiker","DB","Georgia Tech","ACC","receiving","REC","1"
"2025","5159878","Will Kiker","DB","Georgia Tech","ACC","receiving","TD","0"
"2025","5159878","Will Kiker","DB","Georgia Tech","ACC","receiving","YDS","5"
"2025","5159878","Will Kiker","DB","Georgia Tech","ACC","receiving","YPR","5.0"
"2025","5159884","Chuma Okoye","LB","Georgia Tech","ACC","defensive","PD","0"
"2025","5159884","Chuma Okoye","LB","Georgia Tech","ACC","defensive","QB HUR","0"
"2025","5159884","Chuma Okoye","LB","Georgia Tech","ACC","defensive","SACKS","0"
"2025","5159884","Chuma Okoye","LB","Georgia Tech","ACC","defensive","SOLO","0"
"2025","5159884","Chuma Okoye","LB","Georgia Tech","ACC","defensive","TD","0"
"2025","5159884","Chuma Okoye","LB","Georgia Tech","ACC","defensive","TFL","0"
"2025","5159884","Chuma Okoye","LB","Georgia Tech","ACC","defensive","TOT","1"
"2025","5159888","Chris Elko","WR","Georgia Tech","ACC","defensive","PD","0"
"2025","5159888","Chris Elko","WR","Georgia Tech","ACC","defensive","QB HUR","0"
"2025","5159888","Chris Elko","WR","Georgia Tech","ACC","defensive","SACKS","0"
"2025","5159888","Chris Elko","WR","Georgia Tech","ACC","defensive","SOLO","3"
"2025","5159888","Chris Elko","WR","Georgia Tech","ACC","defensive","TD","0"
"2025","5159888","Chris Elko","WR","Georgia Tech","ACC","defensive","TFL","0"
"2025","5159888","Chris Elko","WR","Georgia Tech","ACC","defensive","TOT","5"
"2025","5159944","Kris Hughes","WR","Louisville","ACC","defensive","PD","0"
"2025","5159944","Kris Hughes","WR","Louisville","ACC","defensive","QB HUR","0"
"2025","5159944","Kris Hughes","WR","Louisville","ACC","defensive","SACKS","0"
"2025","5159944","Kris Hughes","WR","Louisville","ACC","defensive","SOLO","1"
"2025","5159944","Kris Hughes","WR","Louisville","ACC","defensive","TD","0"
"2025","5159944","Kris Hughes","WR","Louisville","ACC","defensive","TFL","0"
"2025","5159944","Kris Hughes","WR","Louisville","ACC","defensive","TOT","2"
"2025","5159944","Kris Hughes","WR","Louisville","ACC","receiving","LONG","33"
"2025","5159944","Kris Hughes","WR","Louisville","ACC","receiving","REC","8"
"2025","5159944","Kris Hughes","WR","Louisville","ACC","receiving","TD","1"
"2025","5159944","Kris Hughes","WR","Louisville","ACC","receiving","YDS","109"
"2025","5159944","Kris Hughes","WR","Louisville","ACC","receiving","YPR","13.6"
"2025","5159945","Jaxon Panariello","LB","Louisville","ACC","defensive","PD","0"
"2025","5159945","Jaxon Panariello","LB","Louisville","ACC","defensive","QB HUR","0"
"2025","5159945","Jaxon Panariello","LB","Louisville","ACC","defensive","SACKS","0"
"2025","5159945","Jaxon Panariello","LB","Louisville","ACC","defensive","SOLO","1"
"2025","5159945","Jaxon Panariello","LB","Louisville","ACC","defensive","TD","0"
"2025","5159945","Jaxon Panariello","LB","Louisville","ACC","defensive","TFL","0"
"2025","5159945","Jaxon Panariello","LB","Louisville","ACC","defensive","TOT","2"
"2025","5159948","Chris Johnson Jr.","RB","SMU","ACC","fumbles","FUM","1"
"2025","5159948","Chris Johnson Jr.","RB","SMU","ACC","fumbles","LOST","0"
"2025","5159948","Chris Johnson Jr.","RB","SMU","ACC","fumbles","REC","0"
"2025","5159948","Chris Johnson Jr.","RB","SMU","ACC","kickReturns","AVG","16.0"
"2025","5159948","Chris Johnson Jr.","RB","SMU","ACC","kickReturns","LONG","21"
"2025","5159948","Chris Johnson Jr.","RB","SMU","ACC","kickReturns","NO","4"
"2025","5159948","Chris Johnson Jr.","RB","SMU","ACC","kickReturns","TD","0"
"2025","5159948","Chris Johnson Jr.","RB","SMU","ACC","kickReturns","YDS","64"
"2025","5159948","Chris Johnson Jr.","RB","SMU","ACC","receiving","LONG","42"
"2025","5159948","Chris Johnson Jr.","RB","SMU","ACC","receiving","REC","17"
"2025","5159948","Chris Johnson Jr.","RB","SMU","ACC","receiving","TD","1"
"2025","5159948","Chris Johnson Jr.","RB","SMU","ACC","receiving","YDS","180"
"2025","5159948","Chris Johnson Jr.","RB","SMU","ACC","receiving","YPR","10.6"
"2025","5159948","Chris Johnson Jr.","RB","SMU","ACC","rushing","CAR","67"
"2025","5159948","Chris Johnson Jr.","RB","SMU","ACC","rushing","LONG","87"
"2025","5159948","Chris Johnson Jr.","RB","SMU","ACC","rushing","TD","4"
"2025","5159948","Chris Johnson Jr.","RB","SMU","ACC","rushing","YDS","479"
"2025","5159948","Chris Johnson Jr.","RB","SMU","ACC","rushing","YPC","7.1"
"2025","5160397","Tyson Ruffins","OL","California","ACC","fumbles","FUM","0"
"2025","5160397","Tyson Ruffins","OL","California","ACC","fumbles","LOST","0"
"2025","5160397","Tyson Ruffins","OL","California","ACC","fumbles","REC","1"
"2025","5160640","Anthony Ferrucci","RB","Boston College","ACC","rushing","CAR","4"
"2025","5160640","Anthony Ferrucci","RB","Boston College","ACC","rushing","LONG","5"
"2025","5160640","Anthony Ferrucci","RB","Boston College","ACC","rushing","TD","0"
"2025","5160640","Anthony Ferrucci","RB","Boston College","ACC","rushing","YDS","14"
"2025","5160640","Anthony Ferrucci","RB","Boston College","ACC","rushing","YPC","3.5"
"2025","5161137","Dean-Taylor Chapman","RB","California","ACC","rushing","CAR","1"
"2025","5161137","Dean-Taylor Chapman","RB","California","ACC","rushing","LONG","5"
"2025","5161137","Dean-Taylor Chapman","RB","California","ACC","rushing","TD","0"
"2025","5161137","Dean-Taylor Chapman","RB","California","ACC","rushing","YDS","5"
"2025","5161137","Dean-Taylor Chapman","RB","California","ACC","rushing","YPC","5.0"
"2025","5161140","Ryan McCulloch","LB","California","ACC","defensive","PD","1"
"2025","5161140","Ryan McCulloch","LB","California","ACC","defensive","QB HUR","4"
"2025","5161140","Ryan McCulloch","LB","California","ACC","defensive","SACKS","1.5"
"2025","5161140","Ryan McCulloch","LB","California","ACC","defensive","SOLO","6"
"2025","5161140","Ryan McCulloch","LB","California","ACC","defensive","TD","0"
"2025","5161140","Ryan McCulloch","LB","California","ACC","defensive","TFL","2.5"
"2025","5161140","Ryan McCulloch","LB","California","ACC","defensive","TOT","11"
"2025","5161140","Ryan McCulloch","LB","California","ACC","fumbles","FUM","0"
"2025","5161140","Ryan McCulloch","LB","California","ACC","fumbles","LOST","0"
"2025","5161140","Ryan McCulloch","LB","California","ACC","fumbles","REC","1"
"2025","5161630","Reggie Love II","DB","North Carolina","ACC","defensive","PD","1"
"2025","5161630","Reggie Love II","DB","North Carolina","ACC","defensive","QB HUR","0"
"2025","5161630","Reggie Love II","DB","North Carolina","ACC","defensive","SACKS","0"
"2025","5161630","Reggie Love II","DB","North Carolina","ACC","defensive","SOLO","0"
"2025","5161630","Reggie Love II","DB","North Carolina","ACC","defensive","TD","0"
"2025","5161630","Reggie Love II","DB","North Carolina","ACC","defensive","TFL","0"
"2025","5161630","Reggie Love II","DB","North Carolina","ACC","defensive","TOT","0"
"2025","5161638","Tyler Chandler","RB","Syracuse","ACC","rushing","CAR","1"
"2025","5161638","Tyler Chandler","RB","Syracuse","ACC","rushing","LONG","5"
"2025","5161638","Tyler Chandler","RB","Syracuse","ACC","rushing","TD","0"
"2025","5161638","Tyler Chandler","RB","Syracuse","ACC","rushing","YDS","5"
"2025","5161638","Tyler Chandler","RB","Syracuse","ACC","rushing","YPC","5.0"
"2025","5161644","Brody Jones","LB","Virginia Tech","ACC","defensive","PD","0"
"2025","5161644","Brody Jones","LB","Virginia Tech","ACC","defensive","QB HUR","0"
"2025","5161644","Brody Jones","LB","Virginia Tech","ACC","defensive","SACKS","0"
"2025","5161644","Brody Jones","LB","Virginia Tech","ACC","defensive","SOLO","1"
"2025","5161644","Brody Jones","LB","Virginia Tech","ACC","defensive","TD","0"
"2025","5161644","Brody Jones","LB","Virginia Tech","ACC","defensive","TFL","0"
"2025","5161644","Brody Jones","LB","Virginia Tech","ACC","defensive","TOT","1"
"2025","5161652","Ja'Ricous Hairston","TE","Virginia Tech","ACC","receiving","LONG","33"
"2025","5161652","Ja'Ricous Hairston","TE","Virginia Tech","ACC","receiving","REC","12"
"2025","5161652","Ja'Ricous Hairston","TE","Virginia Tech","ACC","receiving","TD","3"
"2025","5161652","Ja'Ricous Hairston","TE","Virginia Tech","ACC","receiving","YDS","112"
"2025","5161652","Ja'Ricous Hairston","TE","Virginia Tech","ACC","receiving","YPR","9.3"
"2025","5161835","Jaylen McGill","RB","North Carolina","ACC","kickReturns","AVG","19.5"
"2025","5161835","Jaylen McGill","RB","North Carolina","ACC","kickReturns","LONG","32"
"2025","5161835","Jaylen McGill","RB","North Carolina","ACC","kickReturns","NO","8"
"2025","5161835","Jaylen McGill","RB","North Carolina","ACC","kickReturns","TD","0"
"2025","5161835","Jaylen McGill","RB","North Carolina","ACC","kickReturns","YDS","156"
"2025","5161835","Jaylen McGill","RB","North Carolina","ACC","receiving","LONG","15"
"2025","5161835","Jaylen McGill","RB","North Carolina","ACC","receiving","REC","7"
"2025","5161835","Jaylen McGill","RB","North Carolina","ACC","receiving","TD","0"
"2025","5161835","Jaylen McGill","RB","North Carolina","ACC","receiving","YDS","49"
"2025","5161835","Jaylen McGill","RB","North Carolina","ACC","receiving","YPR","7.0"
"2025","5161835","Jaylen McGill","RB","North Carolina","ACC","rushing","CAR","7"
"2025","5161835","Jaylen McGill","RB","North Carolina","ACC","rushing","LONG","7"
"2025","5161835","Jaylen McGill","RB","North Carolina","ACC","rushing","TD","0"
"2025","5161835","Jaylen McGill","RB","North Carolina","ACC","rushing","YDS","19"
"2025","5161835","Jaylen McGill","RB","North Carolina","ACC","rushing","YPC","2.7"
"2025","5164313","Jaron-Keawe Sagapolutele","QB","California","ACC","fumbles","FUM","2"
"2025","5164313","Jaron-Keawe Sagapolutele","QB","California","ACC","fumbles","LOST","0"
"2025","5164313","Jaron-Keawe Sagapolutele","QB","California","ACC","fumbles","REC","0"
"2025","5164313","Jaron-Keawe Sagapolutele","QB","California","ACC","passing","ATT","491"
"2025","5164313","Jaron-Keawe Sagapolutele","QB","California","ACC","passing","COMPLETIONS","315"
"2025","5164313","Jaron-Keawe Sagapolutele","QB","California","ACC","passing","INT","9"
"2025","5164313","Jaron-Keawe Sagapolutele","QB","California","ACC","passing","PCT","0.642"
"2025","5164313","Jaron-Keawe Sagapolutele","QB","California","ACC","passing","TD","18"
"2025","5164313","Jaron-Keawe Sagapolutele","QB","California","ACC","passing","YDS","3446"
"2025","5164313","Jaron-Keawe Sagapolutele","QB","California","ACC","passing","YPA","7.0"
"2025","5164313","Jaron-Keawe Sagapolutele","QB","California","ACC","rushing","CAR","60"
"2025","5164313","Jaron-Keawe Sagapolutele","QB","California","ACC","rushing","LONG","25"
"2025","5164313","Jaron-Keawe Sagapolutele","QB","California","ACC","rushing","TD","4"
"2025","5164313","Jaron-Keawe Sagapolutele","QB","California","ACC","rushing","YDS","-120"
"2025","5164313","Jaron-Keawe Sagapolutele","QB","California","ACC","rushing","YPC","-2.0"
"2025","5164317","Shaker Reisig","QB","Boston College","ACC","passing","ATT","19"
"2025","5164317","Shaker Reisig","QB","Boston College","ACC","passing","COMPLETIONS","10"
"2025","5164317","Shaker Reisig","QB","Boston College","ACC","passing","INT","2"
"2025","5164317","Shaker Reisig","QB","Boston College","ACC","passing","PCT","0.526"
"2025","5164317","Shaker Reisig","QB","Boston College","ACC","passing","TD","1"
"2025","5164317","Shaker Reisig","QB","Boston College","ACC","passing","YDS","141"
"2025","5164317","Shaker Reisig","QB","Boston College","ACC","passing","YPA","7.4"
"2025","5164317","Shaker Reisig","QB","Boston College","ACC","rushing","CAR","7"
"2025","5164317","Shaker Reisig","QB","Boston College","ACC","rushing","LONG","8"
"2025","5164317","Shaker Reisig","QB","Boston College","ACC","rushing","TD","0"
"2025","5164317","Shaker Reisig","QB","Boston College","ACC","rushing","YDS","1"
"2025","5164317","Shaker Reisig","QB","Boston College","ACC","rushing","YPC","0.1"
"2025","5164327","Anthony League","RB","California","ACC","defensive","PD","0"
"2025","5164327","Anthony League","RB","California","ACC","defensive","QB HUR","0"
"2025","5164327","Anthony League","RB","California","ACC","defensive","SACKS","0"
"2025","5164327","Anthony League","RB","California","ACC","defensive","SOLO","0"
"2025","5164327","Anthony League","RB","California","ACC","defensive","TD","0"
"2025","5164327","Anthony League","RB","California","ACC","defensive","TFL","0"
"2025","5164327","Anthony League","RB","California","ACC","defensive","TOT","1"
"2025","5164327","Anthony League","RB","California","ACC","receiving","LONG","7"
"2025","5164327","Anthony League","RB","California","ACC","receiving","REC","2"
"2025","5164327","Anthony League","RB","California","ACC","receiving","TD","0"
"2025","5164327","Anthony League","RB","California","ACC","receiving","YDS","11"
"2025","5164327","Anthony League","RB","California","ACC","receiving","YPR","5.5"
"2025","5164327","Anthony League","RB","California","ACC","rushing","CAR","11"
"2025","5164327","Anthony League","RB","California","ACC","rushing","LONG","8"
"2025","5164327","Anthony League","RB","California","ACC","rushing","TD","1"
"2025","5164327","Anthony League","RB","California","ACC","rushing","YDS","38"
"2025","5164327","Anthony League","RB","California","ACC","rushing","YPC","3.5"
"2025","5164331","Girard Pringle Jr.","RB","Miami","ACC","receiving","LONG","19"
"2025","5164331","Girard Pringle Jr.","RB","Miami","ACC","receiving","REC","4"
"2025","5164331","Girard Pringle Jr.","RB","Miami","ACC","receiving","TD","1"
"2025","5164331","Girard Pringle Jr.","RB","Miami","ACC","receiving","YDS","53"
"2025","5164331","Girard Pringle Jr.","RB","Miami","ACC","receiving","YPR","13.3"
"2025","5164331","Girard Pringle Jr.","RB","Miami","ACC","rushing","CAR","62"
"2025","5164331","Girard Pringle Jr.","RB","Miami","ACC","rushing","LONG","38"
"2025","5164331","Girard Pringle Jr.","RB","Miami","ACC","rushing","TD","4"
"2025","5164331","Girard Pringle Jr.","RB","Miami","ACC","rushing","YDS","375"
"2025","5164331","Girard Pringle Jr.","RB","Miami","ACC","rushing","YPC","6.0"
"2025","5164332","Nate Sheppard","RB","Duke","ACC","defensive","PD","0"
"2025","5164332","Nate Sheppard","RB","Duke","ACC","defensive","QB HUR","0"
"2025","5164332","Nate Sheppard","RB","Duke","ACC","defensive","SACKS","0"
"2025","5164332","Nate Sheppard","RB","Duke","ACC","defensive","SOLO","2"
"2025","5164332","Nate Sheppard","RB","Duke","ACC","defensive","TD","0"
"2025","5164332","Nate Sheppard","RB","Duke","ACC","defensive","TFL","0"
"2025","5164332","Nate Sheppard","RB","Duke","ACC","defensive","TOT","2"
"2025","5164332","Nate Sheppard","RB","Duke","ACC","kickReturns","AVG","22.0"
"2025","5164332","Nate Sheppard","RB","Duke","ACC","kickReturns","LONG","22"
"2025","5164332","Nate Sheppard","RB","Duke","ACC","kickReturns","NO","1"
"2025","5164332","Nate Sheppard","RB","Duke","ACC","kickReturns","TD","0"
"2025","5164332","Nate Sheppard","RB","Duke","ACC","kickReturns","YDS","22"
"2025","5164332","Nate Sheppard","RB","Duke","ACC","receiving","LONG","20"
"2025","5164332","Nate Sheppard","RB","Duke","ACC","receiving","REC","37"
"2025","5164332","Nate Sheppard","RB","Duke","ACC","receiving","TD","1"
"2025","5164332","Nate Sheppard","RB","Duke","ACC","receiving","YDS","286"
"2025","5164332","Nate Sheppard","RB","Duke","ACC","receiving","YPR","7.7"
"2025","5164332","Nate Sheppard","RB","Duke","ACC","rushing","CAR","200"
"2025","5164332","Nate Sheppard","RB","Duke","ACC","rushing","LONG","60"
"2025","5164332","Nate Sheppard","RB","Duke","ACC","rushing","TD","11"
"2025","5164332","Nate Sheppard","RB","Duke","ACC","rushing","YDS","1132"
"2025","5164332","Nate Sheppard","RB","Duke","ACC","rushing","YPC","5.7"
"2025","5164345","Chase Loftin","TE","Florida State","ACC","receiving","LONG","6"
"2025","5164345","Chase Loftin","TE","Florida State","ACC","receiving","REC","1"
"2025","5164345","Chase Loftin","TE","Florida State","ACC","receiving","TD","0"
"2025","5164345","Chase Loftin","TE","Florida State","ACC","receiving","YDS","6"
"2025","5164345","Chase Loftin","TE","Florida State","ACC","receiving","YPR","6.0"
"2025","5164350","Jayvan Boggs","WR","Florida State","ACC","receiving","LONG","31"
"2025","5164350","Jayvan Boggs","WR","Florida State","ACC","receiving","REC","9"
"2025","5164350","Jayvan Boggs","WR","Florida State","ACC","receiving","TD","1"
"2025","5164350","Jayvan Boggs","WR","Florida State","ACC","receiving","YDS","103"
"2025","5164350","Jayvan Boggs","WR","Florida State","ACC","receiving","YPR","11.4"
"2025","5164352","Carterrious Brown","WR","SMU","ACC","receiving","LONG","12"
"2025","5164352","Carterrious Brown","WR","SMU","ACC","receiving","REC","3"
"2025","5164352","Carterrious Brown","WR","SMU","ACC","receiving","TD","0"
"2025","5164352","Carterrious Brown","WR","SMU","ACC","receiving","YDS","25"
"2025","5164352","Carterrious Brown","WR","SMU","ACC","receiving","YPR","8.3"
"2025","5164365","Daylyn Upshaw","WR","Miami","ACC","receiving","LONG","41"
"2025","5164365","Daylyn Upshaw","WR","Miami","ACC","receiving","REC","7"
"2025","5164365","Daylyn Upshaw","WR","Miami","ACC","receiving","TD","0"
"2025","5164365","Daylyn Upshaw","WR","Miami","ACC","receiving","YDS","105"
"2025","5164365","Daylyn Upshaw","WR","Miami","ACC","receiving","YPR","15.0"
"2025","5165113","Zach Johnson","LB","Stanford","ACC","defensive","PD","1"
"2025","5165113","Zach Johnson","LB","Stanford","ACC","defensive","QB HUR","2"
"2025","5165113","Zach Johnson","LB","Stanford","ACC","defensive","SACKS","2"
"2025","5165113","Zach Johnson","LB","Stanford","ACC","defensive","SOLO","17"
"2025","5165113","Zach Johnson","LB","Stanford","ACC","defensive","TD","0"
"2025","5165113","Zach Johnson","LB","Stanford","ACC","defensive","TFL","3"
"2025","5165113","Zach Johnson","LB","Stanford","ACC","defensive","TOT","28"
"2025","5165113","Zach Johnson","LB","Stanford","ACC","fumbles","FUM","0"
"2025","5165113","Zach Johnson","LB","Stanford","ACC","fumbles","LOST","0"
"2025","5165113","Zach Johnson","LB","Stanford","ACC","fumbles","REC","1"
"2025","5165117","Mark Hamper","WR","California","ACC","receiving","LONG","35"
"2025","5165117","Mark Hamper","WR","California","ACC","receiving","REC","17"
"2025","5165117","Mark Hamper","WR","California","ACC","receiving","TD","0"
"2025","5165117","Mark Hamper","WR","California","ACC","receiving","YDS","202"
"2025","5165117","Mark Hamper","WR","California","ACC","receiving","YPR","11.9"
"2025","5165145","Dallas Afalava","DL","Wake Forest","ACC","defensive","PD","1"
"2025","5165145","Dallas Afalava","DL","Wake Forest","ACC","defensive","QB HUR","8"
"2025","5165145","Dallas Afalava","DL","Wake Forest","ACC","defensive","SACKS","3.5"
"2025","5165145","Dallas Afalava","DL","Wake Forest","ACC","defensive","SOLO","11"
"2025","5165145","Dallas Afalava","DL","Wake Forest","ACC","defensive","TD","0"
"2025","5165145","Dallas Afalava","DL","Wake Forest","ACC","defensive","TFL","6.0"
"2025","5165145","Dallas Afalava","DL","Wake Forest","ACC","defensive","TOT","33"
"2025","5165145","Dallas Afalava","DL","Wake Forest","ACC","interceptions","AVG","3.0"
"2025","5165145","Dallas Afalava","DL","Wake Forest","ACC","interceptions","INT","1"
"2025","5165145","Dallas Afalava","DL","Wake Forest","ACC","interceptions","TD","0"
"2025","5165145","Dallas Afalava","DL","Wake Forest","ACC","interceptions","YDS","3"
"2025","5165154","Mason Mini","TE","California","ACC","passing","ATT","2"
"2025","5165154","Mason Mini","TE","California","ACC","passing","COMPLETIONS","2"
"2025","5165154","Mason Mini","TE","California","ACC","passing","INT","0"
"2025","5165154","Mason Mini","TE","California","ACC","passing","PCT","1.000"
"2025","5165154","Mason Mini","TE","California","ACC","passing","TD","1"
"2025","5165154","Mason Mini","TE","California","ACC","passing","YDS","58"
"2025","5165154","Mason Mini","TE","California","ACC","passing","YPA","29.0"
"2025","5165154","Mason Mini","TE","California","ACC","receiving","LONG","51"
"2025","5165154","Mason Mini","TE","California","ACC","receiving","REC","35"
"2025","5165154","Mason Mini","TE","California","ACC","receiving","TD","4"
"2025","5165154","Mason Mini","TE","California","ACC","receiving","YDS","387"
"2025","5165154","Mason Mini","TE","California","ACC","receiving","YPR","11.1"
"2025","5165154","Mason Mini","TE","California","ACC","rushing","CAR","1"
"2025","5165154","Mason Mini","TE","California","ACC","rushing","LONG","0"
"2025","5165154","Mason Mini","TE","California","ACC","rushing","TD","0"
"2025","5165154","Mason Mini","TE","California","ACC","rushing","YDS","0"
"2025","5165154","Mason Mini","TE","California","ACC","rushing","YPC","0.0"
"2025","5165314","Destin Cheirs","DB","Louisville","ACC","defensive","PD","0"
"2025","5165314","Destin Cheirs","DB","Louisville","ACC","defensive","QB HUR","0"
"2025","5165314","Destin Cheirs","DB","Louisville","ACC","defensive","SACKS","0"
"2025","5165314","Destin Cheirs","DB","Louisville","ACC","defensive","SOLO","1"
"2025","5165314","Destin Cheirs","DB","Louisville","ACC","defensive","TD","0"
"2025","5165314","Destin Cheirs","DB","Louisville","ACC","defensive","TFL","0"
"2025","5165314","Destin Cheirs","DB","Louisville","ACC","defensive","TOT","1"
"2025","5165482","Luca Lombardo","PK","Boston College","ACC","defensive","PD","0"
"2025","5165482","Luca Lombardo","PK","Boston College","ACC","defensive","QB HUR","0"
"2025","5165482","Luca Lombardo","PK","Boston College","ACC","defensive","SACKS","0"
"2025","5165482","Luca Lombardo","PK","Boston College","ACC","defensive","SOLO","0"
"2025","5165482","Luca Lombardo","PK","Boston College","ACC","defensive","TD","0"
"2025","5165482","Luca Lombardo","PK","Boston College","ACC","defensive","TFL","0"
"2025","5165482","Luca Lombardo","PK","Boston College","ACC","defensive","TOT","1"
"2025","5165482","Luca Lombardo","PK","Boston College","ACC","kicking","FGA","17"
"2025","5165482","Luca Lombardo","PK","Boston College","ACC","kicking","FGM","16"
"2025","5165482","Luca Lombardo","PK","Boston College","ACC","kicking","LONG","52"
"2025","5165482","Luca Lombardo","PK","Boston College","ACC","kicking","PCT","0.941"
"2025","5165482","Luca Lombardo","PK","Boston College","ACC","kicking","PTS","83"
"2025","5165482","Luca Lombardo","PK","Boston College","ACC","kicking","XPA","35"
"2025","5165482","Luca Lombardo","PK","Boston College","ACC","kicking","XPM","35"
"2025","5167701","Darryll Desir","DL","Florida State","ACC","defensive","PD","0"
"2025","5167701","Darryll Desir","DL","Florida State","ACC","defensive","QB HUR","4"
"2025","5167701","Darryll Desir","DL","Florida State","ACC","defensive","SACKS","1"
"2025","5167701","Darryll Desir","DL","Florida State","ACC","defensive","SOLO","8"
"2025","5167701","Darryll Desir","DL","Florida State","ACC","defensive","TD","0"
"2025","5167701","Darryll Desir","DL","Florida State","ACC","defensive","TFL","1.5"
"2025","5167701","Darryll Desir","DL","Florida State","ACC","defensive","TOT","23"
"2025","5167703","Mandrell Desir","DL","Florida State","ACC","defensive","PD","1"
"2025","5167703","Mandrell Desir","DL","Florida State","ACC","defensive","QB HUR","1"
"2025","5167703","Mandrell Desir","DL","Florida State","ACC","defensive","SACKS","6.5"
"2025","5167703","Mandrell Desir","DL","Florida State","ACC","defensive","SOLO","13"
"2025","5167703","Mandrell Desir","DL","Florida State","ACC","defensive","TD","0"
"2025","5167703","Mandrell Desir","DL","Florida State","ACC","defensive","TFL","7.5"
"2025","5167703","Mandrell Desir","DL","Florida State","ACC","defensive","TOT","30"
"2025","5167708","Tylon Lee","DL","Florida State","ACC","defensive","PD","0"
"2025","5167708","Tylon Lee","DL","Florida State","ACC","defensive","QB HUR","0"
"2025","5167708","Tylon Lee","DL","Florida State","ACC","defensive","SACKS","0"
"2025","5167708","Tylon Lee","DL","Florida State","ACC","defensive","SOLO","1"
"2025","5167708","Tylon Lee","DL","Florida State","ACC","defensive","TD","0"
"2025","5167708","Tylon Lee","DL","Florida State","ACC","defensive","TFL","0"
"2025","5167708","Tylon Lee","DL","Florida State","ACC","defensive","TOT","2"
"2025","5167754","Derry Norris Jr.","DL","Georgia Tech","ACC","defensive","PD","0"
"2025","5167754","Derry Norris Jr.","DL","Georgia Tech","ACC","defensive","QB HUR","0"
"2025","5167754","Derry Norris Jr.","DL","Georgia Tech","ACC","defensive","SACKS","0"
"2025","5167754","Derry Norris Jr.","DL","Georgia Tech","ACC","defensive","SOLO","0"
"2025","5167754","Derry Norris Jr.","DL","Georgia Tech","ACC","defensive","TD","0"
"2025","5167754","Derry Norris Jr.","DL","Georgia Tech","ACC","defensive","TFL","0"
"2025","5167754","Derry Norris Jr.","DL","Georgia Tech","ACC","defensive","TOT","1"
"2025","5170143","Will Rocha","PK","Miami","ACC","kicking","FGA","0"
"2025","5170143","Will Rocha","PK","Miami","ACC","kicking","FGM","0"
"2025","5170143","Will Rocha","PK","Miami","ACC","kicking","LONG","0"
"2025","5170143","Will Rocha","PK","Miami","ACC","kicking","PCT","0"
"2025","5170143","Will Rocha","PK","Miami","ACC","kicking","PTS","1"
"2025","5170143","Will Rocha","PK","Miami","ACC","kicking","XPA","1"
"2025","5170143","Will Rocha","PK","Miami","ACC","kicking","XPM","1"
"2025","5172033","Donta Simpson","DL","Miami","ACC","defensive","PD","0"
"2025","5172033","Donta Simpson","DL","Miami","ACC","defensive","QB HUR","1"
"2025","5172033","Donta Simpson","DL","Miami","ACC","defensive","SACKS","0"
"2025","5172033","Donta Simpson","DL","Miami","ACC","defensive","SOLO","1"
"2025","5172033","Donta Simpson","DL","Miami","ACC","defensive","TD","0"
"2025","5172033","Donta Simpson","DL","Miami","ACC","defensive","TFL","1"
"2025","5172033","Donta Simpson","DL","Miami","ACC","defensive","TOT","2"
"2025","5173414","Antoine Deslauriers","LB","Syracuse","ACC","defensive","PD","2"
"2025","5173414","Antoine Deslauriers","LB","Syracuse","ACC","defensive","QB HUR","0"
"2025","5173414","Antoine Deslauriers","LB","Syracuse","ACC","defensive","SACKS","1"
"2025","5173414","Antoine Deslauriers","LB","Syracuse","ACC","defensive","SOLO","28"
"2025","5173414","Antoine Deslauriers","LB","Syracuse","ACC","defensive","TD","0"
"2025","5173414","Antoine Deslauriers","LB","Syracuse","ACC","defensive","TFL","3"
"2025","5173414","Antoine Deslauriers","LB","Syracuse","ACC","defensive","TOT","48"
"2025","5176070","Myles Brown","LB","Virginia","ACC","defensive","PD","0"
"2025","5176070","Myles Brown","LB","Virginia","ACC","defensive","QB HUR","0"
"2025","5176070","Myles Brown","LB","Virginia","ACC","defensive","SACKS","0"
"2025","5176070","Myles Brown","LB","Virginia","ACC","defensive","SOLO","1"
"2025","5176070","Myles Brown","LB","Virginia","ACC","defensive","TD","0"
"2025","5176070","Myles Brown","LB","Virginia","ACC","defensive","TFL","0"
"2025","5176070","Myles Brown","LB","Virginia","ACC","defensive","TOT","8"
"2025","5177423","Zeek Jackson","DB","Wake Forest","ACC","defensive","PD","1"
"2025","5177423","Zeek Jackson","DB","Wake Forest","ACC","defensive","QB HUR","0"
"2025","5177423","Zeek Jackson","DB","Wake Forest","ACC","defensive","SACKS","0"
"2025","5177423","Zeek Jackson","DB","Wake Forest","ACC","defensive","SOLO","4"
"2025","5177423","Zeek Jackson","DB","Wake Forest","ACC","defensive","TD","0"
"2025","5177423","Zeek Jackson","DB","Wake Forest","ACC","defensive","TFL","1"
"2025","5177423","Zeek Jackson","DB","Wake Forest","ACC","defensive","TOT","8"
"2025","5178083","Noah Chambers","LB","Virginia Tech","ACC","defensive","PD","2"
"2025","5178083","Noah Chambers","LB","Virginia Tech","ACC","defensive","QB HUR","2"
"2025","5178083","Noah Chambers","LB","Virginia Tech","ACC","defensive","SACKS","1"
"2025","5178083","Noah Chambers","LB","Virginia Tech","ACC","defensive","SOLO","17"
"2025","5178083","Noah Chambers","LB","Virginia Tech","ACC","defensive","TD","0"
"2025","5178083","Noah Chambers","LB","Virginia Tech","ACC","defensive","TFL","2.0"
"2025","5178083","Noah Chambers","LB","Virginia Tech","ACC","defensive","TOT","43"
"2025","5178385","Quimari Shemwell","DB","California","ACC","defensive","PD","1"
"2025","5178385","Quimari Shemwell","DB","California","ACC","defensive","QB HUR","0"
"2025","5178385","Quimari Shemwell","DB","California","ACC","defensive","SACKS","0"
"2025","5178385","Quimari Shemwell","DB","California","ACC","defensive","SOLO","3"
"2025","5178385","Quimari Shemwell","DB","California","ACC","defensive","TD","0"
"2025","5178385","Quimari Shemwell","DB","California","ACC","defensive","TFL","0"
"2025","5178385","Quimari Shemwell","DB","California","ACC","defensive","TOT","7"
"2025","5181309","Gregory Smith","LB","North Carolina","ACC","defensive","PD","0"
"2025","5181309","Gregory Smith","LB","North Carolina","ACC","defensive","QB HUR","2"
"2025","5181309","Gregory Smith","LB","North Carolina","ACC","defensive","SACKS","0"
"2025","5181309","Gregory Smith","LB","North Carolina","ACC","defensive","SOLO","14"
"2025","5181309","Gregory Smith","LB","North Carolina","ACC","defensive","TD","0"
"2025","5181309","Gregory Smith","LB","North Carolina","ACC","defensive","TFL","0"
"2025","5181309","Gregory Smith","LB","North Carolina","ACC","defensive","TOT","20"
"2025","5181309","Gregory Smith","LB","North Carolina","ACC","interceptions","AVG","30.0"
"2025","5181309","Gregory Smith","LB","North Carolina","ACC","interceptions","INT","1"
"2025","5181309","Gregory Smith","LB","North Carolina","ACC","interceptions","TD","0"
"2025","5181309","Gregory Smith","LB","North Carolina","ACC","interceptions","YDS","30"
"2025","5186586","Ty Clark III","RB","Wake Forest","ACC","defensive","PD","0"
"2025","5186586","Ty Clark III","RB","Wake Forest","ACC","defensive","QB HUR","0"
"2025","5186586","Ty Clark III","RB","Wake Forest","ACC","defensive","SACKS","0"
"2025","5186586","Ty Clark III","RB","Wake Forest","ACC","defensive","SOLO","2"
"2025","5186586","Ty Clark III","RB","Wake Forest","ACC","defensive","TD","0"
"2025","5186586","Ty Clark III","RB","Wake Forest","ACC","defensive","TFL","0"
"2025","5186586","Ty Clark III","RB","Wake Forest","ACC","defensive","TOT","4"
"2025","5186586","Ty Clark III","RB","Wake Forest","ACC","receiving","LONG","62"
"2025","5186586","Ty Clark III","RB","Wake Forest","ACC","receiving","REC","17"
"2025","5186586","Ty Clark III","RB","Wake Forest","ACC","receiving","TD","1"
"2025","5186586","Ty Clark III","RB","Wake Forest","ACC","receiving","YDS","209"
"2025","5186586","Ty Clark III","RB","Wake Forest","ACC","receiving","YPR","12.3"
"2025","5186586","Ty Clark III","RB","Wake Forest","ACC","rushing","CAR","75"
"2025","5186586","Ty Clark III","RB","Wake Forest","ACC","rushing","LONG","15"
"2025","5186586","Ty Clark III","RB","Wake Forest","ACC","rushing","TD","3"
"2025","5186586","Ty Clark III","RB","Wake Forest","ACC","rushing","YDS","323"
"2025","5186586","Ty Clark III","RB","Wake Forest","ACC","rushing","YPC","4.3"
"2025","5188318","Kevin Chadwick Jr.","S","Virginia","ACC","defensive","PD","0"
"2025","5188318","Kevin Chadwick Jr.","S","Virginia","ACC","defensive","QB HUR","0"
"2025","5188318","Kevin Chadwick Jr.","S","Virginia","ACC","defensive","SACKS","0"
"2025","5188318","Kevin Chadwick Jr.","S","Virginia","ACC","defensive","SOLO","1"
"2025","5188318","Kevin Chadwick Jr.","S","Virginia","ACC","defensive","TD","0"
"2025","5188318","Kevin Chadwick Jr.","S","Virginia","ACC","defensive","TFL","0"
"2025","5188318","Kevin Chadwick Jr.","S","Virginia","ACC","defensive","TOT","1"
"2025","5189535","Javion Holiday","CB","SMU","ACC","defensive","PD","1"
"2025","5189535","Javion Holiday","CB","SMU","ACC","defensive","QB HUR","0"
"2025","5189535","Javion Holiday","CB","SMU","ACC","defensive","SACKS","0"
"2025","5189535","Javion Holiday","CB","SMU","ACC","defensive","SOLO","4"
"2025","5189535","Javion Holiday","CB","SMU","ACC","defensive","TD","0"
"2025","5189535","Javion Holiday","CB","SMU","ACC","defensive","TFL","0"
"2025","5189535","Javion Holiday","CB","SMU","ACC","defensive","TOT","6"
"2025","5192420","Cooper Ranvier","PK","Louisville","ACC","kicking","FGA","25"
"2025","5192420","Cooper Ranvier","PK","Louisville","ACC","kicking","FGM","21"
"2025","5192420","Cooper Ranvier","PK","Louisville","ACC","kicking","LONG","51"
"2025","5192420","Cooper Ranvier","PK","Louisville","ACC","kicking","PCT","0.840"
"2025","5192420","Cooper Ranvier","PK","Louisville","ACC","kicking","PTS","102"
"2025","5192420","Cooper Ranvier","PK","Louisville","ACC","kicking","XPA","41"
"2025","5192420","Cooper Ranvier","PK","Louisville","ACC","kicking","XPM","39"
"2025","5193390","C.J. Kubah-Taylor","LB","Clemson","ACC","defensive","PD","0"
"2025","5193390","C.J. Kubah-Taylor","LB","Clemson","ACC","defensive","QB HUR","0"
"2025","5193390","C.J. Kubah-Taylor","LB","Clemson","ACC","defensive","SACKS","0"
"2025","5193390","C.J. Kubah-Taylor","LB","Clemson","ACC","defensive","SOLO","0"
"2025","5193390","C.J. Kubah-Taylor","LB","Clemson","ACC","defensive","TD","0"
"2025","5193390","C.J. Kubah-Taylor","LB","Clemson","ACC","defensive","TFL","0"
"2025","5193390","C.J. Kubah-Taylor","LB","Clemson","ACC","defensive","TOT","1"
"2025","5193566","Kade Reynoldson","P","Duke","ACC","punting","In 20","21"
"2025","5193566","Kade Reynoldson","P","Duke","ACC","punting","LONG","57"
"2025","5193566","Kade Reynoldson","P","Duke","ACC","punting","NO","44"
"2025","5193566","Kade Reynoldson","P","Duke","ACC","punting","TB","2"
"2025","5193566","Kade Reynoldson","P","Duke","ACC","punting","YDS","1963"
"2025","5193566","Kade Reynoldson","P","Duke","ACC","punting","YPP","44.6"
"2025","5193566","Kade Reynoldson","P","Duke","ACC","rushing","CAR","1"
"2025","5193566","Kade Reynoldson","P","Duke","ACC","rushing","LONG","26"
"2025","5193566","Kade Reynoldson","P","Duke","ACC","rushing","TD","0"
"2025","5193566","Kade Reynoldson","P","Duke","ACC","rushing","YDS","26"
"2025","5193566","Kade Reynoldson","P","Duke","ACC","rushing","YPC","26.0"
"2025","5195461","Ibn McDaniels","DB","Syracuse","ACC","defensive","PD","0"
"2025","5195461","Ibn McDaniels","DB","Syracuse","ACC","defensive","QB HUR","0"
"2025","5195461","Ibn McDaniels","DB","Syracuse","ACC","defensive","SACKS","0"
"2025","5195461","Ibn McDaniels","DB","Syracuse","ACC","defensive","SOLO","1"
"2025","5195461","Ibn McDaniels","DB","Syracuse","ACC","defensive","TD","0"
"2025","5195461","Ibn McDaniels","DB","Syracuse","ACC","defensive","TFL","0"
"2025","5195461","Ibn McDaniels","DB","Syracuse","ACC","defensive","TOT","2"
"2025","5195479","Corey Costner","S","Virginia","ACC","defensive","PD","3"
"2025","5195479","Corey Costner","S","Virginia","ACC","defensive","QB HUR","0"
"2025","5195479","Corey Costner","S","Virginia","ACC","defensive","SACKS","0"
"2025","5195479","Corey Costner","S","Virginia","ACC","defensive","SOLO","13"
"2025","5195479","Corey Costner","S","Virginia","ACC","defensive","TD","0"
"2025","5195479","Corey Costner","S","Virginia","ACC","defensive","TFL","1.5"
"2025","5195479","Corey Costner","S","Virginia","ACC","defensive","TOT","27"
"2025","5195479","Corey Costner","S","Virginia","ACC","interceptions","AVG","3.5"
"2025","5195479","Corey Costner","S","Virginia","ACC","interceptions","INT","2"
"2025","5195479","Corey Costner","S","Virginia","ACC","interceptions","TD","0"
"2025","5195479","Corey Costner","S","Virginia","ACC","interceptions","YDS","7"
"2025","5196025","Omar Thornton","DB","Boston College","ACC","defensive","PD","1"
"2025","5196025","Omar Thornton","DB","Boston College","ACC","defensive","QB HUR","1"
"2025","5196025","Omar Thornton","DB","Boston College","ACC","defensive","SACKS","2"
"2025","5196025","Omar Thornton","DB","Boston College","ACC","defensive","SOLO","56"
"2025","5196025","Omar Thornton","DB","Boston College","ACC","defensive","TD","0"
"2025","5196025","Omar Thornton","DB","Boston College","ACC","defensive","TFL","8"
"2025","5196025","Omar Thornton","DB","Boston College","ACC","defensive","TOT","82"
"2025","5196025","Omar Thornton","DB","Boston College","ACC","interceptions","AVG","0.0"
"2025","5196025","Omar Thornton","DB","Boston College","ACC","interceptions","INT","1"
"2025","5196025","Omar Thornton","DB","Boston College","ACC","interceptions","TD","0"
"2025","5196025","Omar Thornton","DB","Boston College","ACC","interceptions","YDS","0"
"2025","5196843","Khamani Hudson","DB","California","ACC","defensive","PD","0"
"2025","5196843","Khamani Hudson","DB","California","ACC","defensive","QB HUR","0"
"2025","5196843","Khamani Hudson","DB","California","ACC","defensive","SACKS","0"
"2025","5196843","Khamani Hudson","DB","California","ACC","defensive","SOLO","2"
"2025","5196843","Khamani Hudson","DB","California","ACC","defensive","TD","0"
"2025","5196843","Khamani Hudson","DB","California","ACC","defensive","TFL","0"
"2025","5196843","Khamani Hudson","DB","California","ACC","defensive","TOT","2"
"2025","5197034","Malachi Thomas","TE","Pittsburgh","ACC","defensive","PD","0"
"2025","5197034","Malachi Thomas","TE","Pittsburgh","ACC","defensive","QB HUR","0"
"2025","5197034","Malachi Thomas","TE","Pittsburgh","ACC","defensive","SACKS","0"
"2025","5197034","Malachi Thomas","TE","Pittsburgh","ACC","defensive","SOLO","0"
"2025","5197034","Malachi Thomas","TE","Pittsburgh","ACC","defensive","TD","0"
"2025","5197034","Malachi Thomas","TE","Pittsburgh","ACC","defensive","TFL","0"
"2025","5197034","Malachi Thomas","TE","Pittsburgh","ACC","defensive","TOT","1"
"2025","5197034","Malachi Thomas","TE","Pittsburgh","ACC","receiving","LONG","34"
"2025","5197034","Malachi Thomas","TE","Pittsburgh","ACC","receiving","REC","13"
"2025","5197034","Malachi Thomas","TE","Pittsburgh","ACC","receiving","TD","2"
"2025","5197034","Malachi Thomas","TE","Pittsburgh","ACC","receiving","YDS","192"
"2025","5197034","Malachi Thomas","TE","Pittsburgh","ACC","receiving","YPR","14.8"
"2025","5197158","Malachi James","RB","Syracuse","ACC","kickReturns","AVG","16.0"
"2025","5197158","Malachi James","RB","Syracuse","ACC","kickReturns","LONG","16"
"2025","5197158","Malachi James","RB","Syracuse","ACC","kickReturns","NO","1"
"2025","5197158","Malachi James","RB","Syracuse","ACC","kickReturns","TD","0"
"2025","5197158","Malachi James","RB","Syracuse","ACC","kickReturns","YDS","16"
"2025","5197158","Malachi James","RB","Syracuse","ACC","rushing","CAR","2"
"2025","5197158","Malachi James","RB","Syracuse","ACC","rushing","LONG","3"
"2025","5197158","Malachi James","RB","Syracuse","ACC","rushing","TD","0"
"2025","5197158","Malachi James","RB","Syracuse","ACC","rushing","YDS","-2"
"2025","5197158","Malachi James","RB","Syracuse","ACC","rushing","YPC","-1.0"
"2025","5197251","Will Felder Jr.","LB","Duke","ACC","defensive","PD","0"
"2025","5197251","Will Felder Jr.","LB","Duke","ACC","defensive","QB HUR","0"
"2025","5197251","Will Felder Jr.","LB","Duke","ACC","defensive","SACKS","0"
"2025","5197251","Will Felder Jr.","LB","Duke","ACC","defensive","SOLO","2"
"2025","5197251","Will Felder Jr.","LB","Duke","ACC","defensive","TD","0"
"2025","5197251","Will Felder Jr.","LB","Duke","ACC","defensive","TFL","0"
"2025","5197251","Will Felder Jr.","LB","Duke","ACC","defensive","TOT","3"
"2025","5198115","Knahlij Harrell","CB","Virginia Tech","ACC","defensive","PD","0"
"2025","5198115","Knahlij Harrell","CB","Virginia Tech","ACC","defensive","QB HUR","0"
"2025","5198115","Knahlij Harrell","CB","Virginia Tech","ACC","defensive","SACKS","0"
"2025","5198115","Knahlij Harrell","CB","Virginia Tech","ACC","defensive","SOLO","2"
"2025","5198115","Knahlij Harrell","CB","Virginia Tech","ACC","defensive","TD","0"
"2025","5198115","Knahlij Harrell","CB","Virginia Tech","ACC","defensive","TFL","0"
"2025","5198115","Knahlij Harrell","CB","Virginia Tech","ACC","defensive","TOT","3"
"2025","5198458","Koredell Bartley","DB","Wake Forest","ACC","defensive","PD","0"
"2025","5198458","Koredell Bartley","DB","Wake Forest","ACC","defensive","QB HUR","0"
"2025","5198458","Koredell Bartley","DB","Wake Forest","ACC","defensive","SACKS","0"
"2025","5198458","Koredell Bartley","DB","Wake Forest","ACC","defensive","SOLO","5"
"2025","5198458","Koredell Bartley","DB","Wake Forest","ACC","defensive","TD","1"
"2025","5198458","Koredell Bartley","DB","Wake Forest","ACC","defensive","TFL","0"
"2025","5198458","Koredell Bartley","DB","Wake Forest","ACC","defensive","TOT","8"
"2025","5198458","Koredell Bartley","DB","Wake Forest","ACC","kickReturns","AVG","68.5"
"2025","5198458","Koredell Bartley","DB","Wake Forest","ACC","kickReturns","LONG","100"
"2025","5198458","Koredell Bartley","DB","Wake Forest","ACC","kickReturns","NO","2"
"2025","5198458","Koredell Bartley","DB","Wake Forest","ACC","kickReturns","TD","1"
"2025","5198458","Koredell Bartley","DB","Wake Forest","ACC","kickReturns","YDS","137"
"2025","5199859","Dalen Penson","DB","Georgia Tech","ACC","defensive","PD","0"
"2025","5199859","Dalen Penson","DB","Georgia Tech","ACC","defensive","QB HUR","0"
"2025","5199859","Dalen Penson","DB","Georgia Tech","ACC","defensive","SACKS","0"
"2025","5199859","Dalen Penson","DB","Georgia Tech","ACC","defensive","SOLO","1"
"2025","5199859","Dalen Penson","DB","Georgia Tech","ACC","defensive","TD","0"
"2025","5199859","Dalen Penson","DB","Georgia Tech","ACC","defensive","TFL","0"
"2025","5199859","Dalen Penson","DB","Georgia Tech","ACC","defensive","TOT","1"
"2025","5199946","Gabe Daniels","WR","Syracuse","ACC","defensive","PD","0"
"2025","5199946","Gabe Daniels","WR","Syracuse","ACC","defensive","QB HUR","0"
"2025","5199946","Gabe Daniels","WR","Syracuse","ACC","defensive","SACKS","0"
"2025","5199946","Gabe Daniels","WR","Syracuse","ACC","defensive","SOLO","1"
"2025","5199946","Gabe Daniels","WR","Syracuse","ACC","defensive","TD","0"
"2025","5199946","Gabe Daniels","WR","Syracuse","ACC","defensive","TFL","0"
"2025","5199946","Gabe Daniels","WR","Syracuse","ACC","defensive","TOT","1"
"2025","5199946","Gabe Daniels","WR","Syracuse","ACC","receiving","LONG","17"
"2025","5199946","Gabe Daniels","WR","Syracuse","ACC","receiving","REC","2"
"2025","5199946","Gabe Daniels","WR","Syracuse","ACC","receiving","TD","1"
"2025","5199946","Gabe Daniels","WR","Syracuse","ACC","receiving","YDS","29"
"2025","5199946","Gabe Daniels","WR","Syracuse","ACC","receiving","YPR","14.5"
"2025","5199947","Andre Fuller Jr.","DL","Georgia Tech","ACC","defensive","PD","0"
"2025","5199947","Andre Fuller Jr.","DL","Georgia Tech","ACC","defensive","QB HUR","1"
"2025","5199947","Andre Fuller Jr.","DL","Georgia Tech","ACC","defensive","SACKS","0"
"2025","5199947","Andre Fuller Jr.","DL","Georgia Tech","ACC","defensive","SOLO","8"
"2025","5199947","Andre Fuller Jr.","DL","Georgia Tech","ACC","defensive","TD","0"
"2025","5199947","Andre Fuller Jr.","DL","Georgia Tech","ACC","defensive","TFL","2"
"2025","5199947","Andre Fuller Jr.","DL","Georgia Tech","ACC","defensive","TOT","15"
"2025","5200189","Kaleb Lanier","CB","Duke","ACC","defensive","PD","0"
"2025","5200189","Kaleb Lanier","CB","Duke","ACC","defensive","QB HUR","0"
"2025","5200189","Kaleb Lanier","CB","Duke","ACC","defensive","SACKS","0"
"2025","5200189","Kaleb Lanier","CB","Duke","ACC","defensive","SOLO","1"
"2025","5200189","Kaleb Lanier","CB","Duke","ACC","defensive","TD","0"
"2025","5200189","Kaleb Lanier","CB","Duke","ACC","defensive","TFL","0"
"2025","5200189","Kaleb Lanier","CB","Duke","ACC","defensive","TOT","1"
"2025","5200435","Demetres Samuel Jr.","DB","Syracuse","ACC","defensive","PD","7"
"2025","5200435","Demetres Samuel Jr.","DB","Syracuse","ACC","defensive","QB HUR","0"
"2025","5200435","Demetres Samuel Jr.","DB","Syracuse","ACC","defensive","SACKS","0"
"2025","5200435","Demetres Samuel Jr.","DB","Syracuse","ACC","defensive","SOLO","31"
"2025","5200435","Demetres Samuel Jr.","DB","Syracuse","ACC","defensive","TD","0"
"2025","5200435","Demetres Samuel Jr.","DB","Syracuse","ACC","defensive","TFL","1"
"2025","5200435","Demetres Samuel Jr.","DB","Syracuse","ACC","defensive","TOT","37"
"2025","5200435","Demetres Samuel Jr.","DB","Syracuse","ACC","interceptions","AVG","0.0"
"2025","5200435","Demetres Samuel Jr.","DB","Syracuse","ACC","interceptions","INT","1"
"2025","5200435","Demetres Samuel Jr.","DB","Syracuse","ACC","interceptions","TD","0"
"2025","5200435","Demetres Samuel Jr.","DB","Syracuse","ACC","interceptions","YDS","0"
"2025","5200435","Demetres Samuel Jr.","DB","Syracuse","ACC","puntReturns","AVG","9.8"
"2025","5200435","Demetres Samuel Jr.","DB","Syracuse","ACC","puntReturns","LONG","19"
"2025","5200435","Demetres Samuel Jr.","DB","Syracuse","ACC","puntReturns","NO","4"
"2025","5200435","Demetres Samuel Jr.","DB","Syracuse","ACC","puntReturns","TD","0"
"2025","5200435","Demetres Samuel Jr.","DB","Syracuse","ACC","puntReturns","YDS","39"
"2025","5200435","Demetres Samuel Jr.","DB","Syracuse","ACC","receiving","LONG","10"
"2025","5200435","Demetres Samuel Jr.","DB","Syracuse","ACC","receiving","REC","1"
"2025","5200435","Demetres Samuel Jr.","DB","Syracuse","ACC","receiving","TD","0"
"2025","5200435","Demetres Samuel Jr.","DB","Syracuse","ACC","receiving","YDS","10"
"2025","5200435","Demetres Samuel Jr.","DB","Syracuse","ACC","receiving","YPR","10.0"
"2025","5200435","Demetres Samuel Jr.","DB","Syracuse","ACC","rushing","CAR","1"
"2025","5200435","Demetres Samuel Jr.","DB","Syracuse","ACC","rushing","LONG","1"
"2025","5200435","Demetres Samuel Jr.","DB","Syracuse","ACC","rushing","TD","0"
"2025","5200435","Demetres Samuel Jr.","DB","Syracuse","ACC","rushing","YDS","1"
"2025","5200435","Demetres Samuel Jr.","DB","Syracuse","ACC","rushing","YPC","1.0"
"2025","5203590","Madrid Tucker","WR","North Carolina","ACC","receiving","LONG","9"
"2025","5203590","Madrid Tucker","WR","North Carolina","ACC","receiving","REC","9"
"2025","5203590","Madrid Tucker","WR","North Carolina","ACC","receiving","TD","0"
"2025","5203590","Madrid Tucker","WR","North Carolina","ACC","receiving","YDS","45"
"2025","5203590","Madrid Tucker","WR","North Carolina","ACC","receiving","YPR","5.0"
"2025","5203717","Adrian Farrow","DL","NC State","ACC","defensive","PD","0"
"2025","5203717","Adrian Farrow","DL","NC State","ACC","defensive","QB HUR","0"
"2025","5203717","Adrian Farrow","DL","NC State","ACC","defensive","SACKS","0"
"2025","5203717","Adrian Farrow","DL","NC State","ACC","defensive","SOLO","0"
"2025","5203717","Adrian Farrow","DL","NC State","ACC","defensive","TD","0"
"2025","5203717","Adrian Farrow","DL","NC State","ACC","defensive","TFL","0"
"2025","5203717","Adrian Farrow","DL","NC State","ACC","defensive","TOT","2"
"2025","5204646","Griffin Collins","LB","Boston College","ACC","defensive","PD","0"
"2025","5204646","Griffin Collins","LB","Boston College","ACC","defensive","QB HUR","1"
"2025","5204646","Griffin Collins","LB","Boston College","ACC","defensive","SACKS","0"
"2025","5204646","Griffin Collins","LB","Boston College","ACC","defensive","SOLO","8"
"2025","5204646","Griffin Collins","LB","Boston College","ACC","defensive","TD","0"
"2025","5204646","Griffin Collins","LB","Boston College","ACC","defensive","TFL","0.5"
"2025","5204646","Griffin Collins","LB","Boston College","ACC","defensive","TOT","15"
"2025","5206061","Darien Williams","WR","Syracuse","ACC","receiving","LONG","35"
"2025","5206061","Darien Williams","WR","Syracuse","ACC","receiving","REC","9"
"2025","5206061","Darien Williams","WR","Syracuse","ACC","receiving","TD","1"
"2025","5206061","Darien Williams","WR","Syracuse","ACC","receiving","YDS","112"
"2025","5206061","Darien Williams","WR","Syracuse","ACC","receiving","YPR","12.4"
"2025","5206061","Darien Williams","WR","Syracuse","ACC","rushing","CAR","1"
"2025","5206061","Darien Williams","WR","Syracuse","ACC","rushing","LONG","0"
"2025","5206061","Darien Williams","WR","Syracuse","ACC","rushing","TD","0"
"2025","5206061","Darien Williams","WR","Syracuse","ACC","rushing","YDS","-5"
"2025","5206061","Darien Williams","WR","Syracuse","ACC","rushing","YPC","-5.0"
"2025","5207842","Jalen Cooper","WR","SMU","ACC","receiving","LONG","75"
"2025","5207842","Jalen Cooper","WR","SMU","ACC","receiving","REC","19"
"2025","5207842","Jalen Cooper","WR","SMU","ACC","receiving","TD","2"
"2025","5207842","Jalen Cooper","WR","SMU","ACC","receiving","YDS","321"
"2025","5207842","Jalen Cooper","WR","SMU","ACC","receiving","YPR","16.9"
"2025","5207855","Kevon Carter","LB","NC State","ACC","defensive","PD","0"
"2025","5207855","Kevon Carter","LB","NC State","ACC","defensive","QB HUR","1"
"2025","5207855","Kevon Carter","LB","NC State","ACC","defensive","SACKS","0"
"2025","5207855","Kevon Carter","LB","NC State","ACC","defensive","SOLO","4"
"2025","5207855","Kevon Carter","LB","NC State","ACC","defensive","TD","0"
"2025","5207855","Kevon Carter","LB","NC State","ACC","defensive","TFL","0"
"2025","5207855","Kevon Carter","LB","NC State","ACC","defensive","TOT","7"
"2025","5207927","Dramekco Green","RB","SMU","ACC","receiving","LONG","11"
"2025","5207927","Dramekco Green","RB","SMU","ACC","receiving","REC","2"
"2025","5207927","Dramekco Green","RB","SMU","ACC","receiving","TD","0"
"2025","5207927","Dramekco Green","RB","SMU","ACC","receiving","YDS","9"
"2025","5207927","Dramekco Green","RB","SMU","ACC","receiving","YPR","4.5"
"2025","5207927","Dramekco Green","RB","SMU","ACC","rushing","CAR","25"
"2025","5207927","Dramekco Green","RB","SMU","ACC","rushing","LONG","15"
"2025","5207927","Dramekco Green","RB","SMU","ACC","rushing","TD","1"
"2025","5207927","Dramekco Green","RB","SMU","ACC","rushing","YDS","90"
"2025","5207927","Dramekco Green","RB","SMU","ACC","rushing","YPC","3.6"
"2025","5208002","Marcus Upton","DB","Boston College","ACC","defensive","PD","0"
"2025","5208002","Marcus Upton","DB","Boston College","ACC","defensive","QB HUR","0"
"2025","5208002","Marcus Upton","DB","Boston College","ACC","defensive","SACKS","0"
"2025","5208002","Marcus Upton","DB","Boston College","ACC","defensive","SOLO","13"
"2025","5208002","Marcus Upton","DB","Boston College","ACC","defensive","TD","0"
"2025","5208002","Marcus Upton","DB","Boston College","ACC","defensive","TFL","1"
"2025","5208002","Marcus Upton","DB","Boston College","ACC","defensive","TOT","17"
"2025","5208002","Marcus Upton","DB","Boston College","ACC","kickReturns","AVG","21.0"
"2025","5208002","Marcus Upton","DB","Boston College","ACC","kickReturns","LONG","21"
"2025","5208002","Marcus Upton","DB","Boston College","ACC","kickReturns","NO","1"
"2025","5208002","Marcus Upton","DB","Boston College","ACC","kickReturns","TD","0"
"2025","5208002","Marcus Upton","DB","Boston College","ACC","kickReturns","YDS","21"
"2025","5208095","Mason Heintschel","QB","Pittsburgh","ACC","fumbles","FUM","7"
"2025","5208095","Mason Heintschel","QB","Pittsburgh","ACC","fumbles","LOST","3"
"2025","5208095","Mason Heintschel","QB","Pittsburgh","ACC","fumbles","REC","0"
"2025","5208095","Mason Heintschel","QB","Pittsburgh","ACC","passing","ATT","316"
"2025","5208095","Mason Heintschel","QB","Pittsburgh","ACC","passing","COMPLETIONS","201"
"2025","5208095","Mason Heintschel","QB","Pittsburgh","ACC","passing","INT","8"
"2025","5208095","Mason Heintschel","QB","Pittsburgh","ACC","passing","PCT","0.636"
"2025","5208095","Mason Heintschel","QB","Pittsburgh","ACC","passing","TD","16"
"2025","5208095","Mason Heintschel","QB","Pittsburgh","ACC","passing","YDS","2357"
"2025","5208095","Mason Heintschel","QB","Pittsburgh","ACC","passing","YPA","7.5"
"2025","5208095","Mason Heintschel","QB","Pittsburgh","ACC","rushing","CAR","86"
"2025","5208095","Mason Heintschel","QB","Pittsburgh","ACC","rushing","LONG","36"
"2025","5208095","Mason Heintschel","QB","Pittsburgh","ACC","rushing","TD","2"
"2025","5208095","Mason Heintschel","QB","Pittsburgh","ACC","rushing","YDS","88"
"2025","5208095","Mason Heintschel","QB","Pittsburgh","ACC","rushing","YPC","1.0"
"2025","5208138","Luke Carney","QB","Syracuse","ACC","passing","ATT","7"
"2025","5208138","Luke Carney","QB","Syracuse","ACC","passing","COMPLETIONS","5"
"2025","5208138","Luke Carney","QB","Syracuse","ACC","passing","INT","0"
"2025","5208138","Luke Carney","QB","Syracuse","ACC","passing","PCT","0.714"
"2025","5208138","Luke Carney","QB","Syracuse","ACC","passing","TD","0"
"2025","5208138","Luke Carney","QB","Syracuse","ACC","passing","YDS","22"
"2025","5208138","Luke Carney","QB","Syracuse","ACC","passing","YPA","3.1"
"2025","5208138","Luke Carney","QB","Syracuse","ACC","rushing","CAR","10"
"2025","5208138","Luke Carney","QB","Syracuse","ACC","rushing","LONG","18"
"2025","5208138","Luke Carney","QB","Syracuse","ACC","rushing","TD","1"
"2025","5208138","Luke Carney","QB","Syracuse","ACC","rushing","YDS","28"
"2025","5208138","Luke Carney","QB","Syracuse","ACC","rushing","YPC","2.8"
"2025","5208217","Jahmari Deloatch","CB","Virginia Tech","ACC","defensive","PD","1"
"2025","5208217","Jahmari Deloatch","CB","Virginia Tech","ACC","defensive","QB HUR","0"
"2025","5208217","Jahmari Deloatch","CB","Virginia Tech","ACC","defensive","SACKS","0"
"2025","5208217","Jahmari Deloatch","CB","Virginia Tech","ACC","defensive","SOLO","0"
"2025","5208217","Jahmari Deloatch","CB","Virginia Tech","ACC","defensive","TD","0"
"2025","5208217","Jahmari Deloatch","CB","Virginia Tech","ACC","defensive","TFL","0.5"
"2025","5208217","Jahmari Deloatch","CB","Virginia Tech","ACC","defensive","TOT","2"
"2025","5208567","Sampson Onuoha","DE","Duke","ACC","defensive","PD","0"
"2025","5208567","Sampson Onuoha","DE","Duke","ACC","defensive","QB HUR","0"
"2025","5208567","Sampson Onuoha","DE","Duke","ACC","defensive","SACKS","0"
"2025","5208567","Sampson Onuoha","DE","Duke","ACC","defensive","SOLO","0"
"2025","5208567","Sampson Onuoha","DE","Duke","ACC","defensive","TD","0"
"2025","5208567","Sampson Onuoha","DE","Duke","ACC","defensive","TFL","0"
"2025","5208567","Sampson Onuoha","DE","Duke","ACC","defensive","TOT","2"
"2025","5208592","Bo MacCormack III","RB","Boston College","ACC","kickReturns","AVG","17.7"
"2025","5208592","Bo MacCormack III","RB","Boston College","ACC","kickReturns","LONG","23"
"2025","5208592","Bo MacCormack III","RB","Boston College","ACC","kickReturns","NO","7"
"2025","5208592","Bo MacCormack III","RB","Boston College","ACC","kickReturns","TD","0"
"2025","5208592","Bo MacCormack III","RB","Boston College","ACC","kickReturns","YDS","124"
"2025","5208592","Bo MacCormack III","RB","Boston College","ACC","receiving","LONG","12"
"2025","5208592","Bo MacCormack III","RB","Boston College","ACC","receiving","REC","2"
"2025","5208592","Bo MacCormack III","RB","Boston College","ACC","receiving","TD","0"
"2025","5208592","Bo MacCormack III","RB","Boston College","ACC","receiving","YDS","14"
"2025","5208592","Bo MacCormack III","RB","Boston College","ACC","receiving","YPR","7.0"
"2025","5208592","Bo MacCormack III","RB","Boston College","ACC","rushing","CAR","15"
"2025","5208592","Bo MacCormack III","RB","Boston College","ACC","rushing","LONG","14"
"2025","5208592","Bo MacCormack III","RB","Boston College","ACC","rushing","TD","1"
"2025","5208592","Bo MacCormack III","RB","Boston College","ACC","rushing","YDS","43"
"2025","5208592","Bo MacCormack III","RB","Boston College","ACC","rushing","YPC","2.9"
"2025","5209161","Malachi Coleman","RB","Syracuse","ACC","rushing","CAR","9"
"2025","5209161","Malachi Coleman","RB","Syracuse","ACC","rushing","LONG","8"
"2025","5209161","Malachi Coleman","RB","Syracuse","ACC","rushing","TD","0"
"2025","5209161","Malachi Coleman","RB","Syracuse","ACC","rushing","YDS","31"
"2025","5209161","Malachi Coleman","RB","Syracuse","ACC","rushing","YPC","3.4"
"2025","5209263","Asher Wasserman","LB","Duke","ACC","defensive","PD","0"
"2025","5209263","Asher Wasserman","LB","Duke","ACC","defensive","QB HUR","0"
"2025","5209263","Asher Wasserman","LB","Duke","ACC","defensive","SACKS","0"
"2025","5209263","Asher Wasserman","LB","Duke","ACC","defensive","SOLO","1"
"2025","5209263","Asher Wasserman","LB","Duke","ACC","defensive","TD","0"
"2025","5209263","Asher Wasserman","LB","Duke","ACC","defensive","TFL","0"
"2025","5209263","Asher Wasserman","LB","Duke","ACC","defensive","TOT","2"
"2025","5209388","Javion Butts","DB","North Carolina","ACC","defensive","PD","0"
"2025","5209388","Javion Butts","DB","North Carolina","ACC","defensive","QB HUR","0"
"2025","5209388","Javion Butts","DB","North Carolina","ACC","defensive","SACKS","0"
"2025","5209388","Javion Butts","DB","North Carolina","ACC","defensive","SOLO","5"
"2025","5209388","Javion Butts","DB","North Carolina","ACC","defensive","TD","0"
"2025","5209388","Javion Butts","DB","North Carolina","ACC","defensive","TFL","0"
"2025","5209388","Javion Butts","DB","North Carolina","ACC","defensive","TOT","7"
"2025","5209709","Teriq Mallory","WR","Florida State","ACC","receiving","LONG","14"
"2025","5209709","Teriq Mallory","WR","Florida State","ACC","receiving","REC","1"
"2025","5209709","Teriq Mallory","WR","Florida State","ACC","receiving","TD","0"
"2025","5209709","Teriq Mallory","WR","Florida State","ACC","receiving","YDS","14"
"2025","5209709","Teriq Mallory","WR","Florida State","ACC","receiving","YPR","14.0"
"2025","5209761","Micah Amedee","DL","Boston College","ACC","defensive","PD","0"
"2025","5209761","Micah Amedee","DL","Boston College","ACC","defensive","QB HUR","1"
"2025","5209761","Micah Amedee","DL","Boston College","ACC","defensive","SACKS","1"
"2025","5209761","Micah Amedee","DL","Boston College","ACC","defensive","SOLO","3"
"2025","5209761","Micah Amedee","DL","Boston College","ACC","defensive","TD","0"
"2025","5209761","Micah Amedee","DL","Boston College","ACC","defensive","TFL","1"
"2025","5209761","Micah Amedee","DL","Boston College","ACC","defensive","TOT","5"
"2025","5209762","Shane Marshall","RB","Georgia Tech","ACC","fumbles","FUM","3"
"2025","5209762","Shane Marshall","RB","Georgia Tech","ACC","fumbles","LOST","0"
"2025","5209762","Shane Marshall","RB","Georgia Tech","ACC","fumbles","REC","0"
"2025","5209762","Shane Marshall","RB","Georgia Tech","ACC","kickReturns","AVG","19.4"
"2025","5209762","Shane Marshall","RB","Georgia Tech","ACC","kickReturns","LONG","32"
"2025","5209762","Shane Marshall","RB","Georgia Tech","ACC","kickReturns","NO","13"
"2025","5209762","Shane Marshall","RB","Georgia Tech","ACC","kickReturns","TD","0"
"2025","5209762","Shane Marshall","RB","Georgia Tech","ACC","kickReturns","YDS","252"
"2025","5209762","Shane Marshall","RB","Georgia Tech","ACC","rushing","CAR","2"
"2025","5209762","Shane Marshall","RB","Georgia Tech","ACC","rushing","LONG","8"
"2025","5209762","Shane Marshall","RB","Georgia Tech","ACC","rushing","TD","0"
"2025","5209762","Shane Marshall","RB","Georgia Tech","ACC","rushing","YDS","10"
"2025","5209762","Shane Marshall","RB","Georgia Tech","ACC","rushing","YPC","5.0"
"2025","5209787","TJ Green","DB","Boston College","ACC","defensive","PD","2"
"2025","5209787","TJ Green","DB","Boston College","ACC","defensive","QB HUR","0"
"2025","5209787","TJ Green","DB","Boston College","ACC","defensive","SACKS","1"
"2025","5209787","TJ Green","DB","Boston College","ACC","defensive","SOLO","18"
"2025","5209787","TJ Green","DB","Boston College","ACC","defensive","TD","0"
"2025","5209787","TJ Green","DB","Boston College","ACC","defensive","TFL","1"
"2025","5209787","TJ Green","DB","Boston College","ACC","defensive","TOT","25"
"2025","5209787","TJ Green","DB","Boston College","ACC","kickReturns","AVG","21.7"
"2025","5209787","TJ Green","DB","Boston College","ACC","kickReturns","LONG","33"
"2025","5209787","TJ Green","DB","Boston College","ACC","kickReturns","NO","6"
"2025","5209787","TJ Green","DB","Boston College","ACC","kickReturns","TD","0"
"2025","5209787","TJ Green","DB","Boston College","ACC","kickReturns","YDS","130"
"2025","5209788","Lonnie McAllister III","CB","Stanford","ACC","defensive","PD","1"
"2025","5209788","Lonnie McAllister III","CB","Stanford","ACC","defensive","QB HUR","0"
"2025","5209788","Lonnie McAllister III","CB","Stanford","ACC","defensive","SACKS","0"
"2025","5209788","Lonnie McAllister III","CB","Stanford","ACC","defensive","SOLO","4"
"2025","5209788","Lonnie McAllister III","CB","Stanford","ACC","defensive","TD","0"
"2025","5209788","Lonnie McAllister III","CB","Stanford","ACC","defensive","TFL","0"
"2025","5209788","Lonnie McAllister III","CB","Stanford","ACC","defensive","TOT","7"
"2025","5209935","Eric Hazzard","DL","Louisville","ACC","defensive","PD","0"
"2025","5209935","Eric Hazzard","DL","Louisville","ACC","defensive","QB HUR","0"
"2025","5209935","Eric Hazzard","DL","Louisville","ACC","defensive","SACKS","0"
"2025","5209935","Eric Hazzard","DL","Louisville","ACC","defensive","SOLO","3"
"2025","5209935","Eric Hazzard","DL","Louisville","ACC","defensive","TD","0"
"2025","5209935","Eric Hazzard","DL","Louisville","ACC","defensive","TFL","0"
"2025","5209935","Eric Hazzard","DL","Louisville","ACC","defensive","TOT","5"
"2025","5209935","Eric Hazzard","DL","Louisville","ACC","puntReturns","AVG","3.0"
"2025","5209935","Eric Hazzard","DL","Louisville","ACC","puntReturns","LONG","3"
"2025","5209935","Eric Hazzard","DL","Louisville","ACC","puntReturns","NO","1"
"2025","5209935","Eric Hazzard","DL","Louisville","ACC","puntReturns","TD","0"
"2025","5209935","Eric Hazzard","DL","Louisville","ACC","puntReturns","YDS","3"
"2025","5210003","Chris Denson","QB","Clemson","ACC","passing","ATT","4"
"2025","5210003","Chris Denson","QB","Clemson","ACC","passing","COMPLETIONS","4"
"2025","5210003","Chris Denson","QB","Clemson","ACC","passing","INT","0"
"2025","5210003","Chris Denson","QB","Clemson","ACC","passing","PCT","1.000"
"2025","5210003","Chris Denson","QB","Clemson","ACC","passing","TD","1"
"2025","5210003","Chris Denson","QB","Clemson","ACC","passing","YDS","22"
"2025","5210003","Chris Denson","QB","Clemson","ACC","passing","YPA","5.5"
"2025","5210003","Chris Denson","QB","Clemson","ACC","rushing","CAR","7"
"2025","5210003","Chris Denson","QB","Clemson","ACC","rushing","LONG","50"
"2025","5210003","Chris Denson","QB","Clemson","ACC","rushing","TD","1"
"2025","5210003","Chris Denson","QB","Clemson","ACC","rushing","YDS","108"
"2025","5210003","Chris Denson","QB","Clemson","ACC","rushing","YPC","15.4"
"2025","5210164","Bryce Yates","WR","Pittsburgh","ACC","passing","ATT","1"
"2025","5210164","Bryce Yates","WR","Pittsburgh","ACC","passing","COMPLETIONS","0"
"2025","5210164","Bryce Yates","WR","Pittsburgh","ACC","passing","INT","0"
"2025","5210164","Bryce Yates","WR","Pittsburgh","ACC","passing","PCT","0.000"
"2025","5210164","Bryce Yates","WR","Pittsburgh","ACC","passing","TD","0"
"2025","5210164","Bryce Yates","WR","Pittsburgh","ACC","passing","YDS","0"
"2025","5210164","Bryce Yates","WR","Pittsburgh","ACC","passing","YPA","0.0"
"2025","5210164","Bryce Yates","WR","Pittsburgh","ACC","receiving","LONG","68"
"2025","5210164","Bryce Yates","WR","Pittsburgh","ACC","receiving","REC","11"
"2025","5210164","Bryce Yates","WR","Pittsburgh","ACC","receiving","TD","1"
"2025","5210164","Bryce Yates","WR","Pittsburgh","ACC","receiving","YDS","202"
"2025","5210164","Bryce Yates","WR","Pittsburgh","ACC","receiving","YPR","18.4"
"2025","5210184","Ziyyon Bredell","DB","Syracuse","ACC","defensive","PD","0"
"2025","5210184","Ziyyon Bredell","DB","Syracuse","ACC","defensive","QB HUR","0"
"2025","5210184","Ziyyon Bredell","DB","Syracuse","ACC","defensive","SACKS","0"
"2025","5210184","Ziyyon Bredell","DB","Syracuse","ACC","defensive","SOLO","2"
"2025","5210184","Ziyyon Bredell","DB","Syracuse","ACC","defensive","TD","0"
"2025","5210184","Ziyyon Bredell","DB","Syracuse","ACC","defensive","TFL","0"
"2025","5210184","Ziyyon Bredell","DB","Syracuse","ACC","defensive","TOT","2"
"2025","5210515","Daunte Bacheyie","TE","Syracuse","ACC","defensive","PD","0"
"2025","5210515","Daunte Bacheyie","TE","Syracuse","ACC","defensive","QB HUR","0"
"2025","5210515","Daunte Bacheyie","TE","Syracuse","ACC","defensive","SACKS","0"
"2025","5210515","Daunte Bacheyie","TE","Syracuse","ACC","defensive","SOLO","1"
"2025","5210515","Daunte Bacheyie","TE","Syracuse","ACC","defensive","TD","0"
"2025","5210515","Daunte Bacheyie","TE","Syracuse","ACC","defensive","TFL","0"
"2025","5210515","Daunte Bacheyie","TE","Syracuse","ACC","defensive","TOT","1"
"2025","5210515","Daunte Bacheyie","TE","Syracuse","ACC","receiving","LONG","15"
"2025","5210515","Daunte Bacheyie","TE","Syracuse","ACC","receiving","REC","5"
"2025","5210515","Daunte Bacheyie","TE","Syracuse","ACC","receiving","TD","0"
"2025","5210515","Daunte Bacheyie","TE","Syracuse","ACC","receiving","YDS","42"
"2025","5210515","Daunte Bacheyie","TE","Syracuse","ACC","receiving","YPR","8.4"
"2025","5210729","Xay Davis","RB","Virginia","ACC","rushing","CAR","23"
"2025","5210729","Xay Davis","RB","Virginia","ACC","rushing","LONG","8"
"2025","5210729","Xay Davis","RB","Virginia","ACC","rushing","TD","0"
"2025","5210729","Xay Davis","RB","Virginia","ACC","rushing","YDS","86"
"2025","5210729","Xay Davis","RB","Virginia","ACC","rushing","YPC","3.7"
"2025","5211163","Mekhi Dodd","RB","Boston College","ACC","receiving","LONG","3"
"2025","5211163","Mekhi Dodd","RB","Boston College","ACC","receiving","REC","1"
"2025","5211163","Mekhi Dodd","RB","Boston College","ACC","receiving","TD","0"
"2025","5211163","Mekhi Dodd","RB","Boston College","ACC","receiving","YDS","3"
"2025","5211163","Mekhi Dodd","RB","Boston College","ACC","receiving","YPR","3.0"
"2025","5211163","Mekhi Dodd","RB","Boston College","ACC","rushing","CAR","7"
"2025","5211163","Mekhi Dodd","RB","Boston College","ACC","rushing","LONG","4"
"2025","5211163","Mekhi Dodd","RB","Boston College","ACC","rushing","TD","0"
"2025","5211163","Mekhi Dodd","RB","Boston College","ACC","rushing","YDS","12"
"2025","5211163","Mekhi Dodd","RB","Boston College","ACC","rushing","YPC","1.7"
"2025","5211398","Tristan Teasdell","S","NC State","ACC","defensive","PD","0"
"2025","5211398","Tristan Teasdell","S","NC State","ACC","defensive","QB HUR","0"
"2025","5211398","Tristan Teasdell","S","NC State","ACC","defensive","SACKS","0"
"2025","5211398","Tristan Teasdell","S","NC State","ACC","defensive","SOLO","9"
"2025","5211398","Tristan Teasdell","S","NC State","ACC","defensive","TD","0"
"2025","5211398","Tristan Teasdell","S","NC State","ACC","defensive","TFL","0"
"2025","5211398","Tristan Teasdell","S","NC State","ACC","defensive","TOT","23"
"2025","5211398","Tristan Teasdell","S","NC State","ACC","interceptions","AVG","30.0"
"2025","5211398","Tristan Teasdell","S","NC State","ACC","interceptions","INT","1"
"2025","5211398","Tristan Teasdell","S","NC State","ACC","interceptions","TD","0"
"2025","5211398","Tristan Teasdell","S","NC State","ACC","interceptions","YDS","30"
"2025","5211422","Donte Utu","S","Stanford","ACC","defensive","PD","0"
"2025","5211422","Donte Utu","S","Stanford","ACC","defensive","QB HUR","0"
"2025","5211422","Donte Utu","S","Stanford","ACC","defensive","SACKS","0"
"2025","5211422","Donte Utu","S","Stanford","ACC","defensive","SOLO","1"
"2025","5211422","Donte Utu","S","Stanford","ACC","defensive","TD","0"
"2025","5211422","Donte Utu","S","Stanford","ACC","defensive","TFL","0"
"2025","5211422","Donte Utu","S","Stanford","ACC","defensive","TOT","1"
"2025","5211899","Blake Belin","DL","Georgia Tech","ACC","defensive","PD","0"
"2025","5211899","Blake Belin","DL","Georgia Tech","ACC","defensive","QB HUR","1"
"2025","5211899","Blake Belin","DL","Georgia Tech","ACC","defensive","SACKS","0"
"2025","5211899","Blake Belin","DL","Georgia Tech","ACC","defensive","SOLO","0"
"2025","5211899","Blake Belin","DL","Georgia Tech","ACC","defensive","TD","0"
"2025","5211899","Blake Belin","DL","Georgia Tech","ACC","defensive","TFL","0"
"2025","5211899","Blake Belin","DL","Georgia Tech","ACC","defensive","TOT","1"
"2025","5211906","Kadear Dembele","DL","Wake Forest","ACC","defensive","PD","0"
"2025","5211906","Kadear Dembele","DL","Wake Forest","ACC","defensive","QB HUR","0"
"2025","5211906","Kadear Dembele","DL","Wake Forest","ACC","defensive","SACKS","0"
"2025","5211906","Kadear Dembele","DL","Wake Forest","ACC","defensive","SOLO","3"
"2025","5211906","Kadear Dembele","DL","Wake Forest","ACC","defensive","TD","0"
"2025","5211906","Kadear Dembele","DL","Wake Forest","ACC","defensive","TFL","0.5"
"2025","5211906","Kadear Dembele","DL","Wake Forest","ACC","defensive","TOT","4"
"2025","5212231","Dillon Newton-Short","WR","Virginia","ACC","receiving","LONG","16"
"2025","5212231","Dillon Newton-Short","WR","Virginia","ACC","receiving","REC","3"
"2025","5212231","Dillon Newton-Short","WR","Virginia","ACC","receiving","TD","0"
"2025","5212231","Dillon Newton-Short","WR","Virginia","ACC","receiving","YDS","39"
"2025","5212231","Dillon Newton-Short","WR","Virginia","ACC","receiving","YPR","13.0"
"2025","5212611","Tony Kinsler","WR","Pittsburgh","ACC","defensive","PD","0"
"2025","5212611","Tony Kinsler","WR","Pittsburgh","ACC","defensive","QB HUR","0"
"2025","5212611","Tony Kinsler","WR","Pittsburgh","ACC","defensive","SACKS","0"
"2025","5212611","Tony Kinsler","WR","Pittsburgh","ACC","defensive","SOLO","3"
"2025","5212611","Tony Kinsler","WR","Pittsburgh","ACC","defensive","TD","0"
"2025","5212611","Tony Kinsler","WR","Pittsburgh","ACC","defensive","TFL","0"
"2025","5212611","Tony Kinsler","WR","Pittsburgh","ACC","defensive","TOT","3"
"2025","5212611","Tony Kinsler","WR","Pittsburgh","ACC","receiving","LONG","4"
"2025","5212611","Tony Kinsler","WR","Pittsburgh","ACC","receiving","REC","1"
"2025","5212611","Tony Kinsler","WR","Pittsburgh","ACC","receiving","TD","0"
"2025","5212611","Tony Kinsler","WR","Pittsburgh","ACC","receiving","YDS","4"
"2025","5212611","Tony Kinsler","WR","Pittsburgh","ACC","receiving","YPR","4.0"
"2025","5212665","Jalen Shivers","DE","SMU","ACC","defensive","PD","0"
"2025","5212665","Jalen Shivers","DE","SMU","ACC","defensive","QB HUR","1"
"2025","5212665","Jalen Shivers","DE","SMU","ACC","defensive","SACKS","0"
"2025","5212665","Jalen Shivers","DE","SMU","ACC","defensive","SOLO","0"
"2025","5212665","Jalen Shivers","DE","SMU","ACC","defensive","TD","0"
"2025","5212665","Jalen Shivers","DE","SMU","ACC","defensive","TFL","0"
"2025","5212665","Jalen Shivers","DE","SMU","ACC","defensive","TOT","0"
"2025","5212730","Caden Gordon","CB","NC State","ACC","defensive","PD","1"
"2025","5212730","Caden Gordon","CB","NC State","ACC","defensive","QB HUR","0"
"2025","5212730","Caden Gordon","CB","NC State","ACC","defensive","SACKS","0"
"2025","5212730","Caden Gordon","CB","NC State","ACC","defensive","SOLO","3"
"2025","5212730","Caden Gordon","CB","NC State","ACC","defensive","TD","0"
"2025","5212730","Caden Gordon","CB","NC State","ACC","defensive","TFL","0"
"2025","5212730","Caden Gordon","CB","NC State","ACC","defensive","TOT","4"
"2025","5212732","Liam Thorpe","WR","Stanford","ACC","fumbles","FUM","1"
"2025","5212732","Liam Thorpe","WR","Stanford","ACC","fumbles","LOST","1"
"2025","5212732","Liam Thorpe","WR","Stanford","ACC","fumbles","REC","0"
"2025","5212732","Liam Thorpe","WR","Stanford","ACC","kickReturns","AVG","19.5"
"2025","5212732","Liam Thorpe","WR","Stanford","ACC","kickReturns","LONG","21"
"2025","5212732","Liam Thorpe","WR","Stanford","ACC","kickReturns","NO","2"
"2025","5212732","Liam Thorpe","WR","Stanford","ACC","kickReturns","TD","0"
"2025","5212732","Liam Thorpe","WR","Stanford","ACC","kickReturns","YDS","39"
"2025","5212732","Liam Thorpe","WR","Stanford","ACC","puntReturns","AVG","7.8"
"2025","5212732","Liam Thorpe","WR","Stanford","ACC","puntReturns","LONG","26"
"2025","5212732","Liam Thorpe","WR","Stanford","ACC","puntReturns","NO","4"
"2025","5212732","Liam Thorpe","WR","Stanford","ACC","puntReturns","TD","0"
"2025","5212732","Liam Thorpe","WR","Stanford","ACC","puntReturns","YDS","31"
"2025","5212990","Darius Johnson","WR","Syracuse","ACC","receiving","LONG","25"
"2025","5212990","Darius Johnson","WR","Syracuse","ACC","receiving","REC","6"
"2025","5212990","Darius Johnson","WR","Syracuse","ACC","receiving","TD","0"
"2025","5212990","Darius Johnson","WR","Syracuse","ACC","receiving","YDS","48"
"2025","5212990","Darius Johnson","WR","Syracuse","ACC","receiving","YPR","8.0"
"2025","5213239","Au'Tori Newkirk","QB","North Carolina","ACC","passing","ATT","6"
"2025","5213239","Au'Tori Newkirk","QB","North Carolina","ACC","passing","COMPLETIONS","3"
"2025","5213239","Au'Tori Newkirk","QB","North Carolina","ACC","passing","INT","1"
"2025","5213239","Au'Tori Newkirk","QB","North Carolina","ACC","passing","PCT","0.500"
"2025","5213239","Au'Tori Newkirk","QB","North Carolina","ACC","passing","TD","1"
"2025","5213239","Au'Tori Newkirk","QB","North Carolina","ACC","passing","YDS","23"
"2025","5213239","Au'Tori Newkirk","QB","North Carolina","ACC","passing","YPA","3.8"
"2025","5213239","Au'Tori Newkirk","QB","North Carolina","ACC","rushing","CAR","1"
"2025","5213239","Au'Tori Newkirk","QB","North Carolina","ACC","rushing","LONG","13"
"2025","5213239","Au'Tori Newkirk","QB","North Carolina","ACC","rushing","TD","0"
"2025","5213239","Au'Tori Newkirk","QB","North Carolina","ACC","rushing","YDS","13"
"2025","5213239","Au'Tori Newkirk","QB","North Carolina","ACC","rushing","YPC","13.0"
"2025","5213303","Sheldon Robinson","S","Virginia Tech","ACC","defensive","PD","0"
"2025","5213303","Sheldon Robinson","S","Virginia Tech","ACC","defensive","QB HUR","0"
"2025","5213303","Sheldon Robinson","S","Virginia Tech","ACC","defensive","SACKS","0"
"2025","5213303","Sheldon Robinson","S","Virginia Tech","ACC","defensive","SOLO","11"
"2025","5213303","Sheldon Robinson","S","Virginia Tech","ACC","defensive","TD","0"
"2025","5213303","Sheldon Robinson","S","Virginia Tech","ACC","defensive","TFL","1"
"2025","5213303","Sheldon Robinson","S","Virginia Tech","ACC","defensive","TOT","21"
"2025","5213306","Emmanuel Taylor","LB","Pittsburgh","ACC","defensive","PD","0"
"2025","5213306","Emmanuel Taylor","LB","Pittsburgh","ACC","defensive","QB HUR","0"
"2025","5213306","Emmanuel Taylor","LB","Pittsburgh","ACC","defensive","SACKS","0"
"2025","5213306","Emmanuel Taylor","LB","Pittsburgh","ACC","defensive","SOLO","2"
"2025","5213306","Emmanuel Taylor","LB","Pittsburgh","ACC","defensive","TD","0"
"2025","5213306","Emmanuel Taylor","LB","Pittsburgh","ACC","defensive","TFL","0.5"
"2025","5213306","Emmanuel Taylor","LB","Pittsburgh","ACC","defensive","TOT","5"
"2025","5213307","Justin Thompson","LB","Pittsburgh","ACC","defensive","PD","0"
"2025","5213307","Justin Thompson","LB","Pittsburgh","ACC","defensive","QB HUR","1"
"2025","5213307","Justin Thompson","LB","Pittsburgh","ACC","defensive","SACKS","0"
"2025","5213307","Justin Thompson","LB","Pittsburgh","ACC","defensive","SOLO","0"
"2025","5213307","Justin Thompson","LB","Pittsburgh","ACC","defensive","TD","0"
"2025","5213307","Justin Thompson","LB","Pittsburgh","ACC","defensive","TFL","0"
"2025","5213307","Justin Thompson","LB","Pittsburgh","ACC","defensive","TOT","0"
"2025","5214353","Josiah Persinger","CB","Virginia","ACC","defensive","PD","1"
"2025","5214353","Josiah Persinger","CB","Virginia","ACC","defensive","QB HUR","0"
"2025","5214353","Josiah Persinger","CB","Virginia","ACC","defensive","SACKS","0"
"2025","5214353","Josiah Persinger","CB","Virginia","ACC","defensive","SOLO","2"
"2025","5214353","Josiah Persinger","CB","Virginia","ACC","defensive","TD","0"
"2025","5214353","Josiah Persinger","CB","Virginia","ACC","defensive","TFL","0"
"2025","5214353","Josiah Persinger","CB","Virginia","ACC","defensive","TOT","2"
"2025","5214365","Lukas Sanker","DB","Virginia","ACC","defensive","PD","0"
"2025","5214365","Lukas Sanker","DB","Virginia","ACC","defensive","QB HUR","0"
"2025","5214365","Lukas Sanker","DB","Virginia","ACC","defensive","SACKS","0"
"2025","5214365","Lukas Sanker","DB","Virginia","ACC","defensive","SOLO","0"
"2025","5214365","Lukas Sanker","DB","Virginia","ACC","defensive","TD","0"
"2025","5214365","Lukas Sanker","DB","Virginia","ACC","defensive","TFL","0"
"2025","5214365","Lukas Sanker","DB","Virginia","ACC","defensive","TOT","1"
"2025","5214409","Jeffrey Overton Jr.","RB","Virginia Tech","ACC","receiving","LONG","36"
"2025","5214409","Jeffrey Overton Jr.","RB","Virginia Tech","ACC","receiving","REC","1"
"2025","5214409","Jeffrey Overton Jr.","RB","Virginia Tech","ACC","receiving","TD","0"
"2025","5214409","Jeffrey Overton Jr.","RB","Virginia Tech","ACC","receiving","YDS","36"
"2025","5214409","Jeffrey Overton Jr.","RB","Virginia Tech","ACC","receiving","YPR","36.0"
"2025","5214409","Jeffrey Overton Jr.","RB","Virginia Tech","ACC","rushing","CAR","25"
"2025","5214409","Jeffrey Overton Jr.","RB","Virginia Tech","ACC","rushing","LONG","38"
"2025","5214409","Jeffrey Overton Jr.","RB","Virginia Tech","ACC","rushing","TD","1"
"2025","5214409","Jeffrey Overton Jr.","RB","Virginia Tech","ACC","rushing","YDS","146"
"2025","5214409","Jeffrey Overton Jr.","RB","Virginia Tech","ACC","rushing","YPC","5.8"
"2025","5214511","Israel Oladipupo","DL","Boston College","ACC","defensive","PD","0"
"2025","5214511","Israel Oladipupo","DL","Boston College","ACC","defensive","QB HUR","0"
"2025","5214511","Israel Oladipupo","DL","Boston College","ACC","defensive","SACKS","0"
"2025","5214511","Israel Oladipupo","DL","Boston College","ACC","defensive","SOLO","1"
"2025","5214511","Israel Oladipupo","DL","Boston College","ACC","defensive","TD","0"
"2025","5214511","Israel Oladipupo","DL","Boston College","ACC","defensive","TFL","0"
"2025","5214511","Israel Oladipupo","DL","Boston College","ACC","defensive","TOT","2"
"2025","5214513","Herbert Scroggins III","DL","Miami","ACC","defensive","PD","0"
"2025","5214513","Herbert Scroggins III","DL","Miami","ACC","defensive","QB HUR","1"
"2025","5214513","Herbert Scroggins III","DL","Miami","ACC","defensive","SACKS","0"
"2025","5214513","Herbert Scroggins III","DL","Miami","ACC","defensive","SOLO","1"
"2025","5214513","Herbert Scroggins III","DL","Miami","ACC","defensive","TD","0"
"2025","5214513","Herbert Scroggins III","DL","Miami","ACC","defensive","TFL","0"
"2025","5214513","Herbert Scroggins III","DL","Miami","ACC","defensive","TOT","4"
"2025","5214524","Cole Woodson","DB","Pittsburgh","ACC","defensive","PD","0"
"2025","5214524","Cole Woodson","DB","Pittsburgh","ACC","defensive","QB HUR","0"
"2025","5214524","Cole Woodson","DB","Pittsburgh","ACC","defensive","SACKS","0"
"2025","5214524","Cole Woodson","DB","Pittsburgh","ACC","defensive","SOLO","2"
"2025","5214524","Cole Woodson","DB","Pittsburgh","ACC","defensive","TD","0"
"2025","5214524","Cole Woodson","DB","Pittsburgh","ACC","defensive","TFL","0"
"2025","5214524","Cole Woodson","DB","Pittsburgh","ACC","defensive","TOT","7"
"2025","5214561","Josh Guerrier","DB","Pittsburgh","ACC","defensive","PD","3"
"2025","5214561","Josh Guerrier","DB","Pittsburgh","ACC","defensive","QB HUR","0"
"2025","5214561","Josh Guerrier","DB","Pittsburgh","ACC","defensive","SACKS","0"
"2025","5214561","Josh Guerrier","DB","Pittsburgh","ACC","defensive","SOLO","4"
"2025","5214561","Josh Guerrier","DB","Pittsburgh","ACC","defensive","TD","0"
"2025","5214561","Josh Guerrier","DB","Pittsburgh","ACC","defensive","TFL","0"
"2025","5214561","Josh Guerrier","DB","Pittsburgh","ACC","defensive","TOT","8"
"2025","5214566","Dawson Pough","WR","Boston College","ACC","receiving","LONG","52"
"2025","5214566","Dawson Pough","WR","Boston College","ACC","receiving","REC","13"
"2025","5214566","Dawson Pough","WR","Boston College","ACC","receiving","TD","1"
"2025","5214566","Dawson Pough","WR","Boston College","ACC","receiving","YDS","197"
"2025","5214566","Dawson Pough","WR","Boston College","ACC","receiving","YPR","15.2"
"2025","5214935","Elliott Schaper","LB","Duke","ACC","defensive","PD","0"
"2025","5214935","Elliott Schaper","LB","Duke","ACC","defensive","QB HUR","0"
"2025","5214935","Elliott Schaper","LB","Duke","ACC","defensive","SACKS","2"
"2025","5214935","Elliott Schaper","LB","Duke","ACC","defensive","SOLO","5"
"2025","5214935","Elliott Schaper","LB","Duke","ACC","defensive","TD","0"
"2025","5214935","Elliott Schaper","LB","Duke","ACC","defensive","TFL","2"
"2025","5214935","Elliott Schaper","LB","Duke","ACC","defensive","TOT","16"
"2025","5214935","Elliott Schaper","LB","Duke","ACC","interceptions","AVG","5.0"
"2025","5214935","Elliott Schaper","LB","Duke","ACC","interceptions","INT","1"
"2025","5214935","Elliott Schaper","LB","Duke","ACC","interceptions","TD","0"
"2025","5214935","Elliott Schaper","LB","Duke","ACC","interceptions","YDS","5"
"2025","5214943","Marcelous Townsend","DB","Boston College","ACC","defensive","PD","0"
"2025","5214943","Marcelous Townsend","DB","Boston College","ACC","defensive","QB HUR","0"
"2025","5214943","Marcelous Townsend","DB","Boston College","ACC","defensive","SACKS","0"
"2025","5214943","Marcelous Townsend","DB","Boston College","ACC","defensive","SOLO","6"
"2025","5214943","Marcelous Townsend","DB","Boston College","ACC","defensive","TD","0"
"2025","5214943","Marcelous Townsend","DB","Boston College","ACC","defensive","TFL","0"
"2025","5214943","Marcelous Townsend","DB","Boston College","ACC","defensive","TOT","6"
"2025","5215011","J.P. Powell","RB","Georgia Tech","ACC","defensive","PD","0"
"2025","5215011","J.P. Powell","RB","Georgia Tech","ACC","defensive","QB HUR","0"
"2025","5215011","J.P. Powell","RB","Georgia Tech","ACC","defensive","SACKS","0"
"2025","5215011","J.P. Powell","RB","Georgia Tech","ACC","defensive","SOLO","0"
"2025","5215011","J.P. Powell","RB","Georgia Tech","ACC","defensive","TD","0"
"2025","5215011","J.P. Powell","RB","Georgia Tech","ACC","defensive","TFL","0"
"2025","5215011","J.P. Powell","RB","Georgia Tech","ACC","defensive","TOT","2"
"2025","5215011","J.P. Powell","RB","Georgia Tech","ACC","rushing","CAR","5"
"2025","5215011","J.P. Powell","RB","Georgia Tech","ACC","rushing","LONG","61"
"2025","5215011","J.P. Powell","RB","Georgia Tech","ACC","rushing","TD","1"
"2025","5215011","J.P. Powell","RB","Georgia Tech","ACC","rushing","YDS","72"
"2025","5215011","J.P. Powell","RB","Georgia Tech","ACC","rushing","YPC","14.4"
"2025","5215212","Fenix Felton","DB","Georgia Tech","ACC","defensive","PD","0"
"2025","5215212","Fenix Felton","DB","Georgia Tech","ACC","defensive","QB HUR","0"
"2025","5215212","Fenix Felton","DB","Georgia Tech","ACC","defensive","SACKS","0"
"2025","5215212","Fenix Felton","DB","Georgia Tech","ACC","defensive","SOLO","8"
"2025","5215212","Fenix Felton","DB","Georgia Tech","ACC","defensive","TD","0"
"2025","5215212","Fenix Felton","DB","Georgia Tech","ACC","defensive","TFL","0"
"2025","5215212","Fenix Felton","DB","Georgia Tech","ACC","defensive","TOT","13"
"2025","5215237","Elgin Sessions","DB","Georgia Tech","ACC","defensive","PD","0"
"2025","5215237","Elgin Sessions","DB","Georgia Tech","ACC","defensive","QB HUR","0"
"2025","5215237","Elgin Sessions","DB","Georgia Tech","ACC","defensive","SACKS","0"
"2025","5215237","Elgin Sessions","DB","Georgia Tech","ACC","defensive","SOLO","1"
"2025","5215237","Elgin Sessions","DB","Georgia Tech","ACC","defensive","TD","0"
"2025","5215237","Elgin Sessions","DB","Georgia Tech","ACC","defensive","TFL","0"
"2025","5215237","Elgin Sessions","DB","Georgia Tech","ACC","defensive","TOT","2"
"2025","5215292","Omarion Davis","DB","Boston College","ACC","defensive","PD","0"
"2025","5215292","Omarion Davis","DB","Boston College","ACC","defensive","QB HUR","1"
"2025","5215292","Omarion Davis","DB","Boston College","ACC","defensive","SACKS","0"
"2025","5215292","Omarion Davis","DB","Boston College","ACC","defensive","SOLO","8"
"2025","5215292","Omarion Davis","DB","Boston College","ACC","defensive","TD","0"
"2025","5215292","Omarion Davis","DB","Boston College","ACC","defensive","TFL","0"
"2025","5215292","Omarion Davis","DB","Boston College","ACC","defensive","TOT","13"
"2025","5215337","Preston Douglas","TE","NC State","ACC","defensive","PD","0"
"2025","5215337","Preston Douglas","TE","NC State","ACC","defensive","QB HUR","0"
"2025","5215337","Preston Douglas","TE","NC State","ACC","defensive","SACKS","0"
"2025","5215337","Preston Douglas","TE","NC State","ACC","defensive","SOLO","1"
"2025","5215337","Preston Douglas","TE","NC State","ACC","defensive","TD","0"
"2025","5215337","Preston Douglas","TE","NC State","ACC","defensive","TFL","0"
"2025","5215337","Preston Douglas","TE","NC State","ACC","defensive","TOT","3"
"2025","5215337","Preston Douglas","TE","NC State","ACC","receiving","LONG","18"
"2025","5215337","Preston Douglas","TE","NC State","ACC","receiving","REC","1"
"2025","5215337","Preston Douglas","TE","NC State","ACC","receiving","TD","0"
"2025","5215337","Preston Douglas","TE","NC State","ACC","receiving","YDS","18"
"2025","5215337","Preston Douglas","TE","NC State","ACC","receiving","YPR","18.0"
"2025","5215337","Preston Douglas","TE","NC State","ACC","rushing","CAR","1"
"2025","5215337","Preston Douglas","TE","NC State","ACC","rushing","LONG","2"
"2025","5215337","Preston Douglas","TE","NC State","ACC","rushing","TD","0"
"2025","5215337","Preston Douglas","TE","NC State","ACC","rushing","YDS","2"
"2025","5215337","Preston Douglas","TE","NC State","ACC","rushing","YPC","2.0"
"2025","5215541","Quante Gillians","DL","Syracuse","ACC","defensive","PD","0"
"2025","5215541","Quante Gillians","DL","Syracuse","ACC","defensive","QB HUR","0"
"2025","5215541","Quante Gillians","DL","Syracuse","ACC","defensive","SACKS","0"
"2025","5215541","Quante Gillians","DL","Syracuse","ACC","defensive","SOLO","0"
"2025","5215541","Quante Gillians","DL","Syracuse","ACC","defensive","TD","0"
"2025","5215541","Quante Gillians","DL","Syracuse","ACC","defensive","TFL","0"
"2025","5215541","Quante Gillians","DL","Syracuse","ACC","defensive","TOT","1"
"2025","5215542","Bradley Gompers","LB","Duke","ACC","defensive","PD","0"
"2025","5215542","Bradley Gompers","LB","Duke","ACC","defensive","QB HUR","0"
"2025","5215542","Bradley Gompers","LB","Duke","ACC","defensive","SACKS","0"
"2025","5215542","Bradley Gompers","LB","Duke","ACC","defensive","SOLO","8"
"2025","5215542","Bradley Gompers","LB","Duke","ACC","defensive","TD","0"
"2025","5215542","Bradley Gompers","LB","Duke","ACC","defensive","TFL","1.5"
"2025","5215542","Bradley Gompers","LB","Duke","ACC","defensive","TOT","14"
"2025","5215542","Bradley Gompers","LB","Duke","ACC","fumbles","FUM","0"
"2025","5215542","Bradley Gompers","LB","Duke","ACC","fumbles","LOST","0"
"2025","5215542","Bradley Gompers","LB","Duke","ACC","fumbles","REC","1"
"2025","5215547","Jakarrion Kenan","S","Clemson","ACC","defensive","PD","0"
"2025","5215547","Jakarrion Kenan","S","Clemson","ACC","defensive","QB HUR","0"
"2025","5215547","Jakarrion Kenan","S","Clemson","ACC","defensive","SACKS","0"
"2025","5215547","Jakarrion Kenan","S","Clemson","ACC","defensive","SOLO","1"
"2025","5215547","Jakarrion Kenan","S","Clemson","ACC","defensive","TD","0"
"2025","5215547","Jakarrion Kenan","S","Clemson","ACC","defensive","TFL","1"
"2025","5215547","Jakarrion Kenan","S","Clemson","ACC","defensive","TOT","2"
"2025","5215579","Zacari Thomas","LB","Boston College","ACC","defensive","PD","0"
"2025","5215579","Zacari Thomas","LB","Boston College","ACC","defensive","QB HUR","0"
"2025","5215579","Zacari Thomas","LB","Boston College","ACC","defensive","SACKS","0"
"2025","5215579","Zacari Thomas","LB","Boston College","ACC","defensive","SOLO","5"
"2025","5215579","Zacari Thomas","LB","Boston College","ACC","defensive","TD","0"
"2025","5215579","Zacari Thomas","LB","Boston College","ACC","defensive","TFL","0"
"2025","5215579","Zacari Thomas","LB","Boston College","ACC","defensive","TOT","6"
"2025","5216307","Shawn Lee Jr.","DB","Pittsburgh","ACC","defensive","PD","4"
"2025","5216307","Shawn Lee Jr.","DB","Pittsburgh","ACC","defensive","QB HUR","0"
"2025","5216307","Shawn Lee Jr.","DB","Pittsburgh","ACC","defensive","SACKS","0"
"2025","5216307","Shawn Lee Jr.","DB","Pittsburgh","ACC","defensive","SOLO","23"
"2025","5216307","Shawn Lee Jr.","DB","Pittsburgh","ACC","defensive","TD","1"
"2025","5216307","Shawn Lee Jr.","DB","Pittsburgh","ACC","defensive","TFL","4.5"
"2025","5216307","Shawn Lee Jr.","DB","Pittsburgh","ACC","defensive","TOT","31"
"2025","5216307","Shawn Lee Jr.","DB","Pittsburgh","ACC","interceptions","AVG","30.0"
"2025","5216307","Shawn Lee Jr.","DB","Pittsburgh","ACC","interceptions","INT","1"
"2025","5216307","Shawn Lee Jr.","DB","Pittsburgh","ACC","interceptions","TD","1"
"2025","5216307","Shawn Lee Jr.","DB","Pittsburgh","ACC","interceptions","YDS","30"
"2025","5216309","Ashton Cunningham","DB","Boston College","ACC","defensive","PD","3"
"2025","5216309","Ashton Cunningham","DB","Boston College","ACC","defensive","QB HUR","0"
"2025","5216309","Ashton Cunningham","DB","Boston College","ACC","defensive","SACKS","0"
"2025","5216309","Ashton Cunningham","DB","Boston College","ACC","defensive","SOLO","9"
"2025","5216309","Ashton Cunningham","DB","Boston College","ACC","defensive","TD","0"
"2025","5216309","Ashton Cunningham","DB","Boston College","ACC","defensive","TFL","0"
"2025","5216309","Ashton Cunningham","DB","Boston College","ACC","defensive","TOT","13"
"2025","5216505","Jamar Searcy","RB","Wake Forest","ACC","kickReturns","AVG","16.5"
"2025","5216505","Jamar Searcy","RB","Wake Forest","ACC","kickReturns","LONG","17"
"2025","5216505","Jamar Searcy","RB","Wake Forest","ACC","kickReturns","NO","2"
"2025","5216505","Jamar Searcy","RB","Wake Forest","ACC","kickReturns","TD","0"
"2025","5216505","Jamar Searcy","RB","Wake Forest","ACC","kickReturns","YDS","33"
"2025","5216505","Jamar Searcy","RB","Wake Forest","ACC","rushing","CAR","5"
"2025","5216505","Jamar Searcy","RB","Wake Forest","ACC","rushing","LONG","21"
"2025","5216505","Jamar Searcy","RB","Wake Forest","ACC","rushing","TD","0"
"2025","5216505","Jamar Searcy","RB","Wake Forest","ACC","rushing","YDS","39"
"2025","5216505","Jamar Searcy","RB","Wake Forest","ACC","rushing","YPC","7.8"
"2025","5216573","Jayden Fry","DE","Boston College","ACC","defensive","PD","0"
"2025","5216573","Jayden Fry","DE","Boston College","ACC","defensive","QB HUR","1"
"2025","5216573","Jayden Fry","DE","Boston College","ACC","defensive","SACKS","0"
"2025","5216573","Jayden Fry","DE","Boston College","ACC","defensive","SOLO","0"
"2025","5216573","Jayden Fry","DE","Boston College","ACC","defensive","TD","0"
"2025","5216573","Jayden Fry","DE","Boston College","ACC","defensive","TFL","0"
"2025","5216573","Jayden Fry","DE","Boston College","ACC","defensive","TOT","0"
"2025","5216634","Sichan John","DT","Virginia","ACC","defensive","PD","0"
"2025","5216634","Sichan John","DT","Virginia","ACC","defensive","QB HUR","0"
"2025","5216634","Sichan John","DT","Virginia","ACC","defensive","SACKS","0"
"2025","5216634","Sichan John","DT","Virginia","ACC","defensive","SOLO","1"
"2025","5216634","Sichan John","DT","Virginia","ACC","defensive","TD","0"
"2025","5216634","Sichan John","DT","Virginia","ACC","defensive","TFL","0"
"2025","5216634","Sichan John","DT","Virginia","ACC","defensive","TOT","4"
"2025","5216641","Zeke Chinwike","DL","Virginia Tech","ACC","defensive","PD","0"
"2025","5216641","Zeke Chinwike","DL","Virginia Tech","ACC","defensive","QB HUR","0"
"2025","5216641","Zeke Chinwike","DL","Virginia Tech","ACC","defensive","SACKS","0"
"2025","5216641","Zeke Chinwike","DL","Virginia Tech","ACC","defensive","SOLO","0"
"2025","5216641","Zeke Chinwike","DL","Virginia Tech","ACC","defensive","TD","0"
"2025","5216641","Zeke Chinwike","DL","Virginia Tech","ACC","defensive","TFL","0"
"2025","5216641","Zeke Chinwike","DL","Virginia Tech","ACC","defensive","TOT","1"
"2025","5216791","Brunno Reus","P","Florida State","ACC","kicking","FGA","0"
"2025","5216791","Brunno Reus","P","Florida State","ACC","kicking","FGM","0"
"2025","5216791","Brunno Reus","P","Florida State","ACC","kicking","LONG","0"
"2025","5216791","Brunno Reus","P","Florida State","ACC","kicking","PCT","0"
"2025","5216791","Brunno Reus","P","Florida State","ACC","kicking","PTS","2"
"2025","5216791","Brunno Reus","P","Florida State","ACC","kicking","XPA","2"
"2025","5216791","Brunno Reus","P","Florida State","ACC","kicking","XPM","2"
"2025","5216791","Brunno Reus","P","Florida State","ACC","punting","In 20","0"
"2025","5216791","Brunno Reus","P","Florida State","ACC","punting","LONG","38"
"2025","5216791","Brunno Reus","P","Florida State","ACC","punting","NO","1"
"2025","5216791","Brunno Reus","P","Florida State","ACC","punting","TB","0"
"2025","5216791","Brunno Reus","P","Florida State","ACC","punting","YDS","38"
"2025","5216791","Brunno Reus","P","Florida State","ACC","punting","YPP","38.0"
"2025","5216842","Nathan Nyandoro","DL","Syracuse","ACC","defensive","PD","0"
"2025","5216842","Nathan Nyandoro","DL","Syracuse","ACC","defensive","QB HUR","1"
"2025","5216842","Nathan Nyandoro","DL","Syracuse","ACC","defensive","SACKS","0"
"2025","5216842","Nathan Nyandoro","DL","Syracuse","ACC","defensive","SOLO","2"
"2025","5216842","Nathan Nyandoro","DL","Syracuse","ACC","defensive","TD","0"
"2025","5216842","Nathan Nyandoro","DL","Syracuse","ACC","defensive","TFL","1"
"2025","5216842","Nathan Nyandoro","DL","Syracuse","ACC","defensive","TOT","3"
"2025","5217436","Freddie Gillens","DB","Wake Forest","ACC","defensive","PD","0"
"2025","5217436","Freddie Gillens","DB","Wake Forest","ACC","defensive","QB HUR","0"
"2025","5217436","Freddie Gillens","DB","Wake Forest","ACC","defensive","SACKS","0"
"2025","5217436","Freddie Gillens","DB","Wake Forest","ACC","defensive","SOLO","1"
"2025","5217436","Freddie Gillens","DB","Wake Forest","ACC","defensive","TD","0"
"2025","5217436","Freddie Gillens","DB","Wake Forest","ACC","defensive","TFL","0"
"2025","5217436","Freddie Gillens","DB","Wake Forest","ACC","defensive","TOT","1"
"2025","5217706","Josiah Victor","DL","NC State","ACC","defensive","PD","0"
"2025","5217706","Josiah Victor","DL","NC State","ACC","defensive","QB HUR","0"
"2025","5217706","Josiah Victor","DL","NC State","ACC","defensive","SACKS","0"
"2025","5217706","Josiah Victor","DL","NC State","ACC","defensive","SOLO","3"
"2025","5217706","Josiah Victor","DL","NC State","ACC","defensive","TD","0"
"2025","5217706","Josiah Victor","DL","NC State","ACC","defensive","TFL","0"
"2025","5217706","Josiah Victor","DL","NC State","ACC","defensive","TOT","10"
"2025","5217706","Josiah Victor","DL","NC State","ACC","fumbles","FUM","0"
"2025","5217706","Josiah Victor","DL","NC State","ACC","fumbles","LOST","0"
"2025","5217706","Josiah Victor","DL","NC State","ACC","fumbles","REC","1"
"2025","5217872","Cameron White","LB","Louisville","ACC","defensive","PD","1"
"2025","5217872","Cameron White","LB","Louisville","ACC","defensive","QB HUR","0"
"2025","5217872","Cameron White","LB","Louisville","ACC","defensive","SACKS","0"
"2025","5217872","Cameron White","LB","Louisville","ACC","defensive","SOLO","1"
"2025","5217872","Cameron White","LB","Louisville","ACC","defensive","TD","0"
"2025","5217872","Cameron White","LB","Louisville","ACC","defensive","TFL","0"
"2025","5217872","Cameron White","LB","Louisville","ACC","defensive","TOT","1"
"2025","5218242","Zay Parks","RB","Florida State","ACC","rushing","CAR","15"
"2025","5218242","Zay Parks","RB","Florida State","ACC","rushing","LONG","22"
"2025","5218242","Zay Parks","RB","Florida State","ACC","rushing","TD","1"
"2025","5218242","Zay Parks","RB","Florida State","ACC","rushing","YDS","95"
"2025","5218242","Zay Parks","RB","Florida State","ACC","rushing","YPC","6.3"
"2025","5218243","Jeremiah Johnson","RB","Florida State","ACC","rushing","CAR","10"
"2025","5218243","Jeremiah Johnson","RB","Florida State","ACC","rushing","LONG","16"
"2025","5218243","Jeremiah Johnson","RB","Florida State","ACC","rushing","TD","0"
"2025","5218243","Jeremiah Johnson","RB","Florida State","ACC","rushing","YDS","54"
"2025","5218243","Jeremiah Johnson","RB","Florida State","ACC","rushing","YPC","5.4"
"2025","5218244","Gav Holman","LB","Florida State","ACC","defensive","PD","1"
"2025","5218244","Gav Holman","LB","Florida State","ACC","defensive","QB HUR","0"
"2025","5218244","Gav Holman","LB","Florida State","ACC","defensive","SACKS","0"
"2025","5218244","Gav Holman","LB","Florida State","ACC","defensive","SOLO","0"
"2025","5218244","Gav Holman","LB","Florida State","ACC","defensive","TD","0"
"2025","5218244","Gav Holman","LB","Florida State","ACC","defensive","TFL","0"
"2025","5218244","Gav Holman","LB","Florida State","ACC","defensive","TOT","3"
"2025","5218248","Timir Hickman-Collins","LB","North Carolina","ACC","defensive","PD","0"
"2025","5218248","Timir Hickman-Collins","LB","North Carolina","ACC","defensive","QB HUR","0"
"2025","5218248","Timir Hickman-Collins","LB","North Carolina","ACC","defensive","SACKS","0"
"2025","5218248","Timir Hickman-Collins","LB","North Carolina","ACC","defensive","SOLO","5"
"2025","5218248","Timir Hickman-Collins","LB","North Carolina","ACC","defensive","TD","0"
"2025","5218248","Timir Hickman-Collins","LB","North Carolina","ACC","defensive","TFL","0"
"2025","5218248","Timir Hickman-Collins","LB","North Carolina","ACC","defensive","TOT","9"
"2025","5218249","Willy Suarez","WR","Florida State","ACC","receiving","LONG","5"
"2025","5218249","Willy Suarez","WR","Florida State","ACC","receiving","REC","1"
"2025","5218249","Willy Suarez","WR","Florida State","ACC","receiving","TD","0"
"2025","5218249","Willy Suarez","WR","Florida State","ACC","receiving","YDS","5"
"2025","5218249","Willy Suarez","WR","Florida State","ACC","receiving","YPR","5.0"
"2025","5218738","Ja'ir Smith","DB","California","ACC","defensive","PD","1"
"2025","5218738","Ja'ir Smith","DB","California","ACC","defensive","QB HUR","0"
"2025","5218738","Ja'ir Smith","DB","California","ACC","defensive","SACKS","0"
"2025","5218738","Ja'ir Smith","DB","California","ACC","defensive","SOLO","9"
"2025","5218738","Ja'ir Smith","DB","California","ACC","defensive","TD","0"
"2025","5218738","Ja'ir Smith","DB","California","ACC","defensive","TFL","0"
"2025","5218738","Ja'ir Smith","DB","California","ACC","defensive","TOT","13"
"2025","5218739","Dayday Aupiu","DB","California","ACC","defensive","PD","0"
"2025","5218739","Dayday Aupiu","DB","California","ACC","defensive","QB HUR","0"
"2025","5218739","Dayday Aupiu","DB","California","ACC","defensive","SACKS","0"
"2025","5218739","Dayday Aupiu","DB","California","ACC","defensive","SOLO","0"
"2025","5218739","Dayday Aupiu","DB","California","ACC","defensive","TD","0"
"2025","5218739","Dayday Aupiu","DB","California","ACC","defensive","TFL","0"
"2025","5218739","Dayday Aupiu","DB","California","ACC","defensive","TOT","1"
"2025","5218740","Isaiah Crosby","DB","California","ACC","defensive","PD","3"
"2025","5218740","Isaiah Crosby","DB","California","ACC","defensive","QB HUR","0"
"2025","5218740","Isaiah Crosby","DB","California","ACC","defensive","SACKS","0"
"2025","5218740","Isaiah Crosby","DB","California","ACC","defensive","SOLO","17"
"2025","5218740","Isaiah Crosby","DB","California","ACC","defensive","TD","0"
"2025","5218740","Isaiah Crosby","DB","California","ACC","defensive","TFL","1"
"2025","5218740","Isaiah Crosby","DB","California","ACC","defensive","TOT","24"
"2025","5218741","Jayden Parker","RB","California","ACC","rushing","CAR","1"
"2025","5218741","Jayden Parker","RB","California","ACC","rushing","LONG","3"
"2025","5218741","Jayden Parker","RB","California","ACC","rushing","TD","0"
"2025","5218741","Jayden Parker","RB","California","ACC","rushing","YDS","3"
"2025","5218741","Jayden Parker","RB","California","ACC","rushing","YPC","3.0"
"2025","5218742","Isaac Torres","WR","California","ACC","receiving","LONG","9"
"2025","5218742","Isaac Torres","WR","California","ACC","receiving","REC","1"
"2025","5218742","Isaac Torres","WR","California","ACC","receiving","TD","0"
"2025","5218742","Isaac Torres","WR","California","ACC","receiving","YDS","9"
"2025","5218742","Isaac Torres","WR","California","ACC","receiving","YPR","9.0"
"2025","5218743","Carson Perry-Smith","WR","California","ACC","defensive","PD","0"
"2025","5218743","Carson Perry-Smith","WR","California","ACC","defensive","QB HUR","0"
"2025","5218743","Carson Perry-Smith","WR","California","ACC","defensive","SACKS","0"
"2025","5218743","Carson Perry-Smith","WR","California","ACC","defensive","SOLO","0"
"2025","5218743","Carson Perry-Smith","WR","California","ACC","defensive","TD","0"
"2025","5218743","Carson Perry-Smith","WR","California","ACC","defensive","TFL","0"
"2025","5218743","Carson Perry-Smith","WR","California","ACC","defensive","TOT","1"
"2025","5218746","Aaron Hampton","LB","California","ACC","defensive","PD","0"
"2025","5218746","Aaron Hampton","LB","California","ACC","defensive","QB HUR","0"
"2025","5218746","Aaron Hampton","LB","California","ACC","defensive","SACKS","1"
"2025","5218746","Aaron Hampton","LB","California","ACC","defensive","SOLO","21"
"2025","5218746","Aaron Hampton","LB","California","ACC","defensive","TD","0"
"2025","5218746","Aaron Hampton","LB","California","ACC","defensive","TFL","1"
"2025","5218746","Aaron Hampton","LB","California","ACC","defensive","TOT","41"
"2025","5218753","T.J. Moore","WR","Clemson","ACC","fumbles","FUM","1"
"2025","5218753","T.J. Moore","WR","Clemson","ACC","fumbles","LOST","0"
"2025","5218753","T.J. Moore","WR","Clemson","ACC","fumbles","REC","0"
"2025","5218753","T.J. Moore","WR","Clemson","ACC","receiving","LONG","75"
"2025","5218753","T.J. Moore","WR","Clemson","ACC","receiving","REC","52"
"2025","5218753","T.J. Moore","WR","Clemson","ACC","receiving","TD","4"
"2025","5218753","T.J. Moore","WR","Clemson","ACC","receiving","YDS","837"
"2025","5218753","T.J. Moore","WR","Clemson","ACC","receiving","YPR","16.1"
"2025","5218753","T.J. Moore","WR","Clemson","ACC","rushing","CAR","2"
"2025","5218753","T.J. Moore","WR","Clemson","ACC","rushing","LONG","5"
"2025","5218753","T.J. Moore","WR","Clemson","ACC","rushing","TD","0"
"2025","5218753","T.J. Moore","WR","Clemson","ACC","rushing","YDS","8"
"2025","5218753","T.J. Moore","WR","Clemson","ACC","rushing","YPC","4.0"
"2025","5218756","Clark Sanderson","WR","Clemson","ACC","receiving","LONG","31"
"2025","5218756","Clark Sanderson","WR","Clemson","ACC","receiving","REC","2"
"2025","5218756","Clark Sanderson","WR","Clemson","ACC","receiving","TD","0"
"2025","5218756","Clark Sanderson","WR","Clemson","ACC","receiving","YDS","40"
"2025","5218756","Clark Sanderson","WR","Clemson","ACC","receiving","YPR","20.0"
"2025","5218757","Chase Byrd","WR","Clemson","ACC","fumbles","FUM","1"
"2025","5218757","Chase Byrd","WR","Clemson","ACC","fumbles","LOST","0"
"2025","5218757","Chase Byrd","WR","Clemson","ACC","fumbles","REC","0"
"2025","5218757","Chase Byrd","WR","Clemson","ACC","puntReturns","AVG","5.0"
"2025","5218757","Chase Byrd","WR","Clemson","ACC","puntReturns","LONG","10"
"2025","5218757","Chase Byrd","WR","Clemson","ACC","puntReturns","NO","2"
"2025","5218757","Chase Byrd","WR","Clemson","ACC","puntReturns","TD","0"
"2025","5218757","Chase Byrd","WR","Clemson","ACC","puntReturns","YDS","10"
"2025","5218757","Chase Byrd","WR","Clemson","ACC","receiving","LONG","9"
"2025","5218757","Chase Byrd","WR","Clemson","ACC","receiving","REC","2"
"2025","5218757","Chase Byrd","WR","Clemson","ACC","receiving","TD","0"
"2025","5218757","Chase Byrd","WR","Clemson","ACC","receiving","YDS","17"
"2025","5218757","Chase Byrd","WR","Clemson","ACC","receiving","YPR","8.5"
"2025","5218761","Joseph Roberto II","LB","Clemson","ACC","defensive","PD","0"
"2025","5218761","Joseph Roberto II","LB","Clemson","ACC","defensive","QB HUR","0"
"2025","5218761","Joseph Roberto II","LB","Clemson","ACC","defensive","SACKS","0"
"2025","5218761","Joseph Roberto II","LB","Clemson","ACC","defensive","SOLO","0"
"2025","5218761","Joseph Roberto II","LB","Clemson","ACC","defensive","TD","0"
"2025","5218761","Joseph Roberto II","LB","Clemson","ACC","defensive","TFL","0"
"2025","5218761","Joseph Roberto II","LB","Clemson","ACC","defensive","TOT","2"
"2025","5218787","Que'Sean Brown","WR","Duke","ACC","defensive","PD","0"
"2025","5218787","Que'Sean Brown","WR","Duke","ACC","defensive","QB HUR","0"
"2025","5218787","Que'Sean Brown","WR","Duke","ACC","defensive","SACKS","0"
"2025","5218787","Que'Sean Brown","WR","Duke","ACC","defensive","SOLO","1"
"2025","5218787","Que'Sean Brown","WR","Duke","ACC","defensive","TD","1"
"2025","5218787","Que'Sean Brown","WR","Duke","ACC","defensive","TFL","0"
"2025","5218787","Que'Sean Brown","WR","Duke","ACC","defensive","TOT","1"
"2025","5218787","Que'Sean Brown","WR","Duke","ACC","fumbles","FUM","3"
"2025","5218787","Que'Sean Brown","WR","Duke","ACC","fumbles","LOST","1"
"2025","5218787","Que'Sean Brown","WR","Duke","ACC","fumbles","REC","0"
"2025","5218787","Que'Sean Brown","WR","Duke","ACC","passing","ATT","1"
"2025","5218787","Que'Sean Brown","WR","Duke","ACC","passing","COMPLETIONS","0"
"2025","5218787","Que'Sean Brown","WR","Duke","ACC","passing","INT","0"
"2025","5218787","Que'Sean Brown","WR","Duke","ACC","passing","PCT","0.000"
"2025","5218787","Que'Sean Brown","WR","Duke","ACC","passing","TD","0"
"2025","5218787","Que'Sean Brown","WR","Duke","ACC","passing","YDS","0"
"2025","5218787","Que'Sean Brown","WR","Duke","ACC","passing","YPA","0.0"
"2025","5218787","Que'Sean Brown","WR","Duke","ACC","puntReturns","AVG","11.6"
"2025","5218787","Que'Sean Brown","WR","Duke","ACC","puntReturns","LONG","78"
"2025","5218787","Que'Sean Brown","WR","Duke","ACC","puntReturns","NO","10"
"2025","5218787","Que'Sean Brown","WR","Duke","ACC","puntReturns","TD","1"
"2025","5218787","Que'Sean Brown","WR","Duke","ACC","puntReturns","YDS","116"
"2025","5218787","Que'Sean Brown","WR","Duke","ACC","receiving","LONG","69"
"2025","5218787","Que'Sean Brown","WR","Duke","ACC","receiving","REC","63"
"2025","5218787","Que'Sean Brown","WR","Duke","ACC","receiving","TD","5"
"2025","5218787","Que'Sean Brown","WR","Duke","ACC","receiving","YDS","842"
"2025","5218787","Que'Sean Brown","WR","Duke","ACC","receiving","YPR","13.4"
"2025","5218787","Que'Sean Brown","WR","Duke","ACC","rushing","CAR","2"
"2025","5218787","Que'Sean Brown","WR","Duke","ACC","rushing","LONG","0"
"2025","5218787","Que'Sean Brown","WR","Duke","ACC","rushing","TD","0"
"2025","5218787","Que'Sean Brown","WR","Duke","ACC","rushing","YDS","-13"
"2025","5218787","Que'Sean Brown","WR","Duke","ACC","rushing","YPC","-6.5"
"2025","5218791","Cosme Salas","PK","Duke","ACC","defensive","PD","0"
"2025","5218791","Cosme Salas","PK","Duke","ACC","defensive","QB HUR","0"
"2025","5218791","Cosme Salas","PK","Duke","ACC","defensive","SACKS","0"
"2025","5218791","Cosme Salas","PK","Duke","ACC","defensive","SOLO","2"
"2025","5218791","Cosme Salas","PK","Duke","ACC","defensive","TD","0"
"2025","5218791","Cosme Salas","PK","Duke","ACC","defensive","TFL","0"
"2025","5218791","Cosme Salas","PK","Duke","ACC","defensive","TOT","2"
"2025","5218791","Cosme Salas","PK","Duke","ACC","kicking","FGA","0"
"2025","5218791","Cosme Salas","PK","Duke","ACC","kicking","FGM","0"
"2025","5218791","Cosme Salas","PK","Duke","ACC","kicking","LONG","0"
"2025","5218791","Cosme Salas","PK","Duke","ACC","kicking","PCT","0"
"2025","5218791","Cosme Salas","PK","Duke","ACC","kicking","PTS","1"
"2025","5218791","Cosme Salas","PK","Duke","ACC","kicking","XPA","1"
"2025","5218791","Cosme Salas","PK","Duke","ACC","kicking","XPM","1"
"2025","5218907","Luke Harpring","TE","Georgia Tech","ACC","kickReturns","AVG","6.0"
"2025","5218907","Luke Harpring","TE","Georgia Tech","ACC","kickReturns","LONG","6"
"2025","5218907","Luke Harpring","TE","Georgia Tech","ACC","kickReturns","NO","1"
"2025","5218907","Luke Harpring","TE","Georgia Tech","ACC","kickReturns","TD","0"
"2025","5218907","Luke Harpring","TE","Georgia Tech","ACC","kickReturns","YDS","6"
"2025","5218907","Luke Harpring","TE","Georgia Tech","ACC","receiving","LONG","27"
"2025","5218907","Luke Harpring","TE","Georgia Tech","ACC","receiving","REC","13"
"2025","5218907","Luke Harpring","TE","Georgia Tech","ACC","receiving","TD","0"
"2025","5218907","Luke Harpring","TE","Georgia Tech","ACC","receiving","YDS","158"
"2025","5218907","Luke Harpring","TE","Georgia Tech","ACC","receiving","YPR","12.2"
"2025","5218933","Tripp Woody","PK","Syracuse","ACC","kicking","FGA","14"
"2025","5218933","Tripp Woody","PK","Syracuse","ACC","kicking","FGM","12"
"2025","5218933","Tripp Woody","PK","Syracuse","ACC","kicking","LONG","49"
"2025","5218933","Tripp Woody","PK","Syracuse","ACC","kicking","PCT","0.857"
"2025","5218933","Tripp Woody","PK","Syracuse","ACC","kicking","PTS","58"
"2025","5218933","Tripp Woody","PK","Syracuse","ACC","kicking","XPA","22"
"2025","5218933","Tripp Woody","PK","Syracuse","ACC","kicking","XPM","22"
"2025","5219007","Ryan Henley","RB","Wake Forest","ACC","kickReturns","AVG","26.0"
"2025","5219007","Ryan Henley","RB","Wake Forest","ACC","kickReturns","LONG","26"
"2025","5219007","Ryan Henley","RB","Wake Forest","ACC","kickReturns","NO","1"
"2025","5219007","Ryan Henley","RB","Wake Forest","ACC","kickReturns","TD","0"
"2025","5219007","Ryan Henley","RB","Wake Forest","ACC","kickReturns","YDS","26"
"2025","5219162","Ty White","DB","North Carolina","ACC","defensive","PD","0"
"2025","5219162","Ty White","DB","North Carolina","ACC","defensive","QB HUR","0"
"2025","5219162","Ty White","DB","North Carolina","ACC","defensive","SACKS","0"
"2025","5219162","Ty White","DB","North Carolina","ACC","defensive","SOLO","2"
"2025","5219162","Ty White","DB","North Carolina","ACC","defensive","TD","0"
"2025","5219162","Ty White","DB","North Carolina","ACC","defensive","TFL","0"
"2025","5219162","Ty White","DB","North Carolina","ACC","defensive","TOT","3"
"2025","5219163","Malcolm Ziglar","DB","North Carolina","ACC","defensive","PD","0"
"2025","5219163","Malcolm Ziglar","DB","North Carolina","ACC","defensive","QB HUR","0"
"2025","5219163","Malcolm Ziglar","DB","North Carolina","ACC","defensive","SACKS","0"
"2025","5219163","Malcolm Ziglar","DB","North Carolina","ACC","defensive","SOLO","2"
"2025","5219163","Malcolm Ziglar","DB","North Carolina","ACC","defensive","TD","0"
"2025","5219163","Malcolm Ziglar","DB","North Carolina","ACC","defensive","TFL","0"
"2025","5219163","Malcolm Ziglar","DB","North Carolina","ACC","defensive","TOT","5"
"2025","5219163","Malcolm Ziglar","DB","North Carolina","ACC","interceptions","AVG","4.0"
"2025","5219163","Malcolm Ziglar","DB","North Carolina","ACC","interceptions","INT","1"
"2025","5219163","Malcolm Ziglar","DB","North Carolina","ACC","interceptions","TD","0"
"2025","5219163","Malcolm Ziglar","DB","North Carolina","ACC","interceptions","YDS","4"
"2025","5219169","Charleston French","RB","North Carolina","ACC","receiving","LONG","1"
"2025","5219169","Charleston French","RB","North Carolina","ACC","receiving","REC","1"
"2025","5219169","Charleston French","RB","North Carolina","ACC","receiving","TD","0"
"2025","5219169","Charleston French","RB","North Carolina","ACC","receiving","YDS","1"
"2025","5219169","Charleston French","RB","North Carolina","ACC","receiving","YPR","1.0"
"2025","5219169","Charleston French","RB","North Carolina","ACC","rushing","CAR","1"
"2025","5219169","Charleston French","RB","North Carolina","ACC","rushing","LONG","3"
"2025","5219169","Charleston French","RB","North Carolina","ACC","rushing","TD","0"
"2025","5219169","Charleston French","RB","North Carolina","ACC","rushing","YDS","3"
"2025","5219169","Charleston French","RB","North Carolina","ACC","rushing","YPC","3.0"
"2025","5219225","Zach Hernandez","RB","SMU","ACC","fumbles","FUM","1"
"2025","5219225","Zach Hernandez","RB","SMU","ACC","fumbles","LOST","1"
"2025","5219225","Zach Hernandez","RB","SMU","ACC","fumbles","REC","0"
"2025","5219225","Zach Hernandez","RB","SMU","ACC","rushing","CAR","2"
"2025","5219225","Zach Hernandez","RB","SMU","ACC","rushing","LONG","5"
"2025","5219225","Zach Hernandez","RB","SMU","ACC","rushing","TD","0"
"2025","5219225","Zach Hernandez","RB","SMU","ACC","rushing","YDS","9"
"2025","5219225","Zach Hernandez","RB","SMU","ACC","rushing","YPC","4.5"
"2025","5219230","Xavier Wright","LB","SMU","ACC","defensive","PD","0"
"2025","5219230","Xavier Wright","LB","SMU","ACC","defensive","QB HUR","0"
"2025","5219230","Xavier Wright","LB","SMU","ACC","defensive","SACKS","0"
"2025","5219230","Xavier Wright","LB","SMU","ACC","defensive","SOLO","2"
"2025","5219230","Xavier Wright","LB","SMU","ACC","defensive","TD","0"
"2025","5219230","Xavier Wright","LB","SMU","ACC","defensive","TFL","0"
"2025","5219230","Xavier Wright","LB","SMU","ACC","defensive","TOT","2"
"2025","5219233","Sam Keltner","PK","SMU","ACC","kicking","FGA","20"
"2025","5219233","Sam Keltner","PK","SMU","ACC","kicking","FGM","14"
"2025","5219233","Sam Keltner","PK","SMU","ACC","kicking","LONG","51"
"2025","5219233","Sam Keltner","PK","SMU","ACC","kicking","PCT","0.700"
"2025","5219233","Sam Keltner","PK","SMU","ACC","kicking","PTS","78"
"2025","5219233","Sam Keltner","PK","SMU","ACC","kicking","XPA","37"
"2025","5219233","Sam Keltner","PK","SMU","ACC","kicking","XPM","36"
"2025","5219242","Marcus Brown","WR","Stanford","ACC","receiving","LONG","21"
"2025","5219242","Marcus Brown","WR","Stanford","ACC","receiving","REC","12"
"2025","5219242","Marcus Brown","WR","Stanford","ACC","receiving","TD","1"
"2025","5219242","Marcus Brown","WR","Stanford","ACC","receiving","YDS","86"
"2025","5219242","Marcus Brown","WR","Stanford","ACC","receiving","YPR","7.2"
"2025","5219244","Charlie Eckhardt","S","Stanford","ACC","defensive","PD","3"
"2025","5219244","Charlie Eckhardt","S","Stanford","ACC","defensive","QB HUR","1"
"2025","5219244","Charlie Eckhardt","S","Stanford","ACC","defensive","SACKS","0"
"2025","5219244","Charlie Eckhardt","S","Stanford","ACC","defensive","SOLO","22"
"2025","5219244","Charlie Eckhardt","S","Stanford","ACC","defensive","TD","0"
"2025","5219244","Charlie Eckhardt","S","Stanford","ACC","defensive","TFL","2"
"2025","5219244","Charlie Eckhardt","S","Stanford","ACC","defensive","TOT","34"
"2025","5219250","Aiden Black","TE","Stanford","ACC","defensive","PD","0"
"2025","5219250","Aiden Black","TE","Stanford","ACC","defensive","QB HUR","0"
"2025","5219250","Aiden Black","TE","Stanford","ACC","defensive","SACKS","0"
"2025","5219250","Aiden Black","TE","Stanford","ACC","defensive","SOLO","1"
"2025","5219250","Aiden Black","TE","Stanford","ACC","defensive","TD","0"
"2025","5219250","Aiden Black","TE","Stanford","ACC","defensive","TFL","0"
"2025","5219250","Aiden Black","TE","Stanford","ACC","defensive","TOT","1"
"2025","5219251","AJ Seidler","PK","Stanford","ACC","kicking","FGA","0"
"2025","5219251","AJ Seidler","PK","Stanford","ACC","kicking","FGM","0"
"2025","5219251","AJ Seidler","PK","Stanford","ACC","kicking","LONG","0"
"2025","5219251","AJ Seidler","PK","Stanford","ACC","kicking","PCT","0"
"2025","5219251","AJ Seidler","PK","Stanford","ACC","kicking","PTS","1"
"2025","5219251","AJ Seidler","PK","Stanford","ACC","kicking","XPA","1"
"2025","5219251","AJ Seidler","PK","Stanford","ACC","kicking","XPM","1"
"2025","5219291","Keke Adams","S","Virginia","ACC","defensive","PD","0"
"2025","5219291","Keke Adams","S","Virginia","ACC","defensive","QB HUR","0"
"2025","5219291","Keke Adams","S","Virginia","ACC","defensive","SACKS","0"
"2025","5219291","Keke Adams","S","Virginia","ACC","defensive","SOLO","1"
"2025","5219291","Keke Adams","S","Virginia","ACC","defensive","TD","0"
"2025","5219291","Keke Adams","S","Virginia","ACC","defensive","TFL","0"
"2025","5219291","Keke Adams","S","Virginia","ACC","defensive","TOT","1"
"2025","5219298","Billy Koudelka","DE","Virginia","ACC","defensive","PD","0"
"2025","5219298","Billy Koudelka","DE","Virginia","ACC","defensive","QB HUR","2"
"2025","5219298","Billy Koudelka","DE","Virginia","ACC","defensive","SACKS","1"
"2025","5219298","Billy Koudelka","DE","Virginia","ACC","defensive","SOLO","4"
"2025","5219298","Billy Koudelka","DE","Virginia","ACC","defensive","TD","0"
"2025","5219298","Billy Koudelka","DE","Virginia","ACC","defensive","TFL","1.5"
"2025","5219298","Billy Koudelka","DE","Virginia","ACC","defensive","TOT","11"
"2025","5220007","Tank Boston","WR","NC State","ACC","receiving","LONG","6"
"2025","5220007","Tank Boston","WR","NC State","ACC","receiving","REC","2"
"2025","5220007","Tank Boston","WR","NC State","ACC","receiving","TD","0"
"2025","5220007","Tank Boston","WR","NC State","ACC","receiving","YDS","11"
"2025","5220007","Tank Boston","WR","NC State","ACC","receiving","YPR","5.5"
"2025","5220011","Dante Daniels","TE","NC State","ACC","receiving","LONG","22"
"2025","5220011","Dante Daniels","TE","NC State","ACC","receiving","REC","7"
"2025","5220011","Dante Daniels","TE","NC State","ACC","receiving","TD","1"
"2025","5220011","Dante Daniels","TE","NC State","ACC","receiving","YDS","74"
"2025","5220011","Dante Daniels","TE","NC State","ACC","receiving","YPR","10.6"
"2025","5220012","Logan Foust","LB","NC State","ACC","defensive","PD","0"
"2025","5220012","Logan Foust","LB","NC State","ACC","defensive","QB HUR","0"
"2025","5220012","Logan Foust","LB","NC State","ACC","defensive","SACKS","0"
"2025","5220012","Logan Foust","LB","NC State","ACC","defensive","SOLO","0"
"2025","5220012","Logan Foust","LB","NC State","ACC","defensive","TD","0"
"2025","5220012","Logan Foust","LB","NC State","ACC","defensive","TFL","0"
"2025","5220012","Logan Foust","LB","NC State","ACC","defensive","TOT","1"
"2025","5220013","Nick Koniecznski","PK","NC State","ACC","kicking","FGA","3"
"2025","5220013","Nick Koniecznski","PK","NC State","ACC","kicking","FGM","1"
"2025","5220013","Nick Koniecznski","PK","NC State","ACC","kicking","LONG","29"
"2025","5220013","Nick Koniecznski","PK","NC State","ACC","kicking","PCT","0.333"
"2025","5220013","Nick Koniecznski","PK","NC State","ACC","kicking","PTS","6"
"2025","5220013","Nick Koniecznski","PK","NC State","ACC","kicking","XPA","3"
"2025","5220013","Nick Koniecznski","PK","NC State","ACC","kicking","XPM","3"
"2025","5220013","Nick Koniecznski","PK","NC State","ACC","punting","In 20","0"
"2025","5220013","Nick Koniecznski","PK","NC State","ACC","punting","LONG","45"
"2025","5220013","Nick Koniecznski","PK","NC State","ACC","punting","NO","1"
"2025","5220013","Nick Koniecznski","PK","NC State","ACC","punting","TB","0"
"2025","5220013","Nick Koniecznski","PK","NC State","ACC","punting","YDS","45"
"2025","5220013","Nick Koniecznski","PK","NC State","ACC","punting","YPP","45.0"
"2025","5220614","Jacob Stewart","TE","Louisville","ACC","kickReturns","AVG","-6.0"
"2025","5220614","Jacob Stewart","TE","Louisville","ACC","kickReturns","LONG","0"
"2025","5220614","Jacob Stewart","TE","Louisville","ACC","kickReturns","NO","1"
"2025","5220614","Jacob Stewart","TE","Louisville","ACC","kickReturns","TD","0"
"2025","5220614","Jacob Stewart","TE","Louisville","ACC","kickReturns","YDS","-6"
"2025","5220614","Jacob Stewart","TE","Louisville","ACC","receiving","LONG","43"
"2025","5220614","Jacob Stewart","TE","Louisville","ACC","receiving","REC","4"
"2025","5220614","Jacob Stewart","TE","Louisville","ACC","receiving","TD","1"
"2025","5220614","Jacob Stewart","TE","Louisville","ACC","receiving","YDS","70"
"2025","5220614","Jacob Stewart","TE","Louisville","ACC","receiving","YPR","17.5"
"2025","5220893","Elijah Washington-Baker","TE","Syracuse","ACC","receiving","LONG","17"
"2025","5220893","Elijah Washington-Baker","TE","Syracuse","ACC","receiving","REC","1"
"2025","5220893","Elijah Washington-Baker","TE","Syracuse","ACC","receiving","TD","1"
"2025","5220893","Elijah Washington-Baker","TE","Syracuse","ACC","receiving","YDS","17"
"2025","5220893","Elijah Washington-Baker","TE","Syracuse","ACC","receiving","YPR","17.0"
"2025","5222362","Kage Payne","OL","NC State","ACC","defensive","PD","0"
"2025","5222362","Kage Payne","OL","NC State","ACC","defensive","QB HUR","1"
"2025","5222362","Kage Payne","OL","NC State","ACC","defensive","SACKS","0"
"2025","5222362","Kage Payne","OL","NC State","ACC","defensive","SOLO","0"
"2025","5222362","Kage Payne","OL","NC State","ACC","defensive","TD","0"
"2025","5222362","Kage Payne","OL","NC State","ACC","defensive","TFL","0"
"2025","5222362","Kage Payne","OL","NC State","ACC","defensive","TOT","0"
"2025","5222669","Jerron Blackwell","DB","Wake Forest","ACC","defensive","PD","0"
"2025","5222669","Jerron Blackwell","DB","Wake Forest","ACC","defensive","QB HUR","0"
"2025","5222669","Jerron Blackwell","DB","Wake Forest","ACC","defensive","SACKS","0"
"2025","5222669","Jerron Blackwell","DB","Wake Forest","ACC","defensive","SOLO","2"
"2025","5222669","Jerron Blackwell","DB","Wake Forest","ACC","defensive","TD","0"
"2025","5222669","Jerron Blackwell","DB","Wake Forest","ACC","defensive","TFL","0"
"2025","5222669","Jerron Blackwell","DB","Wake Forest","ACC","defensive","TOT","2"
"2025","5222676","Brady Clough","TE","Boston College","ACC","receiving","LONG","5"
"2025","5222676","Brady Clough","TE","Boston College","ACC","receiving","REC","1"
"2025","5222676","Brady Clough","TE","Boston College","ACC","receiving","TD","0"
"2025","5222676","Brady Clough","TE","Boston College","ACC","receiving","YDS","5"
"2025","5222676","Brady Clough","TE","Boston College","ACC","receiving","YPR","5.0"
"2025","5222688","Michael Landolfi","WR","Boston College","ACC","puntReturns","AVG","24.0"
"2025","5222688","Michael Landolfi","WR","Boston College","ACC","puntReturns","LONG","24"
"2025","5222688","Michael Landolfi","WR","Boston College","ACC","puntReturns","NO","1"
"2025","5222688","Michael Landolfi","WR","Boston College","ACC","puntReturns","TD","0"
"2025","5222688","Michael Landolfi","WR","Boston College","ACC","puntReturns","YDS","24"
"2025","5222689","John Montague","WR","Boston College","ACC","defensive","PD","0"
"2025","5222689","John Montague","WR","Boston College","ACC","defensive","QB HUR","0"
"2025","5222689","John Montague","WR","Boston College","ACC","defensive","SACKS","0"
"2025","5222689","John Montague","WR","Boston College","ACC","defensive","SOLO","0"
"2025","5222689","John Montague","WR","Boston College","ACC","defensive","TD","0"
"2025","5222689","John Montague","WR","Boston College","ACC","defensive","TFL","0"
"2025","5222689","John Montague","WR","Boston College","ACC","defensive","TOT","1"
"2025","5222701","Antonio Cromartie Jr.","DB","Florida State","ACC","defensive","PD","0"
"2025","5222701","Antonio Cromartie Jr.","DB","Florida State","ACC","defensive","QB HUR","0"
"2025","5222701","Antonio Cromartie Jr.","DB","Florida State","ACC","defensive","SACKS","0"
"2025","5222701","Antonio Cromartie Jr.","DB","Florida State","ACC","defensive","SOLO","1"
"2025","5222701","Antonio Cromartie Jr.","DB","Florida State","ACC","defensive","TD","0"
"2025","5222701","Antonio Cromartie Jr.","DB","Florida State","ACC","defensive","TFL","0"
"2025","5222701","Antonio Cromartie Jr.","DB","Florida State","ACC","defensive","TOT","3"
"2025","5225317","Favor Bate","DL","Boston College","ACC","defensive","PD","2"
"2025","5225317","Favor Bate","DL","Boston College","ACC","defensive","QB HUR","2"
"2025","5225317","Favor Bate","DL","Boston College","ACC","defensive","SACKS","1"
"2025","5225317","Favor Bate","DL","Boston College","ACC","defensive","SOLO","7"
"2025","5225317","Favor Bate","DL","Boston College","ACC","defensive","TD","0"
"2025","5225317","Favor Bate","DL","Boston College","ACC","defensive","TFL","1"
"2025","5225317","Favor Bate","DL","Boston College","ACC","defensive","TOT","14"
"2025","5225317","Favor Bate","DL","Boston College","ACC","fumbles","FUM","0"
"2025","5225317","Favor Bate","DL","Boston College","ACC","fumbles","LOST","0"
"2025","5225317","Favor Bate","DL","Boston College","ACC","fumbles","REC","1"
"2025","5225740","Tristan Smith","WR","Clemson","ACC","defensive","PD","0"
"2025","5225740","Tristan Smith","WR","Clemson","ACC","defensive","QB HUR","0"
"2025","5225740","Tristan Smith","WR","Clemson","ACC","defensive","SACKS","0"
"2025","5225740","Tristan Smith","WR","Clemson","ACC","defensive","SOLO","1"
"2025","5225740","Tristan Smith","WR","Clemson","ACC","defensive","TD","0"
"2025","5225740","Tristan Smith","WR","Clemson","ACC","defensive","TFL","0"
"2025","5225740","Tristan Smith","WR","Clemson","ACC","defensive","TOT","1"
"2025","5225740","Tristan Smith","WR","Clemson","ACC","kickReturns","AVG","0.0"
"2025","5225740","Tristan Smith","WR","Clemson","ACC","kickReturns","LONG","0"
"2025","5225740","Tristan Smith","WR","Clemson","ACC","kickReturns","NO","1"
"2025","5225740","Tristan Smith","WR","Clemson","ACC","kickReturns","TD","0"
"2025","5225740","Tristan Smith","WR","Clemson","ACC","kickReturns","YDS","0"
"2025","5225740","Tristan Smith","WR","Clemson","ACC","receiving","LONG","23"
"2025","5225740","Tristan Smith","WR","Clemson","ACC","receiving","REC","24"
"2025","5225740","Tristan Smith","WR","Clemson","ACC","receiving","TD","1"
"2025","5225740","Tristan Smith","WR","Clemson","ACC","receiving","YDS","239"
"2025","5225740","Tristan Smith","WR","Clemson","ACC","receiving","YPR","10.0"
"2025","5226976","OJ Frederique Jr.","DB","Miami","ACC","defensive","PD","7"
"2025","5226976","OJ Frederique Jr.","DB","Miami","ACC","defensive","QB HUR","0"
"2025","5226976","OJ Frederique Jr.","DB","Miami","ACC","defensive","SACKS","0"
"2025","5226976","OJ Frederique Jr.","DB","Miami","ACC","defensive","SOLO","12"
"2025","5226976","OJ Frederique Jr.","DB","Miami","ACC","defensive","TD","0"
"2025","5226976","OJ Frederique Jr.","DB","Miami","ACC","defensive","TFL","0"
"2025","5226976","OJ Frederique Jr.","DB","Miami","ACC","defensive","TOT","19"
"2025","5226986","Andres Williams","DB","Miami","ACC","defensive","PD","0"
"2025","5226986","Andres Williams","DB","Miami","ACC","defensive","QB HUR","0"
"2025","5226986","Andres Williams","DB","Miami","ACC","defensive","SACKS","0"
"2025","5226986","Andres Williams","DB","Miami","ACC","defensive","SOLO","1"
"2025","5226986","Andres Williams","DB","Miami","ACC","defensive","TD","0"
"2025","5226986","Andres Williams","DB","Miami","ACC","defensive","TFL","0"
"2025","5226986","Andres Williams","DB","Miami","ACC","defensive","TOT","1"
"2025","5227532","Breylan Thompson","CB","Stanford","ACC","defensive","PD","0"
"2025","5227532","Breylan Thompson","CB","Stanford","ACC","defensive","QB HUR","0"
"2025","5227532","Breylan Thompson","CB","Stanford","ACC","defensive","SACKS","0"
"2025","5227532","Breylan Thompson","CB","Stanford","ACC","defensive","SOLO","1"
"2025","5227532","Breylan Thompson","CB","Stanford","ACC","defensive","TD","0"
"2025","5227532","Breylan Thompson","CB","Stanford","ACC","defensive","TFL","0"
"2025","5227532","Breylan Thompson","CB","Stanford","ACC","defensive","TOT","2"
"2025","5228152","Connor Calvert","PK","Wake Forest","ACC","kicking","FGA","22"
"2025","5228152","Connor Calvert","PK","Wake Forest","ACC","kicking","FGM","18"
"2025","5228152","Connor Calvert","PK","Wake Forest","ACC","kicking","LONG","50"
"2025","5228152","Connor Calvert","PK","Wake Forest","ACC","kicking","PCT","0.818"
"2025","5228152","Connor Calvert","PK","Wake Forest","ACC","kicking","PTS","86"
"2025","5228152","Connor Calvert","PK","Wake Forest","ACC","kicking","XPA","32"
"2025","5228152","Connor Calvert","PK","Wake Forest","ACC","kicking","XPM","32"
"2025","5228607","Demon June","RB","North Carolina","ACC","fumbles","FUM","1"
"2025","5228607","Demon June","RB","North Carolina","ACC","fumbles","LOST","0"
"2025","5228607","Demon June","RB","North Carolina","ACC","fumbles","REC","0"
"2025","5228607","Demon June","RB","North Carolina","ACC","receiving","LONG","72"
"2025","5228607","Demon June","RB","North Carolina","ACC","receiving","REC","17"
"2025","5228607","Demon June","RB","North Carolina","ACC","receiving","TD","1"
"2025","5228607","Demon June","RB","North Carolina","ACC","receiving","YDS","159"
"2025","5228607","Demon June","RB","North Carolina","ACC","receiving","YPR","9.4"
"2025","5228607","Demon June","RB","North Carolina","ACC","rushing","CAR","84"
"2025","5228607","Demon June","RB","North Carolina","ACC","rushing","LONG","50"
"2025","5228607","Demon June","RB","North Carolina","ACC","rushing","TD","2"
"2025","5228607","Demon June","RB","North Carolina","ACC","rushing","YDS","464"
"2025","5228607","Demon June","RB","North Carolina","ACC","rushing","YPC","5.5"
"2025","5230256","Josh Jones","CB","Virginia Tech","ACC","defensive","PD","0"
"2025","5230256","Josh Jones","CB","Virginia Tech","ACC","defensive","QB HUR","0"
"2025","5230256","Josh Jones","CB","Virginia Tech","ACC","defensive","SACKS","0"
"2025","5230256","Josh Jones","CB","Virginia Tech","ACC","defensive","SOLO","0"
"2025","5230256","Josh Jones","CB","Virginia Tech","ACC","defensive","TD","0"
"2025","5230256","Josh Jones","CB","Virginia Tech","ACC","defensive","TFL","0.5"
"2025","5230256","Josh Jones","CB","Virginia Tech","ACC","defensive","TOT","1"
"2025","5231354","Caden High","WR","Stanford","ACC","kickReturns","AVG","19.8"
"2025","5231354","Caden High","WR","Stanford","ACC","kickReturns","LONG","27"
"2025","5231354","Caden High","WR","Stanford","ACC","kickReturns","NO","12"
"2025","5231354","Caden High","WR","Stanford","ACC","kickReturns","TD","0"
"2025","5231354","Caden High","WR","Stanford","ACC","kickReturns","YDS","237"
"2025","5231354","Caden High","WR","Stanford","ACC","puntReturns","AVG","1.0"
"2025","5231354","Caden High","WR","Stanford","ACC","puntReturns","LONG","2"
"2025","5231354","Caden High","WR","Stanford","ACC","puntReturns","NO","2"
"2025","5231354","Caden High","WR","Stanford","ACC","puntReturns","TD","0"
"2025","5231354","Caden High","WR","Stanford","ACC","puntReturns","YDS","2"
"2025","5231354","Caden High","WR","Stanford","ACC","receiving","LONG","34"
"2025","5231354","Caden High","WR","Stanford","ACC","receiving","REC","37"
"2025","5231354","Caden High","WR","Stanford","ACC","receiving","TD","1"
"2025","5231354","Caden High","WR","Stanford","ACC","receiving","YDS","414"
"2025","5231354","Caden High","WR","Stanford","ACC","receiving","YPR","11.2"
"2025","5231354","Caden High","WR","Stanford","ACC","rushing","CAR","2"
"2025","5231354","Caden High","WR","Stanford","ACC","rushing","LONG","2"
"2025","5231354","Caden High","WR","Stanford","ACC","rushing","TD","0"
"2025","5231354","Caden High","WR","Stanford","ACC","rushing","YDS","-5"
"2025","5231354","Caden High","WR","Stanford","ACC","rushing","YPC","-2.5"
"2025","5235453","Davien Kerr","DB","Syracuse","ACC","defensive","PD","1"
"2025","5235453","Davien Kerr","DB","Syracuse","ACC","defensive","QB HUR","0"
"2025","5235453","Davien Kerr","DB","Syracuse","ACC","defensive","SACKS","0"
"2025","5235453","Davien Kerr","DB","Syracuse","ACC","defensive","SOLO","13"
"2025","5235453","Davien Kerr","DB","Syracuse","ACC","defensive","TD","0"
"2025","5235453","Davien Kerr","DB","Syracuse","ACC","defensive","TFL","0"
"2025","5235453","Davien Kerr","DB","Syracuse","ACC","defensive","TOT","15"
"2025","5235453","Davien Kerr","DB","Syracuse","ACC","fumbles","FUM","1"
"2025","5235453","Davien Kerr","DB","Syracuse","ACC","fumbles","LOST","0"
"2025","5235453","Davien Kerr","DB","Syracuse","ACC","fumbles","REC","0"
"2025","5235453","Davien Kerr","DB","Syracuse","ACC","interceptions","AVG","20.3"
"2025","5235453","Davien Kerr","DB","Syracuse","ACC","interceptions","INT","3"
"2025","5235453","Davien Kerr","DB","Syracuse","ACC","interceptions","TD","0"
"2025","5235453","Davien Kerr","DB","Syracuse","ACC","interceptions","YDS","61"
"2025","5235453","Davien Kerr","DB","Syracuse","ACC","puntReturns","AVG","3.2"
"2025","5235453","Davien Kerr","DB","Syracuse","ACC","puntReturns","LONG","17"
"2025","5235453","Davien Kerr","DB","Syracuse","ACC","puntReturns","NO","6"
"2025","5235453","Davien Kerr","DB","Syracuse","ACC","puntReturns","TD","0"
"2025","5235453","Davien Kerr","DB","Syracuse","ACC","puntReturns","YDS","19"
"2025","5236220","Kellen Wiley Jr.","LB","Miami","ACC","defensive","PD","1"
"2025","5236220","Kellen Wiley Jr.","LB","Miami","ACC","defensive","QB HUR","0"
"2025","5236220","Kellen Wiley Jr.","LB","Miami","ACC","defensive","SACKS","0"
"2025","5236220","Kellen Wiley Jr.","LB","Miami","ACC","defensive","SOLO","3"
"2025","5236220","Kellen Wiley Jr.","LB","Miami","ACC","defensive","TD","0"
"2025","5236220","Kellen Wiley Jr.","LB","Miami","ACC","defensive","TFL","0"
"2025","5236220","Kellen Wiley Jr.","LB","Miami","ACC","defensive","TOT","6"
"2025","5236287","Tyler Folmar","OL","Louisville","ACC","defensive","PD","0"
"2025","5236287","Tyler Folmar","OL","Louisville","ACC","defensive","QB HUR","0"
"2025","5236287","Tyler Folmar","OL","Louisville","ACC","defensive","SACKS","0"
"2025","5236287","Tyler Folmar","OL","Louisville","ACC","defensive","SOLO","1"
"2025","5236287","Tyler Folmar","OL","Louisville","ACC","defensive","TD","0"
"2025","5236287","Tyler Folmar","OL","Louisville","ACC","defensive","TFL","0"
"2025","5236287","Tyler Folmar","OL","Louisville","ACC","defensive","TOT","1"
"2025","5239156","Jack Foley","WR","Wake Forest","ACC","receiving","LONG","64"
"2025","5239156","Jack Foley","WR","Wake Forest","ACC","receiving","REC","1"
"2025","5239156","Jack Foley","WR","Wake Forest","ACC","receiving","TD","1"
"2025","5239156","Jack Foley","WR","Wake Forest","ACC","receiving","YDS","64"
"2025","5239156","Jack Foley","WR","Wake Forest","ACC","receiving","YPR","64.0"
"2025","5239158","Brennan Johnson","S","Virginia Tech","ACC","defensive","PD","0"
"2025","5239158","Brennan Johnson","S","Virginia Tech","ACC","defensive","QB HUR","0"
"2025","5239158","Brennan Johnson","S","Virginia Tech","ACC","defensive","SACKS","0"
"2025","5239158","Brennan Johnson","S","Virginia Tech","ACC","defensive","SOLO","4"
"2025","5239158","Brennan Johnson","S","Virginia Tech","ACC","defensive","TD","0"
"2025","5239158","Brennan Johnson","S","Virginia Tech","ACC","defensive","TFL","0.5"
"2025","5239158","Brennan Johnson","S","Virginia Tech","ACC","defensive","TOT","17"
"2025","5239197","Nissi Ogbebor","DL","Syracuse","ACC","defensive","PD","0"
"2025","5239197","Nissi Ogbebor","DL","Syracuse","ACC","defensive","QB HUR","0"
"2025","5239197","Nissi Ogbebor","DL","Syracuse","ACC","defensive","SACKS","0"
"2025","5239197","Nissi Ogbebor","DL","Syracuse","ACC","defensive","SOLO","3"
"2025","5239197","Nissi Ogbebor","DL","Syracuse","ACC","defensive","TD","0"
"2025","5239197","Nissi Ogbebor","DL","Syracuse","ACC","defensive","TFL","0"
"2025","5239197","Nissi Ogbebor","DL","Syracuse","ACC","defensive","TOT","4"
"2025","5245415","Davion Kerr","DB","Syracuse","ACC","defensive","PD","0"
"2025","5245415","Davion Kerr","DB","Syracuse","ACC","defensive","QB HUR","0"
"2025","5245415","Davion Kerr","DB","Syracuse","ACC","defensive","SACKS","0"
"2025","5245415","Davion Kerr","DB","Syracuse","ACC","defensive","SOLO","1"
"2025","5245415","Davion Kerr","DB","Syracuse","ACC","defensive","TD","0"
"2025","5245415","Davion Kerr","DB","Syracuse","ACC","defensive","TFL","0"
"2025","5245415","Davion Kerr","DB","Syracuse","ACC","defensive","TOT","1"
"2025","5245415","Davion Kerr","DB","Syracuse","ACC","kickReturns","AVG","19.8"
"2025","5245415","Davion Kerr","DB","Syracuse","ACC","kickReturns","LONG","37"
"2025","5245415","Davion Kerr","DB","Syracuse","ACC","kickReturns","NO","6"
"2025","5245415","Davion Kerr","DB","Syracuse","ACC","kickReturns","TD","0"
"2025","5245415","Davion Kerr","DB","Syracuse","ACC","kickReturns","YDS","119"
"2025","5245415","Davion Kerr","DB","Syracuse","ACC","receiving","LONG","9"
"2025","5245415","Davion Kerr","DB","Syracuse","ACC","receiving","REC","2"
"2025","5245415","Davion Kerr","DB","Syracuse","ACC","receiving","TD","0"
"2025","5245415","Davion Kerr","DB","Syracuse","ACC","receiving","YDS","13"
"2025","5245415","Davion Kerr","DB","Syracuse","ACC","receiving","YPR","6.5"
"2025","5245415","Davion Kerr","DB","Syracuse","ACC","rushing","CAR","5"
"2025","5245415","Davion Kerr","DB","Syracuse","ACC","rushing","LONG","2"
"2025","5245415","Davion Kerr","DB","Syracuse","ACC","rushing","TD","0"
"2025","5245415","Davion Kerr","DB","Syracuse","ACC","rushing","YDS","-3"
"2025","5245415","Davion Kerr","DB","Syracuse","ACC","rushing","YPC","-0.6"
"2025","5250264","Kaelan Chudzinski","TE","Boston College","ACC","receiving","LONG","45"
"2025","5250264","Kaelan Chudzinski","TE","Boston College","ACC","receiving","REC","24"
"2025","5250264","Kaelan Chudzinski","TE","Boston College","ACC","receiving","TD","4"
"2025","5250264","Kaelan Chudzinski","TE","Boston College","ACC","receiving","YDS","313"
"2025","5250264","Kaelan Chudzinski","TE","Boston College","ACC","receiving","YPR","13.0"
"2025","5250468","Andy Quinn","PK","Boston College","ACC","punting","In 20","1"
"2025","5250468","Andy Quinn","PK","Boston College","ACC","punting","LONG","68"
"2025","5250468","Andy Quinn","PK","Boston College","ACC","punting","NO","2"
"2025","5250468","Andy Quinn","PK","Boston College","ACC","punting","TB","0"
"2025","5250468","Andy Quinn","PK","Boston College","ACC","punting","YDS","110"
"2025","5250468","Andy Quinn","PK","Boston College","ACC","punting","YPP","55.0"
"2025","5257397","Andrew Pellicciotta","S","Duke","ACC","defensive","PD","2"
"2025","5257397","Andrew Pellicciotta","S","Duke","ACC","defensive","QB HUR","0"
"2025","5257397","Andrew Pellicciotta","S","Duke","ACC","defensive","SACKS","0"
"2025","5257397","Andrew Pellicciotta","S","Duke","ACC","defensive","SOLO","14"
"2025","5257397","Andrew Pellicciotta","S","Duke","ACC","defensive","TD","0"
"2025","5257397","Andrew Pellicciotta","S","Duke","ACC","defensive","TFL","0.5"
"2025","5257397","Andrew Pellicciotta","S","Duke","ACC","defensive","TOT","26"
"2025","5257397","Andrew Pellicciotta","S","Duke","ACC","interceptions","AVG","34.0"
"2025","5257397","Andrew Pellicciotta","S","Duke","ACC","interceptions","INT","1"
"2025","5257397","Andrew Pellicciotta","S","Duke","ACC","interceptions","TD","0"
"2025","5257397","Andrew Pellicciotta","S","Duke","ACC","interceptions","YDS","34"
"2025","5257984","Chris Garland","CB","Stanford","ACC","defensive","PD","1"
"2025","5257984","Chris Garland","CB","Stanford","ACC","defensive","QB HUR","0"
"2025","5257984","Chris Garland","CB","Stanford","ACC","defensive","SACKS","0"
"2025","5257984","Chris Garland","CB","Stanford","ACC","defensive","SOLO","4"
"2025","5257984","Chris Garland","CB","Stanford","ACC","defensive","TD","0"
"2025","5257984","Chris Garland","CB","Stanford","ACC","defensive","TFL","0"
"2025","5257984","Chris Garland","CB","Stanford","ACC","defensive","TOT","4"
"2025","5258259","Jojo Crim","CB","Virginia Tech","ACC","defensive","PD","0"
"2025","5258259","Jojo Crim","CB","Virginia Tech","ACC","defensive","QB HUR","0"
"2025","5258259","Jojo Crim","CB","Virginia Tech","ACC","defensive","SACKS","0"
"2025","5258259","Jojo Crim","CB","Virginia Tech","ACC","defensive","SOLO","4"
"2025","5258259","Jojo Crim","CB","Virginia Tech","ACC","defensive","TD","0"
"2025","5258259","Jojo Crim","CB","Virginia Tech","ACC","defensive","TFL","0"
"2025","5258259","Jojo Crim","CB","Virginia Tech","ACC","defensive","TOT","8"
"2025","5260847","Marcellous Hawkins","RB","Virginia Tech","ACC","receiving","LONG","19"
"2025","5260847","Marcellous Hawkins","RB","Virginia Tech","ACC","receiving","REC","12"
"2025","5260847","Marcellous Hawkins","RB","Virginia Tech","ACC","receiving","TD","1"
"2025","5260847","Marcellous Hawkins","RB","Virginia Tech","ACC","receiving","YDS","74"
"2025","5260847","Marcellous Hawkins","RB","Virginia Tech","ACC","receiving","YPR","6.2"
"2025","5260847","Marcellous Hawkins","RB","Virginia Tech","ACC","rushing","CAR","118"
"2025","5260847","Marcellous Hawkins","RB","Virginia Tech","ACC","rushing","LONG","40"
"2025","5260847","Marcellous Hawkins","RB","Virginia Tech","ACC","rushing","TD","1"
"2025","5260847","Marcellous Hawkins","RB","Virginia Tech","ACC","rushing","YDS","749"
"2025","5260847","Marcellous Hawkins","RB","Virginia Tech","ACC","rushing","YPC","6.3"
"2025","5261482","Joseph Reddish","CB","Virginia Tech","ACC","defensive","PD","0"
"2025","5261482","Joseph Reddish","CB","Virginia Tech","ACC","defensive","QB HUR","0"
"2025","5261482","Joseph Reddish","CB","Virginia Tech","ACC","defensive","SACKS","0"
"2025","5261482","Joseph Reddish","CB","Virginia Tech","ACC","defensive","SOLO","11"
"2025","5261482","Joseph Reddish","CB","Virginia Tech","ACC","defensive","TD","0"
"2025","5261482","Joseph Reddish","CB","Virginia Tech","ACC","defensive","TFL","2"
"2025","5261482","Joseph Reddish","CB","Virginia Tech","ACC","defensive","TOT","16"
"2025","5261613","Tylik Hill","RB","Syracuse","ACC","kickReturns","AVG","22.3"
"2025","5261613","Tylik Hill","RB","Syracuse","ACC","kickReturns","LONG","38"
"2025","5261613","Tylik Hill","RB","Syracuse","ACC","kickReturns","NO","12"
"2025","5261613","Tylik Hill","RB","Syracuse","ACC","kickReturns","TD","0"
"2025","5261613","Tylik Hill","RB","Syracuse","ACC","kickReturns","YDS","267"
"2025","5261613","Tylik Hill","RB","Syracuse","ACC","receiving","LONG","4"
"2025","5261613","Tylik Hill","RB","Syracuse","ACC","receiving","REC","1"
"2025","5261613","Tylik Hill","RB","Syracuse","ACC","receiving","TD","0"
"2025","5261613","Tylik Hill","RB","Syracuse","ACC","receiving","YDS","4"
"2025","5261613","Tylik Hill","RB","Syracuse","ACC","receiving","YPR","4.0"
"2025","5261613","Tylik Hill","RB","Syracuse","ACC","rushing","CAR","24"
"2025","5261613","Tylik Hill","RB","Syracuse","ACC","rushing","LONG","15"
"2025","5261613","Tylik Hill","RB","Syracuse","ACC","rushing","TD","0"
"2025","5261613","Tylik Hill","RB","Syracuse","ACC","rushing","YDS","129"
"2025","5261613","Tylik Hill","RB","Syracuse","ACC","rushing","YPC","5.4"
"2025","5263574","LaCorian Hodge","LB","NC State","ACC","defensive","PD","0"
"2025","5263574","LaCorian Hodge","LB","NC State","ACC","defensive","QB HUR","0"
"2025","5263574","LaCorian Hodge","LB","NC State","ACC","defensive","SACKS","0"
"2025","5263574","LaCorian Hodge","LB","NC State","ACC","defensive","SOLO","2"
"2025","5263574","LaCorian Hodge","LB","NC State","ACC","defensive","TD","0"
"2025","5263574","LaCorian Hodge","LB","NC State","ACC","defensive","TFL","0"
"2025","5263574","LaCorian Hodge","LB","NC State","ACC","defensive","TOT","5"
"2025","5265128","Shanard Clower","WR","North Carolina","ACC","fumbles","FUM","1"
"2025","5265128","Shanard Clower","WR","North Carolina","ACC","fumbles","LOST","1"
"2025","5265128","Shanard Clower","WR","North Carolina","ACC","fumbles","REC","0"
"2025","5265128","Shanard Clower","WR","North Carolina","ACC","kickReturns","AVG","20.5"
"2025","5265128","Shanard Clower","WR","North Carolina","ACC","kickReturns","LONG","25"
"2025","5265128","Shanard Clower","WR","North Carolina","ACC","kickReturns","NO","4"
"2025","5265128","Shanard Clower","WR","North Carolina","ACC","kickReturns","TD","0"
"2025","5265128","Shanard Clower","WR","North Carolina","ACC","kickReturns","YDS","82"
"2025","5265128","Shanard Clower","WR","North Carolina","ACC","receiving","LONG","31"
"2025","5265128","Shanard Clower","WR","North Carolina","ACC","receiving","REC","12"
"2025","5265128","Shanard Clower","WR","North Carolina","ACC","receiving","TD","0"
"2025","5265128","Shanard Clower","WR","North Carolina","ACC","receiving","YDS","98"
"2025","5265128","Shanard Clower","WR","North Carolina","ACC","receiving","YPR","8.2"
"2025","5265128","Shanard Clower","WR","North Carolina","ACC","rushing","CAR","1"
"2025","5265128","Shanard Clower","WR","North Carolina","ACC","rushing","LONG","12"
"2025","5265128","Shanard Clower","WR","North Carolina","ACC","rushing","TD","0"
"2025","5265128","Shanard Clower","WR","North Carolina","ACC","rushing","YDS","12"
"2025","5265128","Shanard Clower","WR","North Carolina","ACC","rushing","YPC","12.0"
"2025","5265269","Rashan Murray","DB","Pittsburgh","ACC","defensive","PD","1"
"2025","5265269","Rashan Murray","DB","Pittsburgh","ACC","defensive","QB HUR","0"
"2025","5265269","Rashan Murray","DB","Pittsburgh","ACC","defensive","SACKS","0"
"2025","5265269","Rashan Murray","DB","Pittsburgh","ACC","defensive","SOLO","1"
"2025","5265269","Rashan Murray","DB","Pittsburgh","ACC","defensive","TD","0"
"2025","5265269","Rashan Murray","DB","Pittsburgh","ACC","defensive","TFL","0"
"2025","5265269","Rashan Murray","DB","Pittsburgh","ACC","defensive","TOT","1"
"2025","5265448","Trey Giddens","DL","North Carolina","ACC","defensive","PD","0"
"2025","5265448","Trey Giddens","DL","North Carolina","ACC","defensive","QB HUR","0"
"2025","5265448","Trey Giddens","DL","North Carolina","ACC","defensive","SACKS","0"
"2025","5265448","Trey Giddens","DL","North Carolina","ACC","defensive","SOLO","0"
"2025","5265448","Trey Giddens","DL","North Carolina","ACC","defensive","TD","0"
"2025","5265448","Trey Giddens","DL","North Carolina","ACC","defensive","TFL","0"
"2025","5265448","Trey Giddens","DL","North Carolina","ACC","defensive","TOT","2"
"2025","5280992","E'Lla Boykin","DL","Boston College","ACC","defensive","PD","0"
"2025","5280992","E'Lla Boykin","DL","Boston College","ACC","defensive","QB HUR","1"
"2025","5280992","E'Lla Boykin","DL","Boston College","ACC","defensive","SACKS","0"
"2025","5280992","E'Lla Boykin","DL","Boston College","ACC","defensive","SOLO","16"
"2025","5280992","E'Lla Boykin","DL","Boston College","ACC","defensive","TD","0"
"2025","5280992","E'Lla Boykin","DL","Boston College","ACC","defensive","TFL","2.5"
"2025","5280992","E'Lla Boykin","DL","Boston College","ACC","defensive","TOT","19"
"2025","5294076","Greyson Labiad","TE","Florida State","ACC","receiving","LONG","6"
"2025","5294076","Greyson Labiad","TE","Florida State","ACC","receiving","REC","1"
"2025","5294076","Greyson Labiad","TE","Florida State","ACC","receiving","TD","0"
"2025","5294076","Greyson Labiad","TE","Florida State","ACC","receiving","YDS","6"
"2025","5294076","Greyson Labiad","TE","Florida State","ACC","receiving","YPR","6.0"
"2025","5294077","Tyeland Coleman","DL","Florida State","ACC","defensive","PD","0"
"2025","5294077","Tyeland Coleman","DL","Florida State","ACC","defensive","QB HUR","0"
"2025","5294077","Tyeland Coleman","DL","Florida State","ACC","defensive","SACKS","1"
"2025","5294077","Tyeland Coleman","DL","Florida State","ACC","defensive","SOLO","1"
"2025","5294077","Tyeland Coleman","DL","Florida State","ACC","defensive","TD","0"
"2025","5294077","Tyeland Coleman","DL","Florida State","ACC","defensive","TFL","1"
"2025","5294077","Tyeland Coleman","DL","Florida State","ACC","defensive","TOT","2"
"2025","5294109","Kalil Townes","RB","Wake Forest","ACC","defensive","PD","0"
"2025","5294109","Kalil Townes","RB","Wake Forest","ACC","defensive","QB HUR","0"
"2025","5294109","Kalil Townes","RB","Wake Forest","ACC","defensive","SACKS","0"
"2025","5294109","Kalil Townes","RB","Wake Forest","ACC","defensive","SOLO","1"
"2025","5294109","Kalil Townes","RB","Wake Forest","ACC","defensive","TD","0"
"2025","5294109","Kalil Townes","RB","Wake Forest","ACC","defensive","TFL","0"
"2025","5294109","Kalil Townes","RB","Wake Forest","ACC","defensive","TOT","1"
"2025","5294114","Owen Gardner","RB","Virginia","ACC","rushing","CAR","2"
"2025","5294114","Owen Gardner","RB","Virginia","ACC","rushing","LONG","3"
"2025","5294114","Owen Gardner","RB","Virginia","ACC","rushing","TD","0"
"2025","5294114","Owen Gardner","RB","Virginia","ACC","rushing","YDS","4"
"2025","5294114","Owen Gardner","RB","Virginia","ACC","rushing","YPC","2.0"
"2025","5294115","Montino Williams","S","Virginia","ACC","defensive","PD","1"
"2025","5294115","Montino Williams","S","Virginia","ACC","defensive","QB HUR","0"
"2025","5294115","Montino Williams","S","Virginia","ACC","defensive","SACKS","0"
"2025","5294115","Montino Williams","S","Virginia","ACC","defensive","SOLO","2"
"2025","5294115","Montino Williams","S","Virginia","ACC","defensive","TD","0"
"2025","5294115","Montino Williams","S","Virginia","ACC","defensive","TFL","0"
"2025","5294115","Montino Williams","S","Virginia","ACC","defensive","TOT","7"
"2025","5294117","Walker Wallace","TE","Virginia","ACC","defensive","PD","0"
"2025","5294117","Walker Wallace","TE","Virginia","ACC","defensive","QB HUR","0"
"2025","5294117","Walker Wallace","TE","Virginia","ACC","defensive","SACKS","0"
"2025","5294117","Walker Wallace","TE","Virginia","ACC","defensive","SOLO","1"
"2025","5294117","Walker Wallace","TE","Virginia","ACC","defensive","TD","0"
"2025","5294117","Walker Wallace","TE","Virginia","ACC","defensive","TFL","0"
"2025","5294117","Walker Wallace","TE","Virginia","ACC","defensive","TOT","1"
"2025","5294146","Charlie Reed","PK","Clemson","ACC","defensive","PD","0"
"2025","5294146","Charlie Reed","PK","Clemson","ACC","defensive","QB HUR","0"
"2025","5294146","Charlie Reed","PK","Clemson","ACC","defensive","SACKS","0"
"2025","5294146","Charlie Reed","PK","Clemson","ACC","defensive","SOLO","0"
"2025","5294146","Charlie Reed","PK","Clemson","ACC","defensive","TD","0"
"2025","5294146","Charlie Reed","PK","Clemson","ACC","defensive","TFL","0"
"2025","5294146","Charlie Reed","PK","Clemson","ACC","defensive","TOT","1"
"2025","5294561","Austin Alexander","LB","North Carolina","ACC","defensive","PD","0"
"2025","5294561","Austin Alexander","LB","North Carolina","ACC","defensive","QB HUR","0"
"2025","5294561","Austin Alexander","LB","North Carolina","ACC","defensive","SACKS","0"
"2025","5294561","Austin Alexander","LB","North Carolina","ACC","defensive","SOLO","1"
"2025","5294561","Austin Alexander","LB","North Carolina","ACC","defensive","TD","0"
"2025","5294561","Austin Alexander","LB","North Carolina","ACC","defensive","TFL","0"
"2025","5294561","Austin Alexander","LB","North Carolina","ACC","defensive","TOT","3"
"2025","5294564","Xavier Lewis","DL","North Carolina","ACC","defensive","PD","0"
"2025","5294564","Xavier Lewis","DL","North Carolina","ACC","defensive","QB HUR","0"
"2025","5294564","Xavier Lewis","DL","North Carolina","ACC","defensive","SACKS","0.5"
"2025","5294564","Xavier Lewis","DL","North Carolina","ACC","defensive","SOLO","4"
"2025","5294564","Xavier Lewis","DL","North Carolina","ACC","defensive","TD","0"
"2025","5294564","Xavier Lewis","DL","North Carolina","ACC","defensive","TFL","0.5"
"2025","5294564","Xavier Lewis","DL","North Carolina","ACC","defensive","TOT","8"
"2025","5295336","Link Rhodes","WR","SMU","ACC","defensive","PD","0"
"2025","5295336","Link Rhodes","WR","SMU","ACC","defensive","QB HUR","0"
"2025","5295336","Link Rhodes","WR","SMU","ACC","defensive","SACKS","0"
"2025","5295336","Link Rhodes","WR","SMU","ACC","defensive","SOLO","4"
"2025","5295336","Link Rhodes","WR","SMU","ACC","defensive","TD","0"
"2025","5295336","Link Rhodes","WR","SMU","ACC","defensive","TFL","0"
"2025","5295336","Link Rhodes","WR","SMU","ACC","defensive","TOT","6"
"2025","5295336","Link Rhodes","WR","SMU","ACC","fumbles","FUM","1"
"2025","5295336","Link Rhodes","WR","SMU","ACC","fumbles","LOST","0"
"2025","5295336","Link Rhodes","WR","SMU","ACC","fumbles","REC","2"
"2025","5295336","Link Rhodes","WR","SMU","ACC","kickReturns","AVG","19.1"
"2025","5295336","Link Rhodes","WR","SMU","ACC","kickReturns","LONG","40"
"2025","5295336","Link Rhodes","WR","SMU","ACC","kickReturns","NO","9"
"2025","5295336","Link Rhodes","WR","SMU","ACC","kickReturns","TD","0"
"2025","5295336","Link Rhodes","WR","SMU","ACC","kickReturns","YDS","172"
"2025","5295336","Link Rhodes","WR","SMU","ACC","receiving","LONG","12"
"2025","5295336","Link Rhodes","WR","SMU","ACC","receiving","REC","3"
"2025","5295336","Link Rhodes","WR","SMU","ACC","receiving","TD","0"
"2025","5295336","Link Rhodes","WR","SMU","ACC","receiving","YDS","30"
"2025","5295336","Link Rhodes","WR","SMU","ACC","receiving","YPR","10.0"
"2025","5295336","Link Rhodes","WR","SMU","ACC","rushing","CAR","2"
"2025","5295336","Link Rhodes","WR","SMU","ACC","rushing","LONG","0"
"2025","5295336","Link Rhodes","WR","SMU","ACC","rushing","TD","0"
"2025","5295336","Link Rhodes","WR","SMU","ACC","rushing","YDS","-4"
"2025","5295336","Link Rhodes","WR","SMU","ACC","rushing","YPC","-2.0"
"2025","5295337","La'Modrick Spencer","CB","SMU","ACC","defensive","PD","1"
"2025","5295337","La'Modrick Spencer","CB","SMU","ACC","defensive","QB HUR","1"
"2025","5295337","La'Modrick Spencer","CB","SMU","ACC","defensive","SACKS","0"
"2025","5295337","La'Modrick Spencer","CB","SMU","ACC","defensive","SOLO","6"
"2025","5295337","La'Modrick Spencer","CB","SMU","ACC","defensive","TD","0"
"2025","5295337","La'Modrick Spencer","CB","SMU","ACC","defensive","TFL","1"
"2025","5295337","La'Modrick Spencer","CB","SMU","ACC","defensive","TOT","9"
"2025","5295338","Ka'Davion Dotson-Walker","S","SMU","ACC","defensive","PD","0"
"2025","5295338","Ka'Davion Dotson-Walker","S","SMU","ACC","defensive","QB HUR","0"
"2025","5295338","Ka'Davion Dotson-Walker","S","SMU","ACC","defensive","SACKS","0"
"2025","5295338","Ka'Davion Dotson-Walker","S","SMU","ACC","defensive","SOLO","2"
"2025","5295338","Ka'Davion Dotson-Walker","S","SMU","ACC","defensive","TD","0"
"2025","5295338","Ka'Davion Dotson-Walker","S","SMU","ACC","defensive","TFL","0"
"2025","5295338","Ka'Davion Dotson-Walker","S","SMU","ACC","defensive","TOT","3"
"2025","5295339","Kyle Ferm","LB","SMU","ACC","defensive","PD","0"
"2025","5295339","Kyle Ferm","LB","SMU","ACC","defensive","QB HUR","0"
"2025","5295339","Kyle Ferm","LB","SMU","ACC","defensive","SACKS","0"
"2025","5295339","Kyle Ferm","LB","SMU","ACC","defensive","SOLO","1"
"2025","5295339","Kyle Ferm","LB","SMU","ACC","defensive","TD","0"
"2025","5295339","Kyle Ferm","LB","SMU","ACC","defensive","TFL","0"
"2025","5295339","Kyle Ferm","LB","SMU","ACC","defensive","TOT","1"
"2025","5295341","Wade McSparron","P","SMU","ACC","punting","In 20","16"
"2025","5295341","Wade McSparron","P","SMU","ACC","punting","LONG","63"
"2025","5295341","Wade McSparron","P","SMU","ACC","punting","NO","55"
"2025","5295341","Wade McSparron","P","SMU","ACC","punting","TB","5"
"2025","5295341","Wade McSparron","P","SMU","ACC","punting","YDS","2337"
"2025","5295341","Wade McSparron","P","SMU","ACC","punting","YPP","42.5"
"2025","5296066","Ethan Dowdy","WR","NC State","ACC","receiving","LONG","11"
"2025","5296066","Ethan Dowdy","WR","NC State","ACC","receiving","REC","3"
"2025","5296066","Ethan Dowdy","WR","NC State","ACC","receiving","TD","0"
"2025","5296066","Ethan Dowdy","WR","NC State","ACC","receiving","YDS","25"
"2025","5296066","Ethan Dowdy","WR","NC State","ACC","receiving","YPR","8.3"
"2025","5296067","Teddy Hoffmann","WR","NC State","ACC","fumbles","FUM","3"
"2025","5296067","Teddy Hoffmann","WR","NC State","ACC","fumbles","LOST","1"
"2025","5296067","Teddy Hoffmann","WR","NC State","ACC","fumbles","REC","0"
"2025","5296067","Teddy Hoffmann","WR","NC State","ACC","passing","ATT","1"
"2025","5296067","Teddy Hoffmann","WR","NC State","ACC","passing","COMPLETIONS","1"
"2025","5296067","Teddy Hoffmann","WR","NC State","ACC","passing","INT","0"
"2025","5296067","Teddy Hoffmann","WR","NC State","ACC","passing","PCT","1.000"
"2025","5296067","Teddy Hoffmann","WR","NC State","ACC","passing","TD","1"
"2025","5296067","Teddy Hoffmann","WR","NC State","ACC","passing","YDS","59"
"2025","5296067","Teddy Hoffmann","WR","NC State","ACC","passing","YPA","59.0"
"2025","5296067","Teddy Hoffmann","WR","NC State","ACC","puntReturns","AVG","4.0"
"2025","5296067","Teddy Hoffmann","WR","NC State","ACC","puntReturns","LONG","12"
"2025","5296067","Teddy Hoffmann","WR","NC State","ACC","puntReturns","NO","8"
"2025","5296067","Teddy Hoffmann","WR","NC State","ACC","puntReturns","TD","0"
"2025","5296067","Teddy Hoffmann","WR","NC State","ACC","puntReturns","YDS","32"
"2025","5296067","Teddy Hoffmann","WR","NC State","ACC","receiving","LONG","55"
"2025","5296067","Teddy Hoffmann","WR","NC State","ACC","receiving","REC","25"
"2025","5296067","Teddy Hoffmann","WR","NC State","ACC","receiving","TD","3"
"2025","5296067","Teddy Hoffmann","WR","NC State","ACC","receiving","YDS","349"
"2025","5296067","Teddy Hoffmann","WR","NC State","ACC","receiving","YPR","14.0"
"2025","5296067","Teddy Hoffmann","WR","NC State","ACC","rushing","CAR","1"
"2025","5296067","Teddy Hoffmann","WR","NC State","ACC","rushing","LONG","0"
"2025","5296067","Teddy Hoffmann","WR","NC State","ACC","rushing","TD","0"
"2025","5296067","Teddy Hoffmann","WR","NC State","ACC","rushing","YDS","-4"
"2025","5296067","Teddy Hoffmann","WR","NC State","ACC","rushing","YPC","-4.0"
"2025","5296107","Odera Okaka","LB","California","ACC","defensive","PD","0"
"2025","5296107","Odera Okaka","LB","California","ACC","defensive","QB HUR","0"
"2025","5296107","Odera Okaka","LB","California","ACC","defensive","SACKS","0"
"2025","5296107","Odera Okaka","LB","California","ACC","defensive","SOLO","2"
"2025","5296107","Odera Okaka","LB","California","ACC","defensive","TD","0"
"2025","5296107","Odera Okaka","LB","California","ACC","defensive","TFL","0"
"2025","5296107","Odera Okaka","LB","California","ACC","defensive","TOT","6"
"2025","5296136","Braxton Jennings","RB","Louisville","ACC","defensive","PD","0"
"2025","5296136","Braxton Jennings","RB","Louisville","ACC","defensive","QB HUR","0"
"2025","5296136","Braxton Jennings","RB","Louisville","ACC","defensive","SACKS","0"
"2025","5296136","Braxton Jennings","RB","Louisville","ACC","defensive","SOLO","0"
"2025","5296136","Braxton Jennings","RB","Louisville","ACC","defensive","TD","0"
"2025","5296136","Braxton Jennings","RB","Louisville","ACC","defensive","TFL","0"
"2025","5296136","Braxton Jennings","RB","Louisville","ACC","defensive","TOT","1"
"2025","5296136","Braxton Jennings","RB","Louisville","ACC","fumbles","FUM","2"
"2025","5296136","Braxton Jennings","RB","Louisville","ACC","fumbles","LOST","0"
"2025","5296136","Braxton Jennings","RB","Louisville","ACC","fumbles","REC","0"
"2025","5296136","Braxton Jennings","RB","Louisville","ACC","kickReturns","AVG","25.0"
"2025","5296136","Braxton Jennings","RB","Louisville","ACC","kickReturns","LONG","25"
"2025","5296136","Braxton Jennings","RB","Louisville","ACC","kickReturns","NO","2"
"2025","5296136","Braxton Jennings","RB","Louisville","ACC","kickReturns","TD","0"
"2025","5296136","Braxton Jennings","RB","Louisville","ACC","kickReturns","YDS","50"
"2025","5296136","Braxton Jennings","RB","Louisville","ACC","receiving","LONG","6"
"2025","5296136","Braxton Jennings","RB","Louisville","ACC","receiving","REC","2"
"2025","5296136","Braxton Jennings","RB","Louisville","ACC","receiving","TD","0"
"2025","5296136","Braxton Jennings","RB","Louisville","ACC","receiving","YDS","6"
"2025","5296136","Braxton Jennings","RB","Louisville","ACC","receiving","YPR","3.0"
"2025","5296136","Braxton Jennings","RB","Louisville","ACC","rushing","CAR","37"
"2025","5296136","Braxton Jennings","RB","Louisville","ACC","rushing","LONG","22"
"2025","5296136","Braxton Jennings","RB","Louisville","ACC","rushing","TD","1"
"2025","5296136","Braxton Jennings","RB","Louisville","ACC","rushing","YDS","200"
"2025","5296136","Braxton Jennings","RB","Louisville","ACC","rushing","YPC","5.4"
"2025","5296232","Justin Cook","RB","Pittsburgh","ACC","defensive","PD","0"
"2025","5296232","Justin Cook","RB","Pittsburgh","ACC","defensive","QB HUR","0"
"2025","5296232","Justin Cook","RB","Pittsburgh","ACC","defensive","SACKS","0"
"2025","5296232","Justin Cook","RB","Pittsburgh","ACC","defensive","SOLO","0"
"2025","5296232","Justin Cook","RB","Pittsburgh","ACC","defensive","TD","0"
"2025","5296232","Justin Cook","RB","Pittsburgh","ACC","defensive","TFL","0"
"2025","5296232","Justin Cook","RB","Pittsburgh","ACC","defensive","TOT","1"
"2025","5296232","Justin Cook","RB","Pittsburgh","ACC","receiving","LONG","11"
"2025","5296232","Justin Cook","RB","Pittsburgh","ACC","receiving","REC","8"
"2025","5296232","Justin Cook","RB","Pittsburgh","ACC","receiving","TD","0"
"2025","5296232","Justin Cook","RB","Pittsburgh","ACC","receiving","YDS","44"
"2025","5296232","Justin Cook","RB","Pittsburgh","ACC","receiving","YPR","5.5"
"2025","5296232","Justin Cook","RB","Pittsburgh","ACC","rushing","CAR","9"
"2025","5296232","Justin Cook","RB","Pittsburgh","ACC","rushing","LONG","13"
"2025","5296232","Justin Cook","RB","Pittsburgh","ACC","rushing","TD","0"
"2025","5296232","Justin Cook","RB","Pittsburgh","ACC","rushing","YDS","31"
"2025","5296232","Justin Cook","RB","Pittsburgh","ACC","rushing","YPC","3.4"
"2025","5296243","Trey Butkowski","PK","Pittsburgh","ACC","kicking","FGA","23"
"2025","5296243","Trey Butkowski","PK","Pittsburgh","ACC","kicking","FGM","20"
"2025","5296243","Trey Butkowski","PK","Pittsburgh","ACC","kicking","LONG","47"
"2025","5296243","Trey Butkowski","PK","Pittsburgh","ACC","kicking","PCT","0.870"
"2025","5296243","Trey Butkowski","PK","Pittsburgh","ACC","kicking","PTS","103"
"2025","5296243","Trey Butkowski","PK","Pittsburgh","ACC","kicking","XPA","43"
"2025","5296243","Trey Butkowski","PK","Pittsburgh","ACC","kicking","XPM","43"
"2025","5296818","Will Straka","LB","Boston College","ACC","defensive","PD","0"
"2025","5296818","Will Straka","LB","Boston College","ACC","defensive","QB HUR","1"
"2025","5296818","Will Straka","LB","Boston College","ACC","defensive","SACKS","0"
"2025","5296818","Will Straka","LB","Boston College","ACC","defensive","SOLO","1"
"2025","5296818","Will Straka","LB","Boston College","ACC","defensive","TD","0"
"2025","5296818","Will Straka","LB","Boston College","ACC","defensive","TFL","0"
"2025","5296818","Will Straka","LB","Boston College","ACC","defensive","TOT","2"
"2025","5297026","Joseph Filardi","QB","Syracuse","ACC","fumbles","FUM","2"
"2025","5297026","Joseph Filardi","QB","Syracuse","ACC","fumbles","LOST","1"
"2025","5297026","Joseph Filardi","QB","Syracuse","ACC","fumbles","REC","0"
"2025","5297026","Joseph Filardi","QB","Syracuse","ACC","passing","ATT","65"
"2025","5297026","Joseph Filardi","QB","Syracuse","ACC","passing","COMPLETIONS","31"
"2025","5297026","Joseph Filardi","QB","Syracuse","ACC","passing","INT","3"
"2025","5297026","Joseph Filardi","QB","Syracuse","ACC","passing","PCT","0.477"
"2025","5297026","Joseph Filardi","QB","Syracuse","ACC","passing","TD","1"
"2025","5297026","Joseph Filardi","QB","Syracuse","ACC","passing","YDS","226"
"2025","5297026","Joseph Filardi","QB","Syracuse","ACC","passing","YPA","3.5"
"2025","5297026","Joseph Filardi","QB","Syracuse","ACC","rushing","CAR","30"
"2025","5297026","Joseph Filardi","QB","Syracuse","ACC","rushing","LONG","26"
"2025","5297026","Joseph Filardi","QB","Syracuse","ACC","rushing","TD","1"
"2025","5297026","Joseph Filardi","QB","Syracuse","ACC","rushing","YDS","87"
"2025","5297026","Joseph Filardi","QB","Syracuse","ACC","rushing","YPC","2.9"
"2025","5298737","Bryce Fitzgerald","DB","Miami","ACC","defensive","PD","2"
"2025","5298737","Bryce Fitzgerald","DB","Miami","ACC","defensive","QB HUR","2"
"2025","5298737","Bryce Fitzgerald","DB","Miami","ACC","defensive","SACKS","1"
"2025","5298737","Bryce Fitzgerald","DB","Miami","ACC","defensive","SOLO","10"
"2025","5298737","Bryce Fitzgerald","DB","Miami","ACC","defensive","TD","0"
"2025","5298737","Bryce Fitzgerald","DB","Miami","ACC","defensive","TFL","1"
"2025","5298737","Bryce Fitzgerald","DB","Miami","ACC","defensive","TOT","16"
"2025","5298737","Bryce Fitzgerald","DB","Miami","ACC","interceptions","AVG","13.2"
"2025","5298737","Bryce Fitzgerald","DB","Miami","ACC","interceptions","INT","6"
"2025","5298737","Bryce Fitzgerald","DB","Miami","ACC","interceptions","TD","0"
"2025","5298737","Bryce Fitzgerald","DB","Miami","ACC","interceptions","YDS","79"
"2025","5304417","Cal Joseph","P","Wake Forest","ACC","punting","In 20","19"
"2025","5304417","Cal Joseph","P","Wake Forest","ACC","punting","LONG","55"
"2025","5304417","Cal Joseph","P","Wake Forest","ACC","punting","NO","63"
"2025","5304417","Cal Joseph","P","Wake Forest","ACC","punting","TB","2"
"2025","5304417","Cal Joseph","P","Wake Forest","ACC","punting","YDS","2402"
"2025","5304417","Cal Joseph","P","Wake Forest","ACC","punting","YPP","38.1"
